user_id,business_unit,role,region,manager_level,hire_date,assigned_access_date,rollout_wave,training_assigned_date,training_completed_date,training_format,manager_champion_flag,eligible_for_access_flag
U00001,Capital Markets,Associate,Canada - East,Individual Contributor,2020-01-13,2026-01-20,1,2026-01-19,,In-Person Workshop,False,True
U00002,Operations,Manager,US - Midwest,People Manager,2020-12-27,2026-01-20,1,2026-01-20,,Self-Paced eLearning,True,True
U00003,Wealth Management,Manager,APAC,People Manager,2020-10-23,2026-02-27,2,2026-02-26,2026-03-16,Manager-Led Briefing,False,True
U00004,Commercial Banking,Relationship Manager,Canada - West,Individual Contributor,2025-06-14,,2,2026-02-12,2026-03-03,Self-Paced eLearning,False,False
U00005,Retail Banking,Associate,Canada - East,Individual Contributor,2018-06-29,2026-06-15,6,2026-06-12,2026-06-22,Self-Paced eLearning,False,True
U00006,Corporate Functions,Analyst,US - Northeast,Individual Contributor,2025-05-23,2026-03-25,3,2026-03-18,,Self-Paced eLearning,False,False
U00007,Capital Markets,Associate,Canada - East,Individual Contributor,2024-08-08,2026-02-28,2,2026-02-22,2026-03-08,Manager-Led Briefing,False,True
U00008,Wealth Management,Relationship Manager,Canada - East,Individual Contributor,2024-07-30,2026-02-05,2,2026-02-01,2026-02-06,Live Virtual,False,True
U00009,Retail Banking,Relationship Manager,US - Northeast,Individual Contributor,2017-06-12,2026-01-24,1,2026-01-18,2026-01-21,Live Virtual,False,True
U00010,Operations,Operations Specialist,US - Northeast,Individual Contributor,2018-09-15,2026-04-19,4,2026-04-17,,Live Virtual,True,True
U00011,Operations,Associate,Canada - East,Individual Contributor,2020-07-04,2026-06-17,6,2026-06-10,2026-07-01,Self-Paced eLearning,False,True
U00012,Risk and Compliance,Risk Analyst,Canada - West,Individual Contributor,2021-03-07,2026-06-01,6,2026-06-01,,Live Virtual,False,True
U00013,Commercial Banking,Relationship Manager,Canada - West,Individual Contributor,2018-05-17,2026-04-26,4,2026-04-26,2026-05-17,Live Virtual,False,True
U00014,Wealth Management,Relationship Manager,US - Northeast,Individual Contributor,2020-08-19,2026-05-04,5,2026-05-02,2026-05-21,Self-Paced eLearning,False,True
U00015,Operations,Operations Specialist,Canada - East,Individual Contributor,2024-02-12,2026-01-12,1,2026-01-08,2026-01-24,Self-Paced eLearning,False,True
U00016,Retail Banking,Analyst,US - Midwest,Individual Contributor,2016-10-30,2026-03-25,3,2026-03-22,2026-03-30,Manager-Led Briefing,True,True
U00017,Technology,Analyst,US - Northeast,Individual Contributor,2025-11-22,2026-01-12,1,2026-01-05,2026-01-26,Self-Paced eLearning,False,True
U00018,Retail Banking,Director,Canada - West,Senior Leader,2022-07-04,2026-03-23,3,2026-03-20,2026-04-10,Self-Paced eLearning,False,True
U00019,Wealth Management,Relationship Manager,US - Northeast,Individual Contributor,2022-04-02,2026-05-16,5,2026-05-15,2026-05-31,Self-Paced eLearning,False,True
U00020,Commercial Banking,Manager,Canada - East,People Manager,2019-10-05,2026-02-23,2,2026-02-23,2026-03-16,Manager-Led Briefing,False,True
U00021,Capital Markets,Associate,Canada - West,Individual Contributor,2021-05-16,2026-02-10,2,2026-02-09,2026-03-01,In-Person Workshop,False,True
U00022,Operations,Operations Specialist,US - Midwest,Individual Contributor,2025-08-15,2026-03-27,3,2026-03-26,,Live Virtual,False,True
U00023,Corporate Functions,Analyst,Canada - West,Individual Contributor,2016-11-14,2026-04-05,4,2026-04-01,2026-04-13,Self-Paced eLearning,True,True
U00024,Risk and Compliance,Risk Analyst,Europe,Individual Contributor,2016-06-04,2026-06-07,6,2026-06-04,2026-06-13,In-Person Workshop,True,True
U00025,Capital Markets,Associate,US - Northeast,Individual Contributor,2025-09-17,2026-01-09,1,2026-01-08,,Self-Paced eLearning,True,True
U00026,Retail Banking,Relationship Manager,Europe,Individual Contributor,2024-04-11,2026-02-10,2,2026-02-08,,Live Virtual,False,True
U00027,Technology,Developer,Canada - East,Individual Contributor,2024-12-26,2026-01-29,1,2026-01-26,2026-02-11,In-Person Workshop,False,True
U00028,Retail Banking,Relationship Manager,Canada - East,Individual Contributor,2017-11-10,2026-02-14,2,2026-02-08,2026-02-11,Self-Paced eLearning,True,True
U00029,Retail Banking,Analyst,Canada - East,Individual Contributor,2022-01-23,2026-02-23,2,2026-02-20,2026-02-24,Manager-Led Briefing,False,True
U00030,Commercial Banking,Relationship Manager,Europe,Individual Contributor,2020-12-22,2026-06-14,6,2026-06-07,,Self-Paced eLearning,True,True
U00031,Capital Markets,Analyst,APAC,Individual Contributor,2016-02-10,2026-01-28,1,2026-01-24,2026-01-28,In-Person Workshop,True,True
U00032,Corporate Functions,Analyst,US - Midwest,Individual Contributor,2019-01-23,2026-02-03,2,2026-01-27,2026-01-31,Self-Paced eLearning,False,True
U00033,Operations,Operations Specialist,US - Northeast,Individual Contributor,2020-08-30,2026-02-22,2,2026-02-16,2026-03-07,Self-Paced eLearning,True,True
U00034,Operations,Operations Specialist,Canada - East,Individual Contributor,2017-07-17,2026-03-09,3,2026-03-05,2026-03-13,Live Virtual,False,True
U00035,Technology,Developer,US - Midwest,Individual Contributor,2021-09-11,2026-04-01,4,2026-03-25,2026-04-15,Self-Paced eLearning,False,True
U00036,Retail Banking,Associate,US - Northeast,Individual Contributor,2016-06-20,2026-04-29,5,2026-04-23,2026-05-02,Manager-Led Briefing,False,True
U00037,Retail Banking,Associate,Canada - West,Individual Contributor,2022-09-05,2026-03-27,3,2026-03-23,2026-04-06,Live Virtual,True,True
U00038,Technology,Analyst,US - Midwest,Individual Contributor,2021-08-24,2026-04-07,4,2026-03-31,2026-04-09,In-Person Workshop,False,True
U00039,Retail Banking,Relationship Manager,Canada - West,Individual Contributor,2022-12-31,2026-05-07,5,2026-05-02,,Live Virtual,False,True
U00040,Commercial Banking,Relationship Manager,APAC,Individual Contributor,2022-01-12,2026-02-07,2,2026-01-31,,In-Person Workshop,True,True
U00041,Operations,Operations Specialist,US - Northeast,Individual Contributor,2022-10-09,2026-05-05,5,2026-05-04,2026-05-09,Manager-Led Briefing,True,True
U00042,Wealth Management,Relationship Manager,US - Northeast,Individual Contributor,2018-10-03,2026-02-13,2,2026-02-07,2026-02-11,Live Virtual,False,False
U00043,Capital Markets,Director,US - Northeast,Senior Leader,2021-06-22,2026-01-24,1,2026-01-19,2026-01-27,Self-Paced eLearning,False,True
U00044,Operations,Operations Specialist,Canada - East,Individual Contributor,2024-10-18,2026-03-10,3,2026-03-10,2026-03-15,Live Virtual,False,True
U00045,Wealth Management,Manager,US - Northeast,People Manager,2020-11-27,2026-03-19,3,2026-03-13,2026-03-20,Self-Paced eLearning,False,True
U00046,Wealth Management,Associate,US - Midwest,Individual Contributor,2019-02-03,2026-03-27,3,2026-03-24,,Self-Paced eLearning,False,True
U00047,Operations,Associate,US - Northeast,Individual Contributor,2025-01-09,2026-02-21,2,2026-02-19,,Live Virtual,False,True
U00048,Operations,Associate,APAC,Individual Contributor,2018-11-05,2026-05-26,6,2026-05-22,2026-05-25,In-Person Workshop,False,True
U00049,Commercial Banking,Analyst,Canada - East,Individual Contributor,2025-06-25,2026-03-04,3,2026-03-01,,In-Person Workshop,False,True
U00050,Retail Banking,Relationship Manager,US - Northeast,Individual Contributor,2021-05-20,2026-05-25,6,2026-05-20,,Live Virtual,False,True
U00051,Retail Banking,Associate,Canada - West,Individual Contributor,2019-05-06,2026-03-20,3,2026-03-13,,In-Person Workshop,False,True
U00052,Retail Banking,Relationship Manager,APAC,Individual Contributor,2023-06-14,2026-03-31,4,2026-03-25,,Live Virtual,True,True
U00053,Wealth Management,Associate,US - Midwest,Individual Contributor,2018-02-20,2026-04-08,4,2026-04-06,2026-04-26,Live Virtual,False,True
U00054,Commercial Banking,Director,Canada - West,Senior Leader,2023-10-04,2026-01-11,1,2026-01-11,,Live Virtual,False,True
U00055,Capital Markets,Associate,Canada - East,Individual Contributor,2021-04-28,2026-02-05,2,2026-01-29,,Self-Paced eLearning,False,True
U00056,Wealth Management,Relationship Manager,Europe,Individual Contributor,2018-07-27,2026-01-06,1,2026-01-01,2026-01-05,Live Virtual,False,True
U00057,Operations,Operations Specialist,Canada - West,Individual Contributor,2017-08-10,2026-06-10,6,2026-06-03,2026-06-08,Manager-Led Briefing,False,True
U00058,Technology,Developer,US - Northeast,Individual Contributor,2024-10-05,2026-02-19,2,2026-02-15,2026-03-07,Self-Paced eLearning,False,True
U00059,Retail Banking,Associate,US - Northeast,Individual Contributor,2019-07-16,2026-03-13,3,2026-03-06,,Self-Paced eLearning,False,True
U00060,Retail Banking,Relationship Manager,Canada - West,Individual Contributor,2018-07-27,2026-01-12,1,2026-01-06,,Self-Paced eLearning,False,True
U00061,Commercial Banking,Manager,APAC,People Manager,2017-05-15,2026-03-27,3,2026-03-25,2026-04-13,Live Virtual,True,True
U00062,Technology,Developer,US - Midwest,Individual Contributor,2024-10-18,2026-01-08,1,2026-01-07,2026-01-17,Self-Paced eLearning,True,True
U00063,Technology,Developer,APAC,Individual Contributor,2023-05-23,2026-01-10,1,2026-01-04,2026-01-13,Live Virtual,True,True
U00064,Capital Markets,Associate,Canada - East,Individual Contributor,2023-03-23,2026-05-11,5,2026-05-07,2026-05-21,In-Person Workshop,True,True
U00065,Commercial Banking,Analyst,US - Midwest,Individual Contributor,2025-05-02,2026-02-27,2,2026-02-22,2026-03-10,Live Virtual,False,True
U00066,Technology,Developer,US - Northeast,Individual Contributor,2017-10-27,2026-01-13,1,2026-01-13,2026-01-27,Self-Paced eLearning,False,True
U00067,Technology,Analyst,US - Northeast,Individual Contributor,2016-02-16,2026-01-26,1,2026-01-19,2026-02-04,Live Virtual,False,True
U00068,Operations,Manager,Canada - East,People Manager,2017-03-05,2026-05-23,5,2026-05-20,2026-05-27,Self-Paced eLearning,False,True
U00069,Retail Banking,Associate,US - Northeast,Individual Contributor,2022-10-03,2026-02-01,1,2026-01-25,,In-Person Workshop,True,True
U00070,Operations,Associate,Europe,Individual Contributor,2020-07-20,2026-03-08,3,2026-03-02,2026-03-21,Live Virtual,False,True
U00071,Retail Banking,Manager,Europe,People Manager,2022-04-12,2026-02-14,2,2026-02-11,2026-02-16,Self-Paced eLearning,False,True
U00072,Operations,Director,Canada - East,Senior Leader,2022-07-17,2026-04-11,4,2026-04-08,2026-04-21,In-Person Workshop,False,True
U00073,Wealth Management,Relationship Manager,US - Northeast,Individual Contributor,2025-07-21,2026-05-14,5,2026-05-11,2026-05-29,Self-Paced eLearning,False,True
U00074,Retail Banking,Associate,Canada - East,Individual Contributor,2022-09-20,2026-03-13,3,2026-03-12,2026-03-29,In-Person Workshop,False,False
U00075,Retail Banking,Analyst,Canada - East,Individual Contributor,2019-11-12,2026-02-01,1,2026-01-31,2026-02-18,Live Virtual,False,True
U00076,Operations,Operations Specialist,Canada - East,Individual Contributor,2022-05-20,2026-04-01,4,2026-03-26,2026-04-06,In-Person Workshop,False,True
U00077,Operations,Analyst,Canada - West,Individual Contributor,2017-07-31,2026-04-29,5,2026-04-27,2026-05-07,Manager-Led Briefing,False,True
U00078,Commercial Banking,Associate,Canada - West,Individual Contributor,2017-12-12,2026-05-15,5,2026-05-12,2026-05-30,Self-Paced eLearning,False,True
U00079,Technology,Associate,US - Northeast,Individual Contributor,2020-09-11,2026-01-15,1,2026-01-14,2026-01-23,Self-Paced eLearning,False,True
U00080,Wealth Management,Relationship Manager,US - Northeast,Individual Contributor,2025-02-01,2026-03-16,3,2026-03-11,2026-03-28,Self-Paced eLearning,False,True
U00081,Commercial Banking,Analyst,US - Northeast,Individual Contributor,2023-12-19,2026-05-12,5,2026-05-12,2026-05-25,Self-Paced eLearning,False,True
U00082,Operations,Operations Specialist,Europe,Individual Contributor,2023-03-19,2026-04-20,4,2026-04-15,2026-04-26,Live Virtual,False,True
U00083,Wealth Management,Relationship Manager,US - Northeast,Individual Contributor,2021-12-27,2026-04-04,4,2026-04-04,,Self-Paced eLearning,False,True
U00084,Retail Banking,Relationship Manager,US - Northeast,Individual Contributor,2024-09-15,,4,2026-04-11,,Live Virtual,False,False
U00085,Retail Banking,Director,Canada - West,Senior Leader,2016-11-10,2026-01-09,1,2026-01-07,,Self-Paced eLearning,False,True
U00086,Retail Banking,Relationship Manager,US - Northeast,Individual Contributor,2016-03-09,2026-01-07,1,2026-01-04,,Self-Paced eLearning,False,True
U00087,Capital Markets,Manager,Canada - West,People Manager,2022-08-31,2026-01-08,1,2026-01-07,2026-01-16,Manager-Led Briefing,True,True
U00088,Technology,Developer,Canada - West,Individual Contributor,2021-05-04,2026-01-19,1,2026-01-14,2026-01-17,Self-Paced eLearning,False,True
U00089,Retail Banking,Associate,Canada - West,Individual Contributor,2024-07-10,2026-04-05,4,2026-03-31,,Self-Paced eLearning,True,False
U00090,Technology,Manager,APAC,People Manager,2019-03-20,2026-05-16,5,2026-05-14,2026-05-26,Live Virtual,False,True
U00091,Retail Banking,Relationship Manager,Canada - East,Individual Contributor,2022-09-29,2026-01-21,1,2026-01-21,2026-02-07,Self-Paced eLearning,False,True
U00092,Commercial Banking,Relationship Manager,Canada - West,Individual Contributor,2020-09-15,2026-05-20,5,2026-05-14,,Self-Paced eLearning,False,True
U00093,Operations,Associate,US - Midwest,Individual Contributor,2025-03-23,2026-06-14,6,2026-06-14,,In-Person Workshop,False,True
U00094,Operations,Operations Specialist,US - Northeast,Individual Contributor,2019-06-16,2026-03-11,3,2026-03-09,,Live Virtual,False,True
U00095,Operations,Associate,US - Northeast,Individual Contributor,2023-04-01,2026-04-18,4,2026-04-18,2026-05-08,Self-Paced eLearning,False,True
U00096,Commercial Banking,Analyst,US - Northeast,Individual Contributor,2023-01-18,2026-03-18,3,2026-03-12,,Self-Paced eLearning,False,True
U00097,Operations,Director,Canada - East,Senior Leader,2018-10-05,2026-03-30,4,2026-03-27,2026-04-03,Self-Paced eLearning,False,True
U00098,Retail Banking,Relationship Manager,US - Northeast,Individual Contributor,2016-12-02,2026-03-28,3,2026-03-24,,Self-Paced eLearning,False,True
U00099,Retail Banking,Analyst,Canada - West,Individual Contributor,2018-12-15,2026-05-31,6,2026-05-25,,Self-Paced eLearning,False,True
U00100,Corporate Functions,Operations Specialist,APAC,Individual Contributor,2025-08-30,2026-03-29,3,2026-03-27,2026-03-31,Live Virtual,False,True
U00101,Risk and Compliance,Risk Analyst,Canada - East,Individual Contributor,2025-11-18,2026-06-15,6,2026-06-09,2026-06-28,Self-Paced eLearning,False,True
U00102,Commercial Banking,Associate,Europe,Individual Contributor,2017-05-15,2026-03-30,4,2026-03-23,2026-03-30,Self-Paced eLearning,False,True
U00103,Retail Banking,Relationship Manager,APAC,Individual Contributor,2025-12-02,2026-01-25,1,2026-01-24,2026-02-05,Self-Paced eLearning,False,True
U00104,Corporate Functions,Operations Specialist,APAC,Individual Contributor,2025-08-31,2026-03-18,3,2026-03-18,2026-04-02,In-Person Workshop,False,True
U00105,Capital Markets,Analyst,Canada - East,Individual Contributor,2019-11-13,2026-01-19,1,2026-01-18,2026-01-25,Manager-Led Briefing,False,True
U00106,Capital Markets,Manager,Canada - East,People Manager,2017-02-20,2026-01-07,1,2025-12-31,2026-01-10,Live Virtual,False,True
U00107,Operations,Director,Canada - East,Senior Leader,2020-11-16,2026-03-03,3,2026-03-02,2026-03-22,Self-Paced eLearning,False,True
U00108,Retail Banking,Relationship Manager,Canada - East,Individual Contributor,2020-02-22,2026-02-12,2,2026-02-09,,Self-Paced eLearning,False,True
U00109,Retail Banking,Analyst,US - Northeast,Individual Contributor,2018-03-06,2026-02-08,2,2026-02-07,,Live Virtual,False,True
U00110,Risk and Compliance,Director,Europe,Senior Leader,2018-01-14,2026-06-18,6,2026-06-17,2026-06-24,Live Virtual,False,True
U00111,Operations,Operations Specialist,Canada - West,Individual Contributor,2023-03-29,2026-04-12,4,2026-04-06,2026-04-14,Live Virtual,False,True
U00112,Retail Banking,Relationship Manager,Canada - West,Individual Contributor,2022-08-10,2026-02-25,2,2026-02-25,,Self-Paced eLearning,False,True
U00113,Operations,Operations Specialist,Canada - East,Individual Contributor,2016-09-12,2026-04-25,4,2026-04-25,2026-05-08,Self-Paced eLearning,False,True
U00114,Technology,Developer,US - Northeast,Individual Contributor,2018-05-13,2026-01-16,1,2026-01-12,2026-01-31,Self-Paced eLearning,True,True
U00115,Retail Banking,Manager,Canada - West,People Manager,2016-04-09,2026-04-11,4,2026-04-04,2026-04-15,Live Virtual,False,True
U00116,Wealth Management,Analyst,Canada - East,Individual Contributor,2019-12-18,2026-04-10,4,2026-04-07,2026-04-11,In-Person Workshop,False,True
U00117,Capital Markets,Manager,US - Northeast,People Manager,2023-11-08,2026-03-17,3,2026-03-11,,Manager-Led Briefing,False,True
U00118,Capital Markets,Analyst,Canada - East,Individual Contributor,2020-03-13,2026-02-06,2,2026-02-02,2026-02-11,Live Virtual,False,True
U00119,Operations,Operations Specialist,Canada - East,Individual Contributor,2018-10-26,2026-04-03,4,2026-03-29,2026-04-07,Manager-Led Briefing,False,True
U00120,Commercial Banking,Manager,Canada - West,People Manager,2024-10-14,2026-02-12,2,2026-02-07,2026-02-28,Live Virtual,False,True
U00121,Commercial Banking,Relationship Manager,US - Northeast,Individual Contributor,2023-05-08,2026-04-18,4,2026-04-14,,Live Virtual,False,True
U00122,Commercial Banking,Manager,US - Midwest,People Manager,2018-03-03,2026-03-21,3,2026-03-14,2026-03-17,Self-Paced eLearning,False,True
U00123,Retail Banking,Relationship Manager,Canada - East,Individual Contributor,2022-06-01,2026-04-16,4,2026-04-09,2026-04-24,Self-Paced eLearning,False,True
U00124,Operations,Associate,Canada - East,Individual Contributor,2024-01-27,2026-02-07,2,2026-02-06,2026-02-18,Live Virtual,True,True
U00125,Retail Banking,Relationship Manager,Canada - East,Individual Contributor,2018-03-06,2026-03-01,2,2026-02-23,,Self-Paced eLearning,False,True
U00126,Technology,Analyst,Canada - West,Individual Contributor,2023-12-25,2026-03-04,3,2026-03-02,2026-03-18,In-Person Workshop,False,True
U00127,Operations,Operations Specialist,US - Midwest,Individual Contributor,2016-02-24,2026-04-13,4,2026-04-09,2026-04-23,Self-Paced eLearning,False,True
U00128,Retail Banking,Manager,US - Midwest,People Manager,2025-06-13,2026-01-18,1,2026-01-12,,Live Virtual,False,True
U00129,Retail Banking,Relationship Manager,US - Northeast,Individual Contributor,2022-04-27,2026-03-27,3,2026-03-23,,In-Person Workshop,True,True
U00130,Commercial Banking,Analyst,US - Northeast,Individual Contributor,2016-10-30,2026-04-03,4,2026-03-29,2026-04-03,Manager-Led Briefing,True,True
U00131,Retail Banking,Analyst,Canada - East,Individual Contributor,2016-09-09,2026-04-04,4,2026-04-02,2026-04-15,Manager-Led Briefing,False,True
U00132,Risk and Compliance,Analyst,Canada - East,Individual Contributor,2019-07-12,2026-05-30,6,2026-05-27,2026-06-05,Self-Paced eLearning,False,True
U00133,Commercial Banking,Relationship Manager,US - Midwest,Individual Contributor,2020-08-31,2026-02-08,2,2026-02-05,2026-02-14,Live Virtual,False,True
U00134,Operations,Manager,APAC,People Manager,2022-11-05,2026-03-07,3,2026-03-07,,Self-Paced eLearning,True,True
U00135,Commercial Banking,Relationship Manager,APAC,Individual Contributor,2022-02-12,2026-02-14,2,2026-02-10,2026-02-17,Self-Paced eLearning,False,True
U00136,Retail Banking,Manager,US - Northeast,People Manager,2016-05-02,2026-01-18,1,2026-01-17,2026-01-30,Live Virtual,False,True
U00137,Corporate Functions,Analyst,Canada - West,Individual Contributor,2018-08-24,2026-03-15,3,2026-03-15,2026-03-18,Self-Paced eLearning,False,True
U00138,Technology,Developer,US - Midwest,Individual Contributor,2023-04-16,2026-01-08,1,2026-01-04,2026-01-16,Live Virtual,False,True
U00139,Wealth Management,Relationship Manager,Canada - East,Individual Contributor,2017-08-27,2026-06-15,6,2026-06-12,,Self-Paced eLearning,False,True
U00140,Retail Banking,Relationship Manager,Canada - East,Individual Contributor,2022-12-23,2026-06-05,6,2026-06-03,,Live Virtual,False,True
U00141,Technology,Developer,US - Midwest,Individual Contributor,2021-10-16,2026-01-20,1,2026-01-13,2026-01-20,In-Person Workshop,True,False
U00142,Technology,Director,Canada - West,Senior Leader,2019-07-01,2026-06-02,6,2026-05-26,2026-06-08,Self-Paced eLearning,True,True
U00143,Risk and Compliance,Risk Analyst,APAC,Individual Contributor,2018-07-08,2026-05-13,5,2026-05-07,2026-05-24,Self-Paced eLearning,False,True
U00144,Technology,Manager,Canada - East,People Manager,2024-10-16,2026-02-26,2,2026-02-25,2026-03-02,Self-Paced eLearning,True,True
U00145,Technology,Developer,APAC,Individual Contributor,2020-07-30,2026-02-06,2,2026-01-30,2026-02-17,Live Virtual,False,True
U00146,Retail Banking,Associate,Canada - East,Individual Contributor,2021-03-20,2026-02-12,2,2026-02-09,2026-02-28,Live Virtual,False,True
U00147,Operations,Associate,US - Northeast,Individual Contributor,2022-04-12,2026-03-12,3,2026-03-08,,Manager-Led Briefing,False,True
U00148,Technology,Analyst,US - Midwest,Individual Contributor,2023-07-22,2026-03-11,3,2026-03-06,2026-03-20,Manager-Led Briefing,False,True
U00149,Operations,Operations Specialist,Canada - East,Individual Contributor,2016-12-13,2026-02-09,2,2026-02-05,2026-02-23,Self-Paced eLearning,False,True
U00150,Retail Banking,Associate,Canada - West,Individual Contributor,2021-05-13,2026-02-12,2,2026-02-05,,In-Person Workshop,False,True
U00151,Wealth Management,Relationship Manager,US - Midwest,Individual Contributor,2022-01-01,2026-01-12,1,2026-01-11,,Live Virtual,False,True
U00152,Risk and Compliance,Associate,US - Midwest,Individual Contributor,2025-09-19,2026-04-14,4,2026-04-09,2026-04-22,Self-Paced eLearning,True,True
U00153,Retail Banking,Associate,US - Midwest,Individual Contributor,2024-01-25,2026-06-14,6,2026-06-10,2026-06-18,Self-Paced eLearning,False,True
U00154,Technology,Manager,US - Northeast,People Manager,2025-05-06,2026-04-24,4,2026-04-22,2026-04-25,Live Virtual,True,True
U00155,Retail Banking,Relationship Manager,Canada - East,Individual Contributor,2021-05-09,2026-05-17,5,2026-05-14,2026-05-21,Live Virtual,False,True
U00156,Commercial Banking,Relationship Manager,APAC,Individual Contributor,2022-01-20,2026-03-05,3,2026-03-04,2026-03-11,Manager-Led Briefing,False,True
U00157,Operations,Associate,Canada - West,Individual Contributor,2019-07-04,2026-04-06,4,2026-04-06,,Live Virtual,True,True
U00158,Commercial Banking,Relationship Manager,US - Northeast,Individual Contributor,2017-04-01,2026-03-27,3,2026-03-23,2026-04-11,Live Virtual,False,True
U00159,Capital Markets,Associate,Canada - East,Individual Contributor,2016-03-16,2026-01-29,1,2026-01-28,,Live Virtual,False,True
U00160,Capital Markets,Analyst,Canada - East,Individual Contributor,2016-12-13,2026-06-12,6,2026-06-12,2026-06-27,Live Virtual,True,True
U00161,Retail Banking,Analyst,US - Northeast,Individual Contributor,2017-07-16,2026-03-18,3,2026-03-11,2026-03-25,In-Person Workshop,False,True
U00162,Risk and Compliance,Manager,US - Northeast,People Manager,2016-12-15,2026-06-08,6,2026-06-03,,Manager-Led Briefing,False,True
U00163,Retail Banking,Associate,US - Northeast,Individual Contributor,2021-08-20,2026-06-19,6,2026-06-18,,Self-Paced eLearning,False,True
U00164,Retail Banking,Associate,Canada - West,Individual Contributor,2025-04-15,2026-03-11,3,2026-03-09,,Live Virtual,False,True
U00165,Technology,Manager,Canada - East,People Manager,2019-03-20,2026-01-08,1,2026-01-07,2026-01-28,Self-Paced eLearning,False,True
U00166,Operations,Associate,Europe,Individual Contributor,2019-09-27,2026-01-21,1,2026-01-15,2026-02-05,Manager-Led Briefing,False,False
U00167,Wealth Management,Relationship Manager,US - Midwest,Individual Contributor,2018-08-24,2026-02-21,2,2026-02-19,,Live Virtual,False,True
U00168,Wealth Management,Associate,Canada - East,Individual Contributor,2022-02-12,2026-02-07,2,2026-02-01,2026-02-18,Manager-Led Briefing,False,True
U00169,Operations,Associate,APAC,Individual Contributor,2021-09-28,2026-02-24,2,2026-02-18,2026-03-03,Live Virtual,False,True
U00170,Corporate Functions,Operations Specialist,Canada - West,Individual Contributor,2016-02-07,2026-04-06,4,2026-04-04,,Manager-Led Briefing,False,True
U00171,Operations,Associate,Canada - West,Individual Contributor,2020-09-23,2026-01-28,1,2026-01-23,2026-02-04,Live Virtual,False,True
U00172,Technology,Developer,Canada - West,Individual Contributor,2016-06-19,2026-01-11,1,2026-01-09,2026-01-18,Live Virtual,False,True
U00173,Retail Banking,Associate,US - Northeast,Individual Contributor,2016-10-08,2026-03-19,3,2026-03-18,,Self-Paced eLearning,False,True
U00174,Risk and Compliance,Manager,Canada - West,People Manager,2024-02-20,2026-04-20,4,2026-04-20,2026-05-01,Live Virtual,False,True
U00175,Retail Banking,Manager,Canada - East,People Manager,2021-08-05,2026-03-28,3,2026-03-25,,Live Virtual,True,True
U00176,Retail Banking,Associate,Canada - West,Individual Contributor,2024-06-12,2026-02-11,2,2026-02-07,2026-02-17,Self-Paced eLearning,False,True
U00177,Operations,Operations Specialist,Canada - West,Individual Contributor,2020-02-01,2026-06-16,6,2026-06-11,2026-06-25,In-Person Workshop,False,True
U00178,Corporate Functions,Director,Canada - East,Senior Leader,2024-01-01,2026-05-22,5,2026-05-22,2026-06-11,Self-Paced eLearning,True,True
U00179,Risk and Compliance,Risk Analyst,APAC,Individual Contributor,2018-07-07,2026-04-06,4,2026-04-04,,Self-Paced eLearning,False,True
U00180,Capital Markets,Analyst,Canada - East,Individual Contributor,2025-11-23,2026-01-13,1,2026-01-08,,Live Virtual,False,True
U00181,Risk and Compliance,Manager,US - Midwest,People Manager,2023-12-09,2026-05-05,5,2026-05-03,,Self-Paced eLearning,False,True
U00182,Risk and Compliance,Risk Analyst,US - Midwest,Individual Contributor,2022-03-06,2026-05-19,5,2026-05-16,2026-06-04,Self-Paced eLearning,False,True
U00183,Technology,Developer,Canada - East,Individual Contributor,2017-04-01,2026-03-21,3,2026-03-18,2026-04-03,Manager-Led Briefing,True,True
U00184,Operations,Operations Specialist,Canada - East,Individual Contributor,2022-07-27,2026-04-15,4,2026-04-13,2026-04-22,Manager-Led Briefing,False,True
U00185,Capital Markets,Associate,US - Northeast,Individual Contributor,2019-05-26,2026-02-14,2,2026-02-12,,Live Virtual,False,True
U00186,Commercial Banking,Manager,Canada - East,People Manager,2024-05-12,2026-04-26,4,2026-04-23,2026-05-09,Self-Paced eLearning,False,True
U00187,Operations,Associate,Canada - West,Individual Contributor,2016-10-09,2026-02-26,2,2026-02-23,2026-03-09,Live Virtual,True,True
U00188,Retail Banking,Relationship Manager,US - Midwest,Individual Contributor,2023-05-23,2026-05-12,5,2026-05-05,2026-05-17,Live Virtual,False,True
U00189,Capital Markets,Director,US - Midwest,Senior Leader,2018-06-23,2026-01-22,1,2026-01-15,2026-01-27,Live Virtual,False,True
U00190,Retail Banking,Associate,US - Northeast,Individual Contributor,2017-06-05,2026-01-05,1,2025-12-30,,In-Person Workshop,False,True
U00191,Risk and Compliance,Director,APAC,Senior Leader,2025-02-07,,4,2026-03-30,2026-04-08,Self-Paced eLearning,True,False
U00192,Retail Banking,Associate,US - Northeast,Individual Contributor,2023-10-04,2026-06-13,6,2026-06-12,,Live Virtual,False,True
U00193,Retail Banking,Director,Canada - West,Senior Leader,2022-05-20,2026-04-09,4,2026-04-06,,In-Person Workshop,False,True
U00194,Wealth Management,Associate,Canada - West,Individual Contributor,2019-05-14,2026-06-13,6,2026-06-10,,In-Person Workshop,False,True
U00195,Retail Banking,Relationship Manager,APAC,Individual Contributor,2022-11-02,2026-04-10,4,2026-04-04,2026-04-22,Live Virtual,False,True
U00196,Retail Banking,Associate,Canada - East,Individual Contributor,2023-10-15,2026-02-21,2,2026-02-15,2026-02-19,Live Virtual,False,True
U00197,Commercial Banking,Relationship Manager,Canada - East,Individual Contributor,2025-01-26,2026-02-19,2,2026-02-19,2026-03-07,Manager-Led Briefing,False,True
U00198,Risk and Compliance,Risk Analyst,Canada - East,Individual Contributor,2021-06-30,2026-05-22,5,2026-05-20,2026-06-08,Self-Paced eLearning,True,True
U00199,Retail Banking,Relationship Manager,Canada - East,Individual Contributor,2022-10-06,2026-01-31,1,2026-01-29,,Self-Paced eLearning,False,True
U00200,Operations,Manager,Canada - East,People Manager,2019-01-31,2026-01-10,1,2026-01-09,,In-Person Workshop,False,True
U00201,Capital Markets,Director,APAC,Senior Leader,2021-10-23,2026-02-27,2,2026-02-26,2026-03-18,Live Virtual,False,True
U00202,Corporate Functions,Operations Specialist,APAC,Individual Contributor,2017-07-19,2026-05-15,5,2026-05-09,2026-05-29,Live Virtual,True,True
U00203,Technology,Developer,Canada - West,Individual Contributor,2023-12-16,2026-05-03,5,2026-05-03,2026-05-23,Self-Paced eLearning,True,True
U00204,Retail Banking,Associate,Europe,Individual Contributor,2021-12-04,2026-04-22,4,2026-04-18,2026-05-04,Live Virtual,False,True
U00205,Retail Banking,Analyst,US - Midwest,Individual Contributor,2022-12-27,2026-04-08,4,2026-04-04,2026-04-12,Self-Paced eLearning,False,True
U00206,Retail Banking,Relationship Manager,US - Midwest,Individual Contributor,2022-08-18,2026-04-25,4,2026-04-20,2026-04-29,In-Person Workshop,False,True
U00207,Retail Banking,Associate,Canada - West,Individual Contributor,2016-08-11,2026-04-29,5,2026-04-29,,Live Virtual,False,True
U00208,Commercial Banking,Associate,APAC,Individual Contributor,2021-11-11,2026-04-24,4,2026-04-21,,Manager-Led Briefing,False,True
U00209,Retail Banking,Associate,US - Northeast,Individual Contributor,2022-01-08,2026-05-05,5,2026-05-05,,Manager-Led Briefing,False,True
U00210,Technology,Developer,Canada - East,Individual Contributor,2019-07-12,2026-01-12,1,2026-01-05,2026-01-15,Manager-Led Briefing,False,True
U00211,Commercial Banking,Analyst,Canada - East,Individual Contributor,2021-06-25,2026-02-19,2,2026-02-12,2026-02-27,Live Virtual,False,True
U00212,Commercial Banking,Manager,APAC,People Manager,2020-03-17,2026-02-08,2,2026-02-08,2026-02-27,Live Virtual,False,True
U00213,Retail Banking,Manager,Canada - East,People Manager,2016-02-13,2026-04-05,4,2026-03-29,,Self-Paced eLearning,False,True
U00214,Wealth Management,Associate,Canada - East,Individual Contributor,2018-05-19,2026-05-04,5,2026-05-02,,Self-Paced eLearning,False,True
U00215,Capital Markets,Analyst,APAC,Individual Contributor,2019-12-19,2026-02-08,2,2026-02-05,2026-02-25,Live Virtual,False,True
U00216,Capital Markets,Developer,Canada - West,Individual Contributor,2018-11-21,2026-02-07,2,2026-02-03,,In-Person Workshop,False,True
U00217,Retail Banking,Analyst,Canada - East,Individual Contributor,2025-04-11,,4,2026-04-08,2026-04-17,Live Virtual,False,False
U00218,Retail Banking,Associate,US - Northeast,Individual Contributor,2016-10-14,2026-02-09,2,2026-02-02,,In-Person Workshop,False,True
U00219,Risk and Compliance,Analyst,APAC,Individual Contributor,2025-01-05,2026-06-15,6,2026-06-14,2026-06-20,Live Virtual,False,True
U00220,Operations,Operations Specialist,US - Northeast,Individual Contributor,2023-08-18,2026-05-22,5,2026-05-21,,Self-Paced eLearning,False,True
U00221,Operations,Operations Specialist,Canada - East,Individual Contributor,2016-05-06,2026-04-24,4,2026-04-19,,Self-Paced eLearning,False,True
U00222,Technology,Developer,Canada - West,Individual Contributor,2020-08-02,2026-04-17,4,2026-04-14,2026-05-05,Live Virtual,False,True
U00223,Commercial Banking,Manager,Europe,People Manager,2017-07-04,2026-03-23,3,2026-03-22,2026-03-27,Live Virtual,False,True
U00224,Corporate Functions,Manager,Canada - West,People Manager,2016-03-18,2026-03-20,3,2026-03-18,2026-03-23,Self-Paced eLearning,False,True
U00225,Operations,Associate,Canada - East,Individual Contributor,2016-04-14,2026-01-09,1,2026-01-05,2026-01-26,Live Virtual,False,True
U00226,Risk and Compliance,Associate,Canada - East,Individual Contributor,2018-03-02,2026-03-06,3,2026-03-05,2026-03-18,Manager-Led Briefing,False,True
U00227,Retail Banking,Associate,Europe,Individual Contributor,2023-11-12,2026-01-14,1,2026-01-10,2026-01-13,Manager-Led Briefing,False,True
U00228,Technology,Developer,APAC,Individual Contributor,2016-06-09,2026-01-27,1,2026-01-27,2026-02-01,Self-Paced eLearning,False,True
U00229,Commercial Banking,Manager,US - Northeast,People Manager,2024-07-24,2026-02-18,2,2026-02-17,2026-02-20,In-Person Workshop,False,True
U00230,Retail Banking,Manager,US - Northeast,People Manager,2025-02-07,2026-06-21,6,2026-06-20,2026-06-30,Manager-Led Briefing,False,True
U00231,Retail Banking,Analyst,Canada - East,Individual Contributor,2024-05-17,2026-03-25,3,2026-03-20,2026-03-24,Self-Paced eLearning,False,True
U00232,Operations,Operations Specialist,Canada - East,Individual Contributor,2020-01-20,2026-02-12,2,2026-02-05,,Manager-Led Briefing,False,True
U00233,Corporate Functions,Analyst,Canada - East,Individual Contributor,2021-06-14,2026-03-21,3,2026-03-21,,Self-Paced eLearning,True,True
U00234,Commercial Banking,Relationship Manager,Canada - West,Individual Contributor,2023-03-07,2026-05-09,5,2026-05-04,,In-Person Workshop,False,True
U00235,Risk and Compliance,Risk Analyst,Canada - East,Individual Contributor,2024-04-01,2026-04-07,4,2026-04-05,2026-04-25,Live Virtual,False,True
U00236,Wealth Management,Associate,Canada - East,Individual Contributor,2018-03-22,2026-05-23,5,2026-05-17,2026-06-02,Live Virtual,False,True
U00237,Technology,Analyst,Canada - East,Individual Contributor,2018-12-20,2026-01-21,1,2026-01-19,2026-02-06,Live Virtual,True,True
U00238,Wealth Management,Associate,US - Northeast,Individual Contributor,2016-10-13,2026-05-06,5,2026-05-04,2026-05-18,Manager-Led Briefing,True,True
U00239,Retail Banking,Manager,Europe,People Manager,2018-08-07,2026-04-04,4,2026-04-04,2026-04-19,Live Virtual,True,True
U00240,Retail Banking,Manager,Canada - West,People Manager,2021-09-06,2026-04-09,4,2026-04-03,2026-04-08,Self-Paced eLearning,False,True
U00241,Wealth Management,Associate,Canada - East,Individual Contributor,2017-02-19,2026-04-10,4,2026-04-09,2026-04-25,Self-Paced eLearning,False,True
U00242,Wealth Management,Associate,Canada - East,Individual Contributor,2017-08-10,2026-02-10,2,2026-02-09,2026-03-02,Self-Paced eLearning,False,True
U00243,Retail Banking,Associate,Canada - West,Individual Contributor,2025-03-21,2026-01-24,1,2026-01-19,,Self-Paced eLearning,False,True
U00244,Technology,Developer,US - Northeast,Individual Contributor,2020-07-04,2026-03-29,3,2026-03-23,,Self-Paced eLearning,True,True
U00245,Commercial Banking,Associate,US - Northeast,Individual Contributor,2022-05-18,2026-03-19,3,2026-03-17,2026-04-04,Live Virtual,False,True
U00246,Risk and Compliance,Risk Analyst,Europe,Individual Contributor,2020-09-16,2026-06-12,6,2026-06-10,,Self-Paced eLearning,False,True
U00247,Commercial Banking,Relationship Manager,Canada - East,Individual Contributor,2020-06-19,2026-05-20,5,2026-05-14,,Manager-Led Briefing,False,True
U00248,Operations,Operations Specialist,US - Midwest,Individual Contributor,2019-03-15,2026-03-10,3,2026-03-03,,Live Virtual,True,True
U00249,Operations,Manager,APAC,People Manager,2017-05-16,2026-01-12,1,2026-01-05,,In-Person Workshop,False,True
U00250,Operations,Associate,US - Northeast,Individual Contributor,2025-08-04,2026-04-24,4,2026-04-22,2026-05-11,Self-Paced eLearning,False,True
U00251,Commercial Banking,Analyst,Canada - West,Individual Contributor,2022-11-24,2026-05-09,5,2026-05-03,,Self-Paced eLearning,False,True
U00252,Risk and Compliance,Risk Analyst,Europe,Individual Contributor,2025-09-05,2026-01-21,1,2026-01-15,,Manager-Led Briefing,False,True
U00253,Operations,Operations Specialist,US - Midwest,Individual Contributor,2024-10-12,2026-02-21,2,2026-02-14,2026-02-24,Live Virtual,False,True
U00254,Retail Banking,Manager,US - Northeast,People Manager,2022-05-03,2026-01-05,1,2025-12-30,2026-01-05,Self-Paced eLearning,False,True
U00255,Retail Banking,Relationship Manager,APAC,Individual Contributor,2020-10-30,2026-02-26,2,2026-02-20,,Manager-Led Briefing,False,True
U00256,Capital Markets,Analyst,US - Northeast,Individual Contributor,2020-12-20,2026-01-11,1,2026-01-09,2026-01-13,In-Person Workshop,False,True
U00257,Wealth Management,Associate,US - Midwest,Individual Contributor,2017-08-31,2026-03-13,3,2026-03-13,,Live Virtual,False,True
U00258,Retail Banking,Relationship Manager,APAC,Individual Contributor,2018-07-27,2026-02-05,2,2026-02-01,2026-02-04,Self-Paced eLearning,False,True
U00259,Retail Banking,Analyst,US - Northeast,Individual Contributor,2016-10-27,2026-04-19,4,2026-04-17,,Live Virtual,False,True
U00260,Commercial Banking,Associate,US - Midwest,Individual Contributor,2019-06-30,2026-03-27,3,2026-03-25,2026-04-07,Self-Paced eLearning,False,True
U00261,Retail Banking,Manager,Canada - West,People Manager,2021-10-24,2026-05-06,5,2026-05-01,2026-05-12,Self-Paced eLearning,False,True
U00262,Wealth Management,Relationship Manager,Canada - East,Individual Contributor,2016-07-05,2026-04-11,4,2026-04-07,2026-04-20,Self-Paced eLearning,False,True
U00263,Operations,Operations Specialist,Canada - West,Individual Contributor,2017-07-10,2026-03-30,4,2026-03-26,2026-04-02,In-Person Workshop,True,True
U00264,Retail Banking,Associate,US - Northeast,Individual Contributor,2025-03-03,2026-03-26,3,2026-03-22,,Self-Paced eLearning,True,True
U00265,Risk and Compliance,Risk Analyst,Canada - East,Individual Contributor,2025-08-03,2026-04-19,4,2026-04-17,2026-04-22,Live Virtual,False,True
U00266,Retail Banking,Associate,US - Northeast,Individual Contributor,2022-02-17,2026-02-21,2,2026-02-21,,Live Virtual,False,True
U00267,Operations,Operations Specialist,Canada - West,Individual Contributor,2016-08-27,2026-06-17,6,2026-06-11,2026-07-01,Live Virtual,False,True
U00268,Retail Banking,Associate,Canada - East,Individual Contributor,2019-08-14,2026-03-07,3,2026-03-07,2026-03-13,Live Virtual,False,True
U00269,Retail Banking,Relationship Manager,US - Northeast,Individual Contributor,2022-10-07,2026-02-02,2,2026-01-28,,Live Virtual,False,True
U00270,Retail Banking,Relationship Manager,Canada - East,Individual Contributor,2024-06-08,2026-03-07,3,2026-03-01,,Manager-Led Briefing,False,True
U00271,Retail Banking,Relationship Manager,US - Northeast,Individual Contributor,2021-09-18,2026-03-10,3,2026-03-06,2026-03-20,Live Virtual,False,True
U00272,Retail Banking,Relationship Manager,US - Midwest,Individual Contributor,2016-03-01,2026-05-19,5,2026-05-13,,In-Person Workshop,False,True
U00273,Retail Banking,Manager,Canada - East,People Manager,2018-08-23,2026-04-30,5,2026-04-29,2026-05-02,Live Virtual,False,True
U00274,Commercial Banking,Relationship Manager,US - Midwest,Individual Contributor,2020-02-27,2026-02-15,2,2026-02-11,2026-02-17,Live Virtual,True,True
U00275,Commercial Banking,Relationship Manager,Canada - West,Individual Contributor,2024-07-21,2026-02-13,2,2026-02-12,,Self-Paced eLearning,False,False
U00276,Operations,Operations Specialist,Canada - East,Individual Contributor,2022-06-18,2026-02-04,2,2026-01-31,2026-02-18,In-Person Workshop,True,True
U00277,Operations,Operations Specialist,APAC,Individual Contributor,2018-09-19,2026-05-28,6,2026-05-27,2026-06-10,Self-Paced eLearning,False,True
U00278,Technology,Manager,Canada - East,People Manager,2022-03-08,2026-02-03,2,2026-01-28,2026-02-12,Self-Paced eLearning,,True
U00279,Risk and Compliance,Analyst,Canada - West,Individual Contributor,2024-03-31,2026-04-27,5,2026-04-21,2026-05-09,In-Person Workshop,False,True
U00280,Wealth Management,Relationship Manager,Canada - East,Individual Contributor,2018-02-10,2026-03-06,3,2026-03-03,2026-03-21,Self-Paced eLearning,False,True
U00281,Retail Banking,Relationship Manager,Canada - West,Individual Contributor,2023-04-04,2026-04-29,5,2026-04-25,,Self-Paced eLearning,True,True
U00282,Retail Banking,Analyst,US - Northeast,Individual Contributor,2025-04-09,2026-03-07,3,2026-03-05,2026-03-24,Manager-Led Briefing,False,True
U00283,Retail Banking,Relationship Manager,US - Midwest,Individual Contributor,2024-07-30,2026-04-05,4,2026-04-02,,Live Virtual,False,True
U00284,Retail Banking,Analyst,US - Northeast,Individual Contributor,2022-09-05,2026-04-15,4,2026-04-11,2026-05-02,Live Virtual,True,True
U00285,Technology,Developer,US - Midwest,Individual Contributor,2023-02-27,,2,2026-01-27,,Self-Paced eLearning,False,False
U00286,Operations,Director,APAC,Senior Leader,2022-06-08,2026-06-02,6,2026-06-01,2026-06-18,Self-Paced eLearning,False,True
U00287,Retail Banking,Analyst,Europe,Individual Contributor,2020-02-14,2026-05-21,5,2026-05-17,,Live Virtual,False,True
U00288,Operations,Associate,Canada - West,Individual Contributor,2024-02-29,2026-01-12,1,2026-01-07,2026-01-17,Live Virtual,False,True
U00289,Technology,Analyst,US - Midwest,Individual Contributor,2024-07-27,2026-02-08,2,2026-02-04,2026-02-10,Live Virtual,False,True
U00290,Retail Banking,Associate,US - Northeast,Individual Contributor,2024-06-12,2026-02-02,2,2026-01-26,2026-02-13,In-Person Workshop,False,True
U00291,Wealth Management,Associate,Canada - East,Individual Contributor,2022-02-03,2026-03-25,3,2026-03-22,2026-03-28,Live Virtual,False,True
U00292,Retail Banking,Analyst,Canada - East,Individual Contributor,2017-04-06,2026-02-03,2,2026-01-29,,Manager-Led Briefing,False,True
U00293,Risk and Compliance,Analyst,Canada - East,Individual Contributor,2024-06-26,,3,2026-03-09,2026-03-26,In-Person Workshop,True,False
U00294,Retail Banking,Relationship Manager,Canada - West,Individual Contributor,2020-09-27,2026-02-05,2,2026-01-29,,In-Person Workshop,False,True
U00295,Wealth Management,Relationship Manager,APAC,Individual Contributor,2022-10-07,2026-02-04,2,2026-01-29,2026-02-06,Self-Paced eLearning,False,True
U00296,Risk and Compliance,Risk Analyst,Canada - West,Individual Contributor,2020-12-20,2026-04-25,4,2026-04-24,2026-05-09,Live Virtual,False,True
U00297,Corporate Functions,Analyst,Canada - West,Individual Contributor,2018-07-12,2026-04-19,4,2026-04-12,2026-04-30,Live Virtual,False,True
U00298,Wealth Management,Director,Europe,Senior Leader,2023-02-22,2026-06-18,6,2026-06-18,2026-06-23,Live Virtual,False,True
U00299,Capital Markets,Manager,US - Midwest,People Manager,2024-10-08,2026-03-27,3,2026-03-22,2026-03-25,Live Virtual,False,True
U00300,Commercial Banking,Director,Canada - West,Senior Leader,2020-12-18,2026-03-23,3,2026-03-18,2026-04-08,Self-Paced eLearning,True,True
U00301,Capital Markets,Associate,Canada - West,Individual Contributor,2022-03-19,2026-01-16,1,2026-01-14,,Self-Paced eLearning,False,True
U00302,Retail Banking,Analyst,Canada - East,Individual Contributor,2024-08-23,,1,2026-01-08,,Self-Paced eLearning,False,False
U00303,Technology,Manager,US - Northeast,People Manager,2018-10-29,2026-02-27,2,2026-02-20,,Live Virtual,True,True
U00304,Technology,Developer,Canada - West,Individual Contributor,2025-07-14,2026-04-10,4,2026-04-08,,Live Virtual,False,True
U00305,Wealth Management,Associate,Canada - East,Individual Contributor,2021-05-01,2026-01-27,1,2026-01-27,2026-02-12,Self-Paced eLearning,False,True
U00306,Technology,Director,Canada - East,Senior Leader,2021-06-26,2026-05-03,5,2026-04-28,2026-05-10,Manager-Led Briefing,False,True
U00307,Operations,Analyst,Canada - West,Individual Contributor,2022-12-05,2026-05-02,5,2026-04-26,2026-05-05,Manager-Led Briefing,False,True
U00308,Commercial Banking,Analyst,Europe,Individual Contributor,2022-08-06,2026-03-17,3,2026-03-10,2026-03-30,Live Virtual,False,True
U00309,Retail Banking,Relationship Manager,US - Northeast,Individual Contributor,2024-10-31,2026-02-15,2,2026-02-13,2026-02-24,Self-Paced eLearning,False,True
U00310,Retail Banking,Manager,US - Midwest,People Manager,2025-01-18,2026-05-11,5,2026-05-06,,In-Person Workshop,False,True
U00311,Technology,Director,Canada - West,Senior Leader,2024-02-21,2026-01-27,1,2026-01-25,2026-02-03,Live Virtual,False,True
U00312,Operations,Operations Specialist,US - Northeast,Individual Contributor,2024-08-24,2026-05-15,5,2026-05-13,2026-05-31,Self-Paced eLearning,False,True
U00313,Retail Banking,Relationship Manager,Canada - East,Individual Contributor,2017-01-19,2026-01-10,1,2026-01-06,2026-01-14,Self-Paced eLearning,False,True
U00314,Operations,Operations Specialist,Canada - East,Individual Contributor,2016-07-06,2026-02-08,2,2026-02-02,,Live Virtual,False,True
U00315,Operations,Operations Specialist,Canada - West,Individual Contributor,2021-05-10,2026-05-23,5,2026-05-18,,Self-Paced eLearning,False,True
U00316,Operations,Director,Canada - West,Senior Leader,2018-08-15,2026-03-15,3,2026-03-12,,In-Person Workshop,False,True
U00317,Operations,Associate,APAC,Individual Contributor,2017-07-20,2026-05-29,6,2026-05-23,,Live Virtual,False,True
U00318,Commercial Banking,Associate,Canada - East,Individual Contributor,2025-07-06,2026-03-22,3,2026-03-22,2026-03-25,Live Virtual,False,True
U00319,Operations,Operations Specialist,Canada - West,Individual Contributor,2025-08-14,2026-02-28,2,2026-02-24,2026-02-27,Self-Paced eLearning,False,True
U00320,Corporate Functions,Associate,Canada - West,Individual Contributor,2022-02-21,2026-04-08,4,2026-04-03,2026-04-14,Live Virtual,False,True
U00321,Risk and Compliance,Risk Analyst,Canada - West,Individual Contributor,2017-04-19,2026-05-21,5,2026-05-18,2026-05-30,Live Virtual,False,True
U00322,Technology,Developer,Canada - East,Individual Contributor,2022-03-20,2026-01-23,1,2026-01-20,2026-02-09,In-Person Workshop,False,True
U00323,Operations,Operations Specialist,Canada - West,Individual Contributor,2019-09-30,2026-03-04,3,2026-03-03,,In-Person Workshop,False,True
U00324,Technology,Analyst,Canada - West,Individual Contributor,2018-06-18,2026-01-22,1,2026-01-20,2026-01-28,Live Virtual,False,True
U00325,Wealth Management,Associate,Canada - East,Individual Contributor,2023-07-03,2026-06-02,6,2026-05-31,2026-06-20,Live Virtual,True,True
U00326,Commercial Banking,Associate,APAC,Individual Contributor,2021-10-21,2026-03-14,3,2026-03-14,,Manager-Led Briefing,True,True
U00327,Wealth Management,Analyst,Canada - East,Individual Contributor,2024-07-29,2026-03-29,3,2026-03-29,,In-Person Workshop,True,True
U00328,Technology,Manager,Canada - West,People Manager,2019-02-13,2026-01-27,1,2026-01-23,2026-02-01,Self-Paced eLearning,False,True
U00329,Commercial Banking,Associate,APAC,Individual Contributor,2022-05-11,2026-03-17,3,2026-03-17,2026-03-29,Self-Paced eLearning,False,True
U00330,Operations,Associate,Europe,Individual Contributor,2021-04-07,2026-02-18,2,2026-02-13,2026-02-22,Manager-Led Briefing,False,True
U00331,Capital Markets,Analyst,Canada - West,Individual Contributor,2020-08-02,2026-06-14,6,2026-06-09,2026-06-16,In-Person Workshop,False,True
U00332,Retail Banking,Manager,Europe,People Manager,2021-04-11,2026-01-30,1,2026-01-23,2026-02-07,Live Virtual,False,True
U00333,Commercial Banking,Relationship Manager,APAC,Individual Contributor,2017-06-13,2026-06-06,6,2026-06-03,2026-06-17,Self-Paced eLearning,False,True
U00334,Risk and Compliance,Risk Analyst,Canada - East,Individual Contributor,2017-04-14,2026-05-19,5,2026-05-14,2026-05-31,Manager-Led Briefing,True,True
U00335,Retail Banking,Associate,Canada - East,Individual Contributor,2024-12-05,2026-04-29,5,2026-04-28,2026-05-11,Manager-Led Briefing,False,True
U00336,Commercial Banking,Relationship Manager,US - Northeast,Individual Contributor,2017-07-27,2026-02-04,2,2026-02-02,,In-Person Workshop,False,True
U00337,Retail Banking,Relationship Manager,US - Midwest,Individual Contributor,2024-08-31,2026-04-29,5,2026-04-26,2026-05-01,Self-Paced eLearning,False,True
U00338,Capital Markets,Analyst,Canada - East,Individual Contributor,2017-04-05,2026-02-18,2,2026-02-18,2026-03-04,Self-Paced eLearning,False,False
U00339,Retail Banking,Associate,Canada - West,Individual Contributor,2024-02-21,2026-01-06,1,2026-01-04,2026-01-10,In-Person Workshop,False,True
U00340,Risk and Compliance,Analyst,Canada - East,Individual Contributor,2025-04-19,2026-05-18,5,2026-05-13,,Self-Paced eLearning,False,True
U00341,Retail Banking,Associate,Canada - East,Individual Contributor,2018-09-23,2026-02-02,2,2026-01-28,2026-02-07,In-Person Workshop,False,True
U00342,Corporate Functions,Director,US - Midwest,Senior Leader,2018-12-22,2026-05-27,6,2026-05-22,2026-06-04,Live Virtual,False,True
U00343,Wealth Management,Relationship Manager,Canada - East,Individual Contributor,2016-01-13,2026-03-29,3,2026-03-26,2026-04-14,In-Person Workshop,False,True
U00344,Commercial Banking,Relationship Manager,Canada - East,Individual Contributor,2017-02-22,2026-04-06,4,2026-04-02,2026-04-11,In-Person Workshop,False,True
U00345,Wealth Management,Analyst,US - Northeast,Individual Contributor,2020-05-01,2026-04-11,4,2026-04-07,2026-04-24,Live Virtual,False,True
U00346,Wealth Management,Analyst,US - Northeast,Individual Contributor,2021-01-28,2026-03-03,3,2026-03-02,2026-03-20,Self-Paced eLearning,False,True
U00347,Corporate Functions,Analyst,APAC,Individual Contributor,2021-12-14,2026-01-14,1,2026-01-10,2026-01-17,Self-Paced eLearning,False,False
U00348,Retail Banking,Analyst,Canada - West,Individual Contributor,2021-07-25,2026-02-20,2,2026-02-17,2026-03-02,Self-Paced eLearning,False,True
U00349,Commercial Banking,Relationship Manager,US - Northeast,Individual Contributor,2018-06-16,2026-06-05,6,2026-06-03,2026-06-18,Live Virtual,False,True
U00350,Retail Banking,Relationship Manager,APAC,Individual Contributor,2020-09-17,2026-02-15,2,2026-02-10,2026-02-13,Self-Paced eLearning,False,True
U00351,Commercial Banking,Director,Europe,Senior Leader,2024-02-28,2026-01-10,1,2026-01-09,2026-01-27,Self-Paced eLearning,False,True
U00352,Retail Banking,Relationship Manager,US - Northeast,Individual Contributor,2019-10-12,2026-01-27,1,2026-01-27,,Live Virtual,False,False
U00353,Technology,Manager,APAC,People Manager,2020-06-27,2026-06-04,6,2026-05-31,2026-06-17,Manager-Led Briefing,True,True
U00354,Technology,Director,Canada - West,Senior Leader,2021-09-08,2026-04-25,4,2026-04-20,2026-04-24,Manager-Led Briefing,True,True
U00355,Technology,Developer,US - Northeast,Individual Contributor,2018-09-21,2026-02-19,2,2026-02-12,2026-02-26,Self-Paced eLearning,False,True
U00356,Technology,Developer,US - Northeast,Individual Contributor,2023-07-27,2026-01-17,1,2026-01-14,2026-01-20,Live Virtual,False,True
U00357,Capital Markets,Analyst,Europe,Individual Contributor,2017-07-26,2026-01-22,1,2026-01-15,2026-01-19,In-Person Workshop,False,True
U00358,Wealth Management,Relationship Manager,US - Northeast,Individual Contributor,2025-12-04,2026-06-11,6,2026-06-11,2026-07-01,Self-Paced eLearning,False,True
U00359,Technology,Developer,APAC,Individual Contributor,2017-04-13,2026-01-31,1,2026-01-31,2026-02-14,Self-Paced eLearning,True,True
U00360,Commercial Banking,Relationship Manager,Europe,Individual Contributor,2023-07-22,2026-04-02,4,2026-03-28,2026-04-02,Self-Paced eLearning,True,True
U00361,Risk and Compliance,Analyst,US - Northeast,Individual Contributor,2023-10-27,2026-02-05,2,2026-01-30,,Live Virtual,False,True
U00362,Retail Banking,Associate,Canada - East,Individual Contributor,2019-06-17,2026-04-06,4,2026-04-01,2026-04-07,Live Virtual,True,True
U00363,Retail Banking,Relationship Manager,US - Midwest,Individual Contributor,2019-03-03,2026-01-19,1,2026-01-13,2026-01-19,In-Person Workshop,False,True
U00364,Retail Banking,Relationship Manager,US - Midwest,Individual Contributor,2020-09-12,2026-01-13,1,2026-01-08,2026-01-26,Self-Paced eLearning,False,True
U00365,Commercial Banking,Analyst,US - Northeast,Individual Contributor,2022-07-03,2026-03-01,2,2026-02-26,2026-03-03,Manager-Led Briefing,False,True
U00366,Operations,Operations Specialist,APAC,Individual Contributor,2020-09-12,2026-05-08,5,2026-05-07,2026-05-23,Self-Paced eLearning,True,True
U00367,Capital Markets,Manager,Canada - East,People Manager,2025-03-24,2026-03-26,3,2026-03-21,2026-03-24,Manager-Led Briefing,False,True
U00368,Commercial Banking,Associate,US - Midwest,Individual Contributor,2022-05-10,2026-06-14,6,2026-06-12,2026-06-27,Self-Paced eLearning,False,True
U00369,Operations,Operations Specialist,US - Midwest,Individual Contributor,2017-12-01,2026-03-01,2,2026-03-01,2026-03-04,Live Virtual,False,True
U00370,Risk and Compliance,Risk Analyst,Europe,Individual Contributor,2020-12-20,2026-06-08,6,2026-06-03,2026-06-14,Manager-Led Briefing,False,True
U00371,Capital Markets,Analyst,Canada - West,Individual Contributor,2025-06-15,2026-03-13,3,2026-03-07,,Manager-Led Briefing,True,True
U00372,Retail Banking,Manager,Europe,People Manager,2020-07-05,2026-06-01,6,2026-05-28,,Self-Paced eLearning,False,True
U00373,Operations,Operations Specialist,Canada - West,Individual Contributor,2020-08-20,2026-04-25,4,2026-04-18,,In-Person Workshop,,False
U00374,Operations,Operations Specialist,Canada - East,Individual Contributor,2025-05-12,2026-02-14,2,2026-02-09,2026-02-13,Self-Paced eLearning,False,True
U00375,Retail Banking,Relationship Manager,Canada - East,Individual Contributor,2022-06-21,2026-01-06,1,2026-01-06,,Manager-Led Briefing,False,True
U00376,Retail Banking,Analyst,US - Northeast,Individual Contributor,2023-02-28,2026-04-28,5,2026-04-22,2026-04-29,Live Virtual,,True
U00377,Risk and Compliance,Manager,Canada - East,People Manager,2023-04-24,2026-05-25,6,2026-05-22,,Live Virtual,False,True
U00378,Operations,Operations Specialist,US - Northeast,Individual Contributor,2018-08-08,2026-02-28,2,2026-02-22,2026-03-15,Live Virtual,False,True
U00379,Operations,Operations Specialist,US - Northeast,Individual Contributor,2023-03-14,2026-04-17,4,2026-04-16,,Self-Paced eLearning,False,True
U00380,Capital Markets,Director,Europe,Senior Leader,2020-03-22,2026-01-30,1,2026-01-23,2026-02-07,Self-Paced eLearning,False,True
U00381,Technology,Analyst,Canada - East,Individual Contributor,2021-08-02,2026-01-18,1,2026-01-18,2026-01-22,Live Virtual,False,True
U00382,Risk and Compliance,Analyst,US - Northeast,Individual Contributor,2020-09-01,2026-03-17,3,2026-03-12,2026-03-18,Live Virtual,False,True
U00383,Wealth Management,Associate,US - Northeast,Individual Contributor,2024-11-12,2026-05-18,5,2026-05-14,2026-05-17,Live Virtual,False,True
U00384,Technology,Developer,Canada - East,Individual Contributor,2019-08-09,2026-04-22,4,2026-04-22,2026-04-29,Live Virtual,True,True
U00385,Operations,Operations Specialist,Canada - East,Individual Contributor,2019-11-27,,3,2026-03-13,,Self-Paced eLearning,False,False
U00386,Corporate Functions,Associate,Canada - West,Individual Contributor,2022-09-12,2026-03-23,3,2026-03-18,2026-04-01,Live Virtual,True,True
U00387,Capital Markets,Analyst,Canada - West,Individual Contributor,2024-12-29,2026-04-23,4,2026-04-18,2026-05-01,Manager-Led Briefing,False,True
U00388,Corporate Functions,Analyst,Canada - West,Individual Contributor,2019-02-10,2026-05-11,5,2026-05-06,2026-05-22,Live Virtual,False,True
U00389,Retail Banking,Associate,Europe,Individual Contributor,2020-11-15,2026-04-26,4,2026-04-19,,In-Person Workshop,False,True
U00390,Wealth Management,Relationship Manager,Canada - West,Individual Contributor,2024-02-07,2026-01-16,1,2026-01-11,2026-01-24,Self-Paced eLearning,False,True
U00391,Commercial Banking,Associate,US - Northeast,Individual Contributor,2024-12-27,2026-03-18,3,2026-03-14,2026-04-03,Live Virtual,True,True
U00392,Retail Banking,Analyst,Canada - East,Individual Contributor,2021-09-25,,6,2026-06-13,2026-06-18,In-Person Workshop,False,False
U00393,Commercial Banking,Relationship Manager,Canada - West,Individual Contributor,2017-09-21,2026-02-28,2,2026-02-23,,Self-Paced eLearning,False,True
U00394,Commercial Banking,Associate,Canada - East,Individual Contributor,2025-09-21,2026-04-24,4,2026-04-24,,Self-Paced eLearning,False,True
U00395,Retail Banking,Analyst,US - Northeast,Individual Contributor,2025-10-29,2026-06-03,6,2026-06-02,,Self-Paced eLearning,False,True
U00396,Operations,Operations Specialist,US - Midwest,Individual Contributor,2020-11-29,2026-06-02,6,2026-05-29,2026-06-13,Live Virtual,False,True
U00397,Wealth Management,Associate,Canada - West,Individual Contributor,2022-06-09,2026-04-30,5,2026-04-25,2026-05-08,Manager-Led Briefing,False,True
U00398,Operations,Associate,Canada - East,Individual Contributor,2023-10-26,2026-04-21,4,2026-04-15,,Live Virtual,False,True
U00399,Operations,Operations Specialist,Canada - East,Individual Contributor,2019-03-09,2026-05-14,5,2026-05-07,2026-05-17,Live Virtual,False,True
U00400,Operations,Manager,Canada - East,People Manager,2022-11-15,2026-04-26,4,2026-04-26,2026-05-04,Self-Paced eLearning,False,True
U00401,Operations,Associate,Canada - East,Individual Contributor,2019-03-11,2026-03-08,3,2026-03-05,,Live Virtual,False,True
U00402,Risk and Compliance,Risk Analyst,Canada - West,Individual Contributor,2019-06-05,2026-03-19,3,2026-03-13,2026-03-29,Self-Paced eLearning,True,True
U00403,Wealth Management,Relationship Manager,US - Midwest,Individual Contributor,2022-06-22,2026-02-25,2,2026-02-22,2026-03-02,Self-Paced eLearning,True,True
U00404,Retail Banking,Director,Europe,Senior Leader,2020-11-23,2026-03-24,3,2026-03-21,2026-03-29,Self-Paced eLearning,False,True
U00405,Corporate Functions,Analyst,Canada - West,Individual Contributor,2018-09-14,2026-03-06,3,2026-03-06,2026-03-22,Live Virtual,False,True
U00406,Risk and Compliance,Risk Analyst,Canada - West,Individual Contributor,2023-09-14,2026-03-29,3,2026-03-26,2026-04-11,Manager-Led Briefing,False,True
U00407,Operations,Operations Specialist,US - Northeast,Individual Contributor,2020-06-11,2026-02-24,2,2026-02-19,,Live Virtual,False,True
U00408,Wealth Management,Relationship Manager,APAC,Individual Contributor,2024-03-31,2026-02-07,2,2026-02-02,,Live Virtual,False,True
U00409,Retail Banking,Director,APAC,Senior Leader,2022-06-24,2026-04-24,4,2026-04-22,,Self-Paced eLearning,True,True
U00410,Corporate Functions,Analyst,Canada - West,Individual Contributor,2020-08-13,2026-04-26,4,2026-04-19,2026-04-28,Self-Paced eLearning,,True
U00411,Commercial Banking,Manager,Canada - East,People Manager,2019-02-03,2026-01-26,1,2026-01-21,2026-02-11,Live Virtual,False,True
U00412,Commercial Banking,Analyst,APAC,Individual Contributor,2017-11-16,2026-03-06,3,2026-03-05,,Live Virtual,True,True
U00413,Retail Banking,Analyst,Canada - East,Individual Contributor,2019-02-04,2026-04-19,4,2026-04-19,2026-05-05,Live Virtual,False,True
U00414,Risk and Compliance,Director,US - Northeast,Senior Leader,2020-11-01,2026-05-19,5,2026-05-14,2026-05-20,Live Virtual,False,True
U00415,Retail Banking,Associate,Europe,Individual Contributor,2022-12-04,2026-01-23,1,2026-01-16,,Manager-Led Briefing,False,True
U00416,Retail Banking,Analyst,US - Northeast,Individual Contributor,2024-07-19,2026-02-06,2,2026-01-30,2026-02-10,Live Virtual,False,True
U00417,Retail Banking,Manager,Canada - East,People Manager,2022-12-25,2026-03-05,3,2026-03-01,2026-03-13,Live Virtual,False,True
U00418,Capital Markets,Analyst,Canada - East,Individual Contributor,2023-09-16,2026-01-08,1,2026-01-01,2026-01-13,In-Person Workshop,False,False
U00419,Retail Banking,Associate,Canada - East,Individual Contributor,2021-02-20,2026-05-16,5,2026-05-14,,Live Virtual,,True
U00420,Risk and Compliance,Risk Analyst,US - Northeast,Individual Contributor,2023-11-18,2026-01-30,1,2026-01-25,2026-02-09,Live Virtual,False,False
U00421,Commercial Banking,Analyst,Canada - West,Individual Contributor,2023-01-22,2026-05-10,5,2026-05-03,2026-05-20,Self-Paced eLearning,True,True
U00422,Retail Banking,Relationship Manager,APAC,Individual Contributor,2017-08-20,2026-05-22,5,2026-05-21,,Live Virtual,False,True
U00423,Retail Banking,Relationship Manager,US - Northeast,Individual Contributor,2024-06-23,2026-01-18,1,2026-01-16,,Live Virtual,False,True
U00424,Retail Banking,Relationship Manager,Canada - East,Individual Contributor,2018-07-15,2026-04-01,4,2026-03-30,2026-04-06,Live Virtual,False,True
U00425,Commercial Banking,Analyst,Canada - East,Individual Contributor,2022-05-31,2026-01-30,1,2026-01-23,,Self-Paced eLearning,False,True
U00426,Wealth Management,Associate,US - Midwest,Individual Contributor,2019-09-13,2026-04-10,4,2026-04-09,2026-04-21,Live Virtual,False,True
U00427,Retail Banking,Associate,US - Midwest,Individual Contributor,2021-10-18,2026-04-13,4,2026-04-13,,Self-Paced eLearning,True,True
U00428,Wealth Management,Associate,US - Midwest,Individual Contributor,2018-07-17,2026-05-17,5,2026-05-13,2026-05-17,In-Person Workshop,True,True
U00429,Retail Banking,Relationship Manager,Canada - East,Individual Contributor,2017-03-05,2026-02-23,2,2026-02-23,2026-03-01,Live Virtual,False,True
U00430,Wealth Management,Relationship Manager,Canada - West,Individual Contributor,2023-12-01,2026-05-05,5,2026-04-29,,Manager-Led Briefing,False,False
U00431,Risk and Compliance,Risk Analyst,US - Northeast,Individual Contributor,2025-07-24,2026-04-05,4,2026-04-02,,Manager-Led Briefing,False,True
U00432,Capital Markets,Analyst,Canada - East,Individual Contributor,2017-08-20,2026-02-10,2,2026-02-09,2026-02-17,In-Person Workshop,False,True
U00433,Commercial Banking,Associate,Canada - West,Individual Contributor,2021-07-30,2026-02-07,2,2026-02-06,2026-02-17,In-Person Workshop,True,True
U00434,Wealth Management,Relationship Manager,APAC,Individual Contributor,2019-12-16,2026-02-07,2,2026-02-06,2026-02-25,In-Person Workshop,False,True
U00435,Retail Banking,Analyst,Canada - West,Individual Contributor,2017-11-01,2026-03-31,4,2026-03-25,2026-04-05,Self-Paced eLearning,False,True
U00436,Retail Banking,Associate,US - Northeast,Individual Contributor,2022-05-29,2026-04-23,4,2026-04-20,2026-04-25,Self-Paced eLearning,False,True
U00437,Retail Banking,Associate,APAC,Individual Contributor,2023-06-16,2026-06-13,6,2026-06-12,,Self-Paced eLearning,False,True
U00438,Technology,Developer,US - Northeast,Individual Contributor,2020-11-20,2026-01-25,1,2026-01-24,2026-01-28,Self-Paced eLearning,False,False
U00439,Capital Markets,Analyst,Canada - East,Individual Contributor,2017-07-22,2026-05-15,5,2026-05-08,2026-05-19,Live Virtual,False,True
U00440,Commercial Banking,Director,Canada - West,Senior Leader,2016-04-05,2026-04-27,5,2026-04-23,2026-05-03,Self-Paced eLearning,False,True
U00441,Wealth Management,Analyst,Canada - West,Individual Contributor,2021-01-20,2026-04-07,4,2026-04-02,,Self-Paced eLearning,False,True
U00442,Retail Banking,Relationship Manager,US - Northeast,Individual Contributor,2020-09-08,2026-02-04,2,2026-02-02,2026-02-13,Live Virtual,False,True
U00443,Capital Markets,Analyst,Canada - East,Individual Contributor,2023-01-06,2026-03-22,3,2026-03-20,2026-03-27,Self-Paced eLearning,False,True
U00444,Retail Banking,Relationship Manager,Europe,Individual Contributor,2021-10-08,2026-02-23,2,2026-02-17,,Manager-Led Briefing,True,True
U00445,Retail Banking,Associate,US - Northeast,Individual Contributor,2019-12-21,2026-04-04,4,2026-04-04,,Manager-Led Briefing,False,True
U00446,Capital Markets,Analyst,US - Northeast,Individual Contributor,2016-04-19,2026-01-21,1,2026-01-21,2026-02-07,Self-Paced eLearning,False,True
U00447,Corporate Functions,Associate,Canada - East,Individual Contributor,2019-03-07,2026-03-16,3,2026-03-09,,Live Virtual,True,True
U00448,Commercial Banking,Relationship Manager,Canada - West,Individual Contributor,2021-04-05,2026-02-14,2,2026-02-11,2026-03-03,Live Virtual,True,True
U00449,Retail Banking,Associate,Canada - East,Individual Contributor,2019-11-17,2026-03-16,3,2026-03-09,,Self-Paced eLearning,False,True
U00450,Commercial Banking,Relationship Manager,Canada - West,Individual Contributor,2025-11-28,2026-04-26,4,2026-04-21,2026-04-24,Live Virtual,False,True
U00451,Retail Banking,Associate,Europe,Individual Contributor,2022-09-22,2026-02-24,2,2026-02-20,2026-03-09,Self-Paced eLearning,False,True
U00452,Risk and Compliance,Director,US - Northeast,Senior Leader,2024-07-28,2026-05-25,6,2026-05-21,2026-06-09,Live Virtual,False,True
U00453,Capital Markets,Analyst,US - Northeast,Individual Contributor,2025-10-24,2026-04-20,4,2026-04-13,2026-04-17,In-Person Workshop,False,True
U00454,Retail Banking,Director,Canada - East,Senior Leader,2021-12-27,2026-04-21,4,2026-04-14,,Self-Paced eLearning,True,True
U00455,Retail Banking,Relationship Manager,Canada - West,Individual Contributor,2019-08-21,2026-06-16,6,2026-06-09,,Self-Paced eLearning,False,True
U00456,Retail Banking,Analyst,Canada - West,Individual Contributor,2018-12-04,2026-02-03,2,2026-01-28,2026-02-14,Live Virtual,False,True
U00457,Corporate Functions,Director,US - Northeast,Senior Leader,2021-10-25,2026-02-23,2,2026-02-20,2026-03-12,Self-Paced eLearning,False,True
U00458,Operations,Director,Europe,Senior Leader,2019-09-24,2026-01-25,1,2026-01-23,,Live Virtual,False,True
U00459,Wealth Management,Associate,US - Northeast,Individual Contributor,2017-01-19,2026-01-16,1,2026-01-11,2026-01-18,Self-Paced eLearning,False,True
U00460,Commercial Banking,Director,APAC,Senior Leader,2018-03-31,2026-03-27,3,2026-03-21,2026-03-25,Self-Paced eLearning,False,True
U00461,Technology,Analyst,APAC,Individual Contributor,2022-01-10,2026-01-07,1,2026-01-07,2026-01-20,In-Person Workshop,False,True
U00462,Retail Banking,Analyst,Canada - West,Individual Contributor,2025-03-17,2026-04-19,4,2026-04-18,2026-05-04,Live Virtual,False,True
U00463,Corporate Functions,Operations Specialist,US - Northeast,Individual Contributor,2017-09-10,2026-04-09,4,2026-04-06,,Self-Paced eLearning,False,True
U00464,Operations,Operations Specialist,Canada - East,Individual Contributor,2023-09-18,2026-03-23,3,2026-03-17,,Manager-Led Briefing,False,True
U00465,Technology,Developer,US - Northeast,Individual Contributor,2021-04-12,2026-01-18,1,2026-01-14,2026-02-02,Self-Paced eLearning,False,True
U00466,Commercial Banking,Relationship Manager,Europe,Individual Contributor,2023-09-04,2026-04-08,4,2026-04-02,2026-04-14,Manager-Led Briefing,False,True
U00467,Commercial Banking,Manager,US - Midwest,People Manager,2022-03-26,2026-02-07,2,2026-01-31,2026-02-07,Self-Paced eLearning,True,True
U00468,Corporate Functions,Operations Specialist,US - Midwest,Individual Contributor,2022-12-09,2026-04-15,4,2026-04-08,,Live Virtual,False,True
U00469,Retail Banking,Relationship Manager,Europe,Individual Contributor,2019-10-24,2026-02-19,2,2026-02-13,2026-03-06,Manager-Led Briefing,False,True
U00470,Technology,Director,US - Northeast,Senior Leader,2016-12-31,2026-02-10,2,2026-02-03,2026-02-20,Self-Paced eLearning,False,True
U00471,Operations,Manager,Canada - East,People Manager,2025-11-04,2026-05-03,5,2026-05-02,2026-05-20,Self-Paced eLearning,True,True
U00472,Technology,Manager,Canada - West,People Manager,2024-05-04,2026-01-18,1,2026-01-14,2026-02-04,Live Virtual,False,True
U00473,Retail Banking,Relationship Manager,Canada - East,Individual Contributor,2019-06-18,2026-02-04,2,2026-01-28,,Self-Paced eLearning,False,True
U00474,Retail Banking,Analyst,Canada - East,Individual Contributor,2023-01-11,2026-03-14,3,2026-03-08,,Self-Paced eLearning,False,True
U00475,Retail Banking,Analyst,Europe,Individual Contributor,2018-12-24,2026-06-07,6,2026-06-03,,Live Virtual,True,True
U00476,Operations,Operations Specialist,US - Northeast,Individual Contributor,2020-11-15,2026-05-25,6,2026-05-19,,Live Virtual,False,True
U00477,Operations,Associate,APAC,Individual Contributor,2018-05-21,2026-04-14,4,2026-04-13,2026-05-01,Self-Paced eLearning,False,True
U00478,Commercial Banking,Relationship Manager,US - Northeast,Individual Contributor,2019-08-09,2026-01-26,1,2026-01-26,2026-02-01,Manager-Led Briefing,False,True
U00479,Commercial Banking,Director,US - Midwest,Senior Leader,2025-03-07,2026-05-14,5,2026-05-11,,Live Virtual,True,True
U00480,Operations,Operations Specialist,Canada - West,Individual Contributor,2020-10-14,2026-03-20,3,2026-03-17,2026-03-29,In-Person Workshop,False,True
U00481,Operations,Operations Specialist,Canada - West,Individual Contributor,2017-10-26,2026-06-04,6,2026-06-03,,Live Virtual,False,True
U00482,Retail Banking,Associate,Canada - West,Individual Contributor,2020-06-15,2026-03-25,3,2026-03-23,2026-04-12,In-Person Workshop,False,True
U00483,Commercial Banking,Associate,Canada - East,Individual Contributor,2020-04-20,2026-03-08,3,2026-03-07,2026-03-25,Self-Paced eLearning,True,True
U00484,Operations,Operations Specialist,Canada - West,Individual Contributor,2018-04-04,2026-03-26,3,2026-03-25,2026-04-06,Live Virtual,False,True
U00485,Retail Banking,Director,Europe,Senior Leader,2018-11-05,2026-01-25,1,2026-01-25,,Live Virtual,False,False
U00486,Operations,Associate,Canada - East,Individual Contributor,2016-08-21,2026-03-13,3,2026-03-07,2026-03-12,Self-Paced eLearning,True,True
U00487,Technology,Analyst,Canada - East,Individual Contributor,2025-04-28,2026-01-22,1,2026-01-15,2026-01-18,Live Virtual,False,True
U00488,Retail Banking,Relationship Manager,US - Midwest,Individual Contributor,2018-12-20,2026-05-16,5,2026-05-14,2026-05-28,Live Virtual,False,True
U00489,Technology,Analyst,US - Northeast,Individual Contributor,2021-09-02,2026-02-28,2,2026-02-25,2026-03-03,Live Virtual,False,True
U00490,Technology,Developer,Canada - West,Individual Contributor,2019-02-24,2026-02-28,2,2026-02-23,2026-03-12,Live Virtual,False,True
U00491,Capital Markets,Developer,US - Midwest,Individual Contributor,2017-12-13,2026-01-17,1,2026-01-13,2026-01-20,In-Person Workshop,False,True
U00492,Commercial Banking,Relationship Manager,US - Northeast,Individual Contributor,2018-10-02,2026-04-02,4,2026-03-30,2026-04-08,Self-Paced eLearning,False,True
U00493,Commercial Banking,Relationship Manager,Canada - East,Individual Contributor,2023-11-14,2026-01-26,1,2026-01-19,,Live Virtual,False,True
U00494,Operations,Director,US - Northeast,Senior Leader,2025-06-06,2026-04-05,4,2026-04-05,,In-Person Workshop,True,True
U00495,Wealth Management,Manager,Canada - East,People Manager,2018-03-17,2026-04-02,4,2026-03-30,2026-04-16,Self-Paced eLearning,True,True
U00496,Technology,Analyst,APAC,Individual Contributor,2017-04-23,2026-01-17,1,2026-01-17,2026-02-02,Self-Paced eLearning,True,True
U00497,Operations,Operations Specialist,Canada - East,Individual Contributor,2021-12-09,,5,2026-05-13,,Self-Paced eLearning,False,False
U00498,Commercial Banking,Manager,APAC,People Manager,2017-10-27,2026-04-10,4,2026-04-10,,Self-Paced eLearning,False,True
U00499,Operations,Operations Specialist,Canada - East,Individual Contributor,2025-12-03,2026-04-07,4,2026-03-31,,Self-Paced eLearning,False,True
U00500,Technology,Analyst,Canada - West,Individual Contributor,2017-01-09,2026-03-05,3,2026-02-26,,Self-Paced eLearning,False,True
U00501,Capital Markets,Associate,APAC,Individual Contributor,2022-03-13,2026-05-14,5,2026-05-08,2026-05-29,Self-Paced eLearning,False,True
U00502,Risk and Compliance,Manager,APAC,People Manager,2016-08-19,2026-06-11,6,2026-06-07,2026-06-27,Manager-Led Briefing,False,True
U00503,Risk and Compliance,Analyst,US - Northeast,Individual Contributor,2024-01-28,2026-03-17,3,2026-03-10,2026-03-17,Manager-Led Briefing,False,True
U00504,Technology,Developer,US - Northeast,Individual Contributor,2017-02-24,2026-01-31,1,2026-01-30,2026-02-18,Live Virtual,False,True
U00505,Technology,Developer,US - Midwest,Individual Contributor,2023-03-27,2026-01-17,1,2026-01-10,2026-01-27,Self-Paced eLearning,True,True
U00506,Wealth Management,Relationship Manager,Europe,Individual Contributor,2018-11-05,2026-04-30,5,2026-04-24,,Live Virtual,False,True
U00507,Operations,Manager,APAC,People Manager,2018-01-07,2026-01-25,1,2026-01-21,2026-02-05,In-Person Workshop,False,True
U00508,Wealth Management,Associate,Canada - East,Individual Contributor,2018-11-17,2026-04-26,4,2026-04-19,2026-04-29,Manager-Led Briefing,True,True
U00509,Technology,Associate,US - Midwest,Individual Contributor,2020-06-11,,2,2026-02-06,2026-02-18,Manager-Led Briefing,False,False
U00510,Retail Banking,Associate,Europe,Individual Contributor,2023-05-22,2026-04-24,4,2026-04-23,2026-05-06,Self-Paced eLearning,False,True
U00511,Retail Banking,Relationship Manager,US - Northeast,Individual Contributor,2020-05-24,2026-06-16,6,2026-06-15,2026-06-25,In-Person Workshop,False,True
U00512,Wealth Management,Relationship Manager,Canada - West,Individual Contributor,2016-11-01,2026-02-22,2,2026-02-17,2026-03-09,Live Virtual,True,True
U00513,Retail Banking,Relationship Manager,Canada - East,Individual Contributor,2025-06-03,2026-06-03,6,2026-06-01,2026-06-11,In-Person Workshop,False,True
U00514,Operations,Operations Specialist,APAC,Individual Contributor,2021-09-21,2026-01-13,1,2026-01-13,,Live Virtual,False,True
U00515,Operations,Associate,Canada - West,Individual Contributor,2023-09-04,2026-06-08,6,2026-06-04,2026-06-23,Self-Paced eLearning,False,True
U00516,Retail Banking,Relationship Manager,Canada - East,Individual Contributor,2023-07-31,2026-05-16,5,2026-05-11,,Live Virtual,False,True
U00517,Operations,Associate,US - Northeast,Individual Contributor,2016-12-09,2026-02-26,2,2026-02-25,2026-03-08,Self-Paced eLearning,False,True
U00518,Capital Markets,Analyst,Canada - West,Individual Contributor,2023-02-02,2026-02-20,2,2026-02-13,,Self-Paced eLearning,False,True
U00519,Retail Banking,Associate,Canada - East,Individual Contributor,2022-05-02,2026-05-29,6,2026-05-27,,Live Virtual,False,True
U00520,Wealth Management,Relationship Manager,Canada - East,Individual Contributor,2023-08-07,2026-05-24,5,2026-05-19,2026-06-07,Live Virtual,False,True
U00521,Wealth Management,Relationship Manager,US - Midwest,Individual Contributor,2025-01-13,2026-02-02,2,2026-01-29,2026-02-03,Live Virtual,True,True
U00522,Operations,Operations Specialist,Canada - East,Individual Contributor,2018-08-05,,2,2026-02-22,2026-03-13,Self-Paced eLearning,False,False
U00523,Retail Banking,Relationship Manager,APAC,Individual Contributor,2020-06-05,,4,2026-04-21,,In-Person Workshop,False,False
U00524,Commercial Banking,Director,US - Northeast,Senior Leader,2018-09-20,2026-03-25,3,2026-03-20,2026-04-07,Self-Paced eLearning,False,True
U00525,Retail Banking,Manager,Canada - East,People Manager,2025-10-04,2026-03-12,3,2026-03-08,2026-03-22,Self-Paced eLearning,False,True
U00526,Operations,Associate,US - Northeast,Individual Contributor,2024-10-08,2026-04-06,4,2026-04-05,2026-04-24,Live Virtual,True,False
U00527,Corporate Functions,Associate,Canada - East,Individual Contributor,2019-04-24,2026-04-20,4,2026-04-14,,Live Virtual,True,True
U00528,Corporate Functions,Associate,Canada - East,Individual Contributor,2016-08-19,2026-05-27,6,2026-05-24,2026-06-05,Live Virtual,False,True
U00529,Capital Markets,Associate,Canada - East,Individual Contributor,2022-08-04,2026-01-11,1,2026-01-10,,Live Virtual,False,True
U00530,Operations,Manager,US - Midwest,People Manager,2019-04-02,2026-03-31,4,2026-03-25,,Live Virtual,False,True
U00531,Commercial Banking,Analyst,US - Northeast,Individual Contributor,2016-11-14,2026-03-25,3,2026-03-19,2026-03-31,In-Person Workshop,False,True
U00532,Capital Markets,Analyst,Canada - East,Individual Contributor,2019-03-02,2026-01-18,1,2026-01-12,2026-01-21,In-Person Workshop,False,True
U00533,Operations,Operations Specialist,Canada - East,Individual Contributor,2018-10-03,2026-01-06,1,2026-01-01,2026-01-16,Live Virtual,True,True
U00534,Commercial Banking,Director,Canada - East,Senior Leader,2022-06-28,2026-03-03,3,2026-02-27,2026-03-04,Self-Paced eLearning,False,True
U00535,Retail Banking,Associate,Canada - East,Individual Contributor,2019-01-15,2026-02-26,2,2026-02-20,,Self-Paced eLearning,False,True
U00536,Retail Banking,Relationship Manager,US - Northeast,Individual Contributor,2016-09-12,2026-03-29,3,2026-03-24,,Self-Paced eLearning,False,True
U00537,Technology,Associate,APAC,Individual Contributor,2017-12-03,2026-03-25,3,2026-03-22,2026-03-29,Self-Paced eLearning,False,True
U00538,Retail Banking,Associate,US - Northeast,Individual Contributor,2021-07-13,2026-01-09,1,2026-01-08,2026-01-17,Self-Paced eLearning,True,True
U00539,Retail Banking,Relationship Manager,US - Northeast,Individual Contributor,2020-11-30,2026-01-29,1,2026-01-29,,Self-Paced eLearning,True,True
U00540,Wealth Management,Director,Canada - West,Senior Leader,2019-01-27,2026-03-17,3,2026-03-17,2026-04-07,Self-Paced eLearning,False,True
U00541,Corporate Functions,Associate,Canada - West,Individual Contributor,2023-10-11,2026-02-25,2,2026-02-21,2026-03-01,Live Virtual,False,True
U00542,Technology,Developer,Canada - East,Individual Contributor,2016-05-07,2026-01-25,1,2026-01-24,2026-02-10,In-Person Workshop,False,True
U00543,Wealth Management,Associate,Europe,Individual Contributor,2024-11-13,2026-03-21,3,2026-03-14,2026-03-27,Live Virtual,False,True
U00544,Corporate Functions,Analyst,Canada - East,Individual Contributor,2017-11-16,2026-06-16,6,2026-06-16,2026-06-20,Self-Paced eLearning,False,True
U00545,Retail Banking,Relationship Manager,Canada - West,Individual Contributor,2023-01-31,2026-04-20,4,2026-04-18,2026-04-29,Live Virtual,True,True
U00546,Operations,Operations Specialist,US - Midwest,Individual Contributor,2023-01-14,2026-03-16,3,2026-03-11,2026-03-21,In-Person Workshop,False,True
U00547,Operations,Associate,Canada - East,Individual Contributor,2016-03-28,2026-02-28,2,2026-02-25,2026-03-01,Live Virtual,False,True
U00548,Retail Banking,Relationship Manager,Europe,Individual Contributor,2024-01-26,2026-04-05,4,2026-03-31,,Manager-Led Briefing,False,True
U00549,Capital Markets,Manager,Canada - East,People Manager,2020-07-29,2026-01-23,1,2026-01-21,2026-02-06,In-Person Workshop,False,True
U00550,Operations,Operations Specialist,Canada - East,Individual Contributor,2021-01-28,2026-06-14,6,2026-06-09,,In-Person Workshop,False,True
U00551,Technology,Developer,Canada - East,Individual Contributor,2020-07-31,2026-01-16,1,2026-01-14,2026-01-25,Self-Paced eLearning,True,True
U00552,Retail Banking,Analyst,APAC,Individual Contributor,2019-02-03,2026-03-19,3,2026-03-14,2026-03-18,Live Virtual,True,True
U00553,Retail Banking,Associate,Canada - West,Individual Contributor,2017-01-11,2026-04-18,4,2026-04-12,2026-04-18,In-Person Workshop,False,True
U00554,Risk and Compliance,Risk Analyst,Canada - West,Individual Contributor,2017-11-05,2026-02-09,2,2026-02-09,,In-Person Workshop,True,True
U00555,Retail Banking,Analyst,US - Northeast,Individual Contributor,2021-04-14,2026-01-22,1,2026-01-17,,Live Virtual,False,True
U00556,Retail Banking,Analyst,Canada - East,Individual Contributor,2023-02-27,,1,2026-01-31,,Self-Paced eLearning,False,False
U00557,Operations,Operations Specialist,US - Northeast,Individual Contributor,2018-11-09,2026-03-16,3,2026-03-10,2026-03-29,In-Person Workshop,False,True
U00558,Technology,Developer,Canada - East,Individual Contributor,2022-11-25,2026-03-01,2,2026-02-22,2026-03-02,Live Virtual,False,True
U00559,Commercial Banking,Analyst,Canada - West,Individual Contributor,2019-07-17,,5,2026-04-28,,Self-Paced eLearning,True,False
U00560,Technology,Analyst,Canada - East,Individual Contributor,2018-01-31,2026-01-06,1,2026-01-06,2026-01-21,In-Person Workshop,True,True
U00561,Retail Banking,Analyst,Canada - East,Individual Contributor,2018-02-07,2026-03-19,3,2026-03-17,2026-03-27,Self-Paced eLearning,False,True
U00562,Retail Banking,Relationship Manager,Europe,Individual Contributor,2023-03-12,2026-04-25,4,2026-04-20,,Self-Paced eLearning,False,True
U00563,Wealth Management,Associate,Europe,Individual Contributor,2017-09-29,2026-03-17,3,2026-03-14,,Self-Paced eLearning,False,True
U00564,Commercial Banking,Analyst,Europe,Individual Contributor,2024-05-30,2026-05-30,6,2026-05-23,2026-06-12,Self-Paced eLearning,False,True
U00565,Commercial Banking,Analyst,Canada - West,Individual Contributor,2023-10-06,2026-05-21,5,2026-05-18,,Live Virtual,False,True
U00566,Commercial Banking,Relationship Manager,Canada - East,Individual Contributor,2018-02-22,2026-02-13,2,2026-02-07,2026-02-22,Self-Paced eLearning,False,True
U00567,Capital Markets,Manager,Canada - East,People Manager,2024-05-02,2026-01-28,1,2026-01-21,2026-02-11,Self-Paced eLearning,True,True
U00568,Retail Banking,Relationship Manager,Canada - East,Individual Contributor,2019-05-30,2026-04-01,4,2026-03-26,2026-04-12,Live Virtual,False,True
U00569,Operations,Operations Specialist,Canada - East,Individual Contributor,2017-01-21,2026-03-24,3,2026-03-17,2026-04-01,Manager-Led Briefing,False,True
U00570,Technology,Developer,US - Northeast,Individual Contributor,2020-01-04,2026-02-20,2,2026-02-14,2026-02-19,Self-Paced eLearning,False,True
U00571,Operations,Analyst,APAC,Individual Contributor,2022-03-12,2026-01-25,1,2026-01-24,2026-02-07,Live Virtual,False,True
U00572,Wealth Management,Relationship Manager,Europe,Individual Contributor,2020-03-15,2026-04-10,4,2026-04-09,2026-04-22,Self-Paced eLearning,False,True
U00573,Technology,Developer,APAC,Individual Contributor,2017-02-15,2026-01-26,1,2026-01-20,2026-01-30,In-Person Workshop,False,True
U00574,Capital Markets,Associate,US - Northeast,Individual Contributor,2021-03-18,2026-02-14,2,2026-02-11,2026-02-28,Manager-Led Briefing,True,True
U00575,Wealth Management,Associate,Canada - West,Individual Contributor,2016-08-23,2026-03-13,3,2026-03-07,2026-03-28,Live Virtual,False,True
U00576,Technology,Analyst,US - Northeast,Individual Contributor,2019-04-01,2026-02-07,2,2026-02-03,2026-02-10,Self-Paced eLearning,True,True
U00577,Risk and Compliance,Manager,Europe,People Manager,2016-01-15,2026-06-04,6,2026-05-28,2026-06-09,Live Virtual,True,True
U00578,Commercial Banking,Analyst,US - Northeast,Individual Contributor,2025-01-25,2026-01-22,1,2026-01-18,2026-01-27,Self-Paced eLearning,False,True
U00579,Wealth Management,Associate,APAC,Individual Contributor,2025-06-10,2026-04-01,4,2026-03-31,2026-04-08,Self-Paced eLearning,True,True
U00580,Operations,Associate,Canada - East,Individual Contributor,2020-12-26,2026-03-26,3,2026-03-22,,In-Person Workshop,False,True
U00581,Technology,Developer,US - Midwest,Individual Contributor,2024-10-05,2026-02-25,2,2026-02-18,,Live Virtual,True,True
U00582,Technology,Developer,Canada - West,Individual Contributor,2019-10-04,2026-03-23,3,2026-03-18,2026-04-01,Manager-Led Briefing,False,True
U00583,Retail Banking,Relationship Manager,Canada - East,Individual Contributor,2023-10-27,2026-03-18,3,2026-03-15,2026-03-19,Self-Paced eLearning,True,True
U00584,Operations,Manager,Canada - East,People Manager,2019-10-21,2026-03-08,3,2026-03-05,2026-03-14,Live Virtual,False,True
U00585,Risk and Compliance,Risk Analyst,Canada - West,Individual Contributor,2025-09-03,2026-02-28,2,2026-02-21,2026-03-06,Self-Paced eLearning,False,True
U00586,Commercial Banking,Relationship Manager,US - Midwest,Individual Contributor,2024-06-07,2026-04-04,4,2026-03-28,,Self-Paced eLearning,False,True
U00587,Retail Banking,Relationship Manager,Canada - East,Individual Contributor,2019-06-20,2026-02-26,2,2026-02-23,,Self-Paced eLearning,False,True
U00588,Operations,Associate,US - Northeast,Individual Contributor,2018-11-20,2026-05-30,6,2026-05-24,2026-06-04,Self-Paced eLearning,False,True
U00589,Retail Banking,Associate,Canada - East,Individual Contributor,2016-11-23,2026-03-03,3,2026-03-03,,Live Virtual,False,True
U00590,Retail Banking,Associate,Canada - East,Individual Contributor,2022-09-17,2026-02-03,2,2026-02-02,2026-02-14,In-Person Workshop,False,True
U00591,Risk and Compliance,Analyst,APAC,Individual Contributor,2023-04-15,,5,2026-05-06,2026-05-18,In-Person Workshop,False,False
U00592,Operations,Operations Specialist,Canada - East,Individual Contributor,2021-02-25,2026-01-14,1,2026-01-12,2026-01-23,Live Virtual,False,True
U00593,Operations,Operations Specialist,US - Northeast,Individual Contributor,2022-10-07,2026-04-26,4,2026-04-19,2026-05-05,Self-Paced eLearning,False,True
U00594,Commercial Banking,Associate,Canada - East,Individual Contributor,2020-03-09,,2,2026-02-04,2026-02-23,Live Virtual,True,False
U00595,Retail Banking,Relationship Manager,US - Northeast,Individual Contributor,2018-01-29,2026-04-11,4,2026-04-07,2026-04-24,Live Virtual,False,True
U00596,Retail Banking,Analyst,Canada - East,Individual Contributor,2016-03-29,2026-03-11,3,2026-03-07,2026-03-16,Live Virtual,False,True
U00597,Capital Markets,Analyst,APAC,Individual Contributor,2022-07-15,2026-01-14,1,2026-01-11,2026-01-18,In-Person Workshop,False,True
U00598,Commercial Banking,Analyst,US - Northeast,Individual Contributor,2019-10-23,2026-05-06,5,2026-04-29,,In-Person Workshop,False,True
U00599,Corporate Functions,Manager,APAC,People Manager,2020-03-23,2026-05-09,5,2026-05-02,2026-05-18,Self-Paced eLearning,False,True
U00600,Commercial Banking,Associate,US - Midwest,Individual Contributor,2025-02-23,2026-05-20,5,2026-05-16,2026-05-21,In-Person Workshop,False,True
U00601,Technology,Associate,Canada - West,Individual Contributor,2018-06-03,2026-02-22,2,2026-02-20,2026-02-27,Live Virtual,True,True
U00602,Capital Markets,Associate,US - Northeast,Individual Contributor,2020-11-30,2026-04-11,4,2026-04-09,2026-04-13,In-Person Workshop,False,True
U00603,Risk and Compliance,Risk Analyst,US - Midwest,Individual Contributor,2021-08-25,2026-05-02,5,2026-05-02,2026-05-19,Self-Paced eLearning,False,True
U00604,Capital Markets,Analyst,US - Northeast,Individual Contributor,2023-12-20,2026-03-11,3,2026-03-06,2026-03-26,Live Virtual,False,True
U00605,Corporate Functions,Analyst,Canada - East,Individual Contributor,2019-07-31,2026-04-23,4,2026-04-19,2026-04-30,Live Virtual,False,True
U00606,Wealth Management,Relationship Manager,APAC,Individual Contributor,2016-11-21,2026-06-12,6,2026-06-08,,Live Virtual,False,True
U00607,Risk and Compliance,Risk Analyst,Europe,Individual Contributor,2017-06-09,2026-05-14,5,2026-05-12,2026-05-22,Live Virtual,True,True
U00608,Retail Banking,Manager,US - Midwest,People Manager,2023-05-27,2026-03-09,3,2026-03-09,2026-03-20,Manager-Led Briefing,False,True
U00609,Capital Markets,Developer,US - Northeast,Individual Contributor,2025-05-25,2026-01-14,1,2026-01-11,2026-01-24,Manager-Led Briefing,False,True
U00610,Operations,Operations Specialist,Canada - West,Individual Contributor,2019-11-08,2026-04-10,4,2026-04-05,2026-04-23,Self-Paced eLearning,False,True
U00611,Technology,Analyst,US - Midwest,Individual Contributor,2017-05-01,2026-02-21,2,2026-02-15,2026-02-19,Self-Paced eLearning,False,True
U00612,Commercial Banking,Analyst,US - Northeast,Individual Contributor,2018-12-22,2026-04-15,4,2026-04-14,,Self-Paced eLearning,True,True
U00613,Corporate Functions,Analyst,Europe,Individual Contributor,2016-05-23,2026-04-09,4,2026-04-09,2026-04-26,Self-Paced eLearning,False,True
U00614,Corporate Functions,Associate,APAC,Individual Contributor,2025-07-03,2026-04-01,4,2026-03-27,2026-04-01,Manager-Led Briefing,False,True
U00615,Operations,Operations Specialist,APAC,Individual Contributor,2024-02-12,2026-03-05,3,2026-03-03,,In-Person Workshop,False,True
U00616,Capital Markets,Associate,Canada - East,Individual Contributor,2017-03-30,2026-01-08,1,2026-01-04,2026-01-13,Self-Paced eLearning,True,True
U00617,Capital Markets,Analyst,Canada - East,Individual Contributor,2021-01-08,2026-04-19,4,2026-04-18,2026-04-24,Self-Paced eLearning,False,True
U00618,Operations,Associate,Canada - East,Individual Contributor,2019-11-24,2026-03-24,3,2026-03-21,,Live Virtual,False,False
U00619,Retail Banking,Relationship Manager,US - Midwest,Individual Contributor,2018-11-01,2026-03-04,3,2026-02-28,,In-Person Workshop,False,True
U00620,Retail Banking,Relationship Manager,US - Northeast,Individual Contributor,2018-11-02,2026-01-05,1,2026-01-01,,In-Person Workshop,False,True
U00621,Capital Markets,Associate,Canada - West,Individual Contributor,2021-10-19,2026-04-20,4,2026-04-17,2026-04-27,Self-Paced eLearning,False,True
U00622,Technology,Developer,Canada - West,Individual Contributor,2018-10-28,2026-01-26,1,2026-01-22,2026-01-25,Self-Paced eLearning,False,True
U00623,Corporate Functions,Associate,Europe,Individual Contributor,2025-07-14,2026-02-22,2,2026-02-22,,Live Virtual,False,True
U00624,Technology,Developer,Canada - West,Individual Contributor,2025-09-16,2026-06-03,6,2026-05-30,2026-06-06,Manager-Led Briefing,False,True
U00625,Corporate Functions,Analyst,Canada - West,Individual Contributor,2020-06-07,2026-06-09,6,2026-06-06,,Self-Paced eLearning,False,True
U00626,Operations,Associate,Canada - West,Individual Contributor,2024-07-14,2026-02-02,2,2026-01-31,2026-02-05,Self-Paced eLearning,False,True
U00627,Wealth Management,Relationship Manager,Canada - East,Individual Contributor,2020-05-27,2026-02-06,2,2026-02-01,2026-02-18,Manager-Led Briefing,False,True
U00628,Retail Banking,Associate,US - Northeast,Individual Contributor,2025-07-26,2026-03-13,3,2026-03-10,,In-Person Workshop,False,True
U00629,Technology,Developer,Canada - East,Individual Contributor,2024-06-18,2026-01-13,1,2026-01-06,2026-01-11,Self-Paced eLearning,False,True
U00630,Wealth Management,Relationship Manager,Canada - East,Individual Contributor,2018-11-25,2026-01-15,1,2026-01-08,,Live Virtual,False,True
U00631,Risk and Compliance,Risk Analyst,Europe,Individual Contributor,2017-12-26,2026-05-22,5,2026-05-15,2026-06-05,Self-Paced eLearning,False,True
U00632,Wealth Management,Analyst,Europe,Individual Contributor,2022-05-28,2026-04-14,4,2026-04-11,2026-04-24,In-Person Workshop,False,True
U00633,Retail Banking,Relationship Manager,Canada - East,Individual Contributor,2021-10-17,2026-05-22,5,2026-05-17,2026-06-03,Live Virtual,False,False
U00634,Operations,Associate,Canada - East,Individual Contributor,2024-02-14,2026-02-16,2,2026-02-11,2026-03-02,Self-Paced eLearning,False,False
U00635,Retail Banking,Associate,APAC,Individual Contributor,2019-02-27,2026-04-17,4,2026-04-11,2026-04-14,Self-Paced eLearning,False,True
U00636,Retail Banking,Relationship Manager,US - Northeast,Individual Contributor,2024-06-19,2026-06-15,6,2026-06-13,,Self-Paced eLearning,False,True
U00637,Commercial Banking,Associate,APAC,Individual Contributor,2019-01-22,2026-01-17,1,2026-01-16,,Self-Paced eLearning,False,True
U00638,Capital Markets,Manager,Canada - West,People Manager,2016-02-06,2026-04-07,4,2026-04-02,2026-04-11,Self-Paced eLearning,False,True
U00639,Capital Markets,Manager,Canada - West,People Manager,2024-04-12,2026-02-25,2,2026-02-21,2026-03-12,Self-Paced eLearning,False,True
U00640,Risk and Compliance,Risk Analyst,Canada - East,Individual Contributor,2024-01-26,2026-03-18,3,2026-03-13,2026-03-26,Live Virtual,False,True
U00641,Capital Markets,Analyst,Canada - West,Individual Contributor,2024-07-02,2026-02-04,2,2026-02-04,2026-02-18,In-Person Workshop,False,True
U00642,Wealth Management,Analyst,Canada - West,Individual Contributor,2016-07-24,2026-02-06,2,2026-01-30,2026-02-06,Self-Paced eLearning,False,True
U00643,Retail Banking,Relationship Manager,Canada - West,Individual Contributor,2021-04-03,2026-02-28,2,2026-02-26,2026-03-19,Self-Paced eLearning,True,True
U00644,Retail Banking,Director,Europe,Senior Leader,2022-05-31,2026-02-27,2,2026-02-23,2026-03-02,Live Virtual,False,True
U00645,Commercial Banking,Relationship Manager,Canada - East,Individual Contributor,2024-02-12,2026-04-29,5,2026-04-25,,Live Virtual,False,True
U00646,Wealth Management,Associate,Canada - West,Individual Contributor,2023-05-30,2026-02-22,2,2026-02-16,2026-02-24,Live Virtual,False,True
U00647,Retail Banking,Relationship Manager,Canada - West,Individual Contributor,2018-05-13,2026-02-27,2,2026-02-27,,Self-Paced eLearning,False,True
U00648,Technology,Developer,APAC,Individual Contributor,2017-03-25,2026-02-22,2,2026-02-15,2026-03-02,Manager-Led Briefing,False,True
U00649,Commercial Banking,Manager,US - Northeast,People Manager,2016-09-02,,6,2026-06-17,2026-06-23,Live Virtual,False,False
U00650,Retail Banking,Relationship Manager,Canada - East,Individual Contributor,2017-01-16,2026-06-12,6,2026-06-08,2026-06-19,Manager-Led Briefing,False,True
U00651,Operations,Associate,US - Northeast,Individual Contributor,2016-07-13,2026-01-07,1,2025-12-31,2026-01-10,Live Virtual,False,True
U00652,Risk and Compliance,Risk Analyst,Canada - East,Individual Contributor,2022-07-24,2026-05-15,5,2026-05-08,2026-05-19,Self-Paced eLearning,False,True
U00653,Commercial Banking,Analyst,Europe,Individual Contributor,2024-05-12,2026-03-08,3,2026-03-04,2026-03-09,Live Virtual,False,True
U00654,Retail Banking,Analyst,US - Midwest,Individual Contributor,2022-07-11,2026-01-13,1,2026-01-07,2026-01-14,Live Virtual,False,True
U00655,Wealth Management,Associate,US - Northeast,Individual Contributor,2022-03-03,2026-04-17,4,2026-04-15,2026-04-26,In-Person Workshop,False,True
U00656,Operations,Associate,US - Northeast,Individual Contributor,2017-07-18,2026-03-07,3,2026-03-01,2026-03-08,In-Person Workshop,True,True
U00657,Wealth Management,Associate,Europe,Individual Contributor,2025-04-24,2026-03-14,3,2026-03-10,2026-03-17,In-Person Workshop,False,True
U00658,Operations,Associate,Canada - East,Individual Contributor,2019-10-18,2026-04-18,4,2026-04-17,2026-05-02,Self-Paced eLearning,True,True
U00659,Commercial Banking,Analyst,US - Midwest,Individual Contributor,2016-05-10,2026-03-16,3,2026-03-15,,Live Virtual,False,True
U00660,Operations,Associate,Canada - East,Individual Contributor,2023-12-04,2026-05-17,5,2026-05-12,2026-05-15,Live Virtual,False,False
U00661,Retail Banking,Director,Canada - East,Senior Leader,2021-04-05,2026-04-07,4,2026-04-02,2026-04-14,Self-Paced eLearning,False,True
U00662,Risk and Compliance,Manager,Europe,People Manager,2020-07-10,2026-03-20,3,2026-03-17,2026-03-30,Manager-Led Briefing,False,True
U00663,Retail Banking,Associate,Canada - East,Individual Contributor,2020-12-02,2026-02-15,2,2026-02-13,,Manager-Led Briefing,False,True
U00664,Retail Banking,Relationship Manager,Canada - East,Individual Contributor,2025-06-20,2026-03-13,3,2026-03-06,,Live Virtual,False,True
U00665,Operations,Associate,Canada - West,Individual Contributor,2021-05-02,2026-03-11,3,2026-03-09,2026-03-13,In-Person Workshop,False,True
U00666,Capital Markets,Associate,Canada - West,Individual Contributor,2019-12-14,2026-01-16,1,2026-01-12,,In-Person Workshop,False,True
U00667,Wealth Management,Relationship Manager,US - Northeast,Individual Contributor,2018-06-27,2026-06-14,6,2026-06-10,,Manager-Led Briefing,False,True
U00668,Corporate Functions,Associate,Canada - East,Individual Contributor,2019-07-05,2026-05-08,5,2026-05-01,,Live Virtual,False,True
U00669,Operations,Operations Specialist,US - Midwest,Individual Contributor,2017-10-01,2026-05-01,5,2026-04-25,,In-Person Workshop,False,True
U00670,Operations,Manager,US - Northeast,People Manager,2021-03-16,2026-06-06,6,2026-06-02,,Live Virtual,False,True
U00671,Retail Banking,Analyst,APAC,Individual Contributor,2017-06-19,2026-01-17,1,2026-01-12,2026-01-15,Self-Paced eLearning,False,True
U00672,Technology,Analyst,Canada - West,Individual Contributor,2019-12-09,2026-01-12,1,2026-01-07,2026-01-12,Live Virtual,True,True
U00673,Corporate Functions,Director,Canada - East,Senior Leader,2022-06-02,2026-03-20,3,2026-03-19,2026-03-25,Manager-Led Briefing,False,True
U00674,Capital Markets,Analyst,US - Northeast,Individual Contributor,2024-10-17,2026-01-24,1,2026-01-23,,Live Virtual,False,True
U00675,Commercial Banking,Manager,Canada - East,People Manager,2025-04-05,2026-03-31,4,2026-03-30,2026-04-11,Manager-Led Briefing,True,True
U00676,Operations,Operations Specialist,Canada - East,Individual Contributor,2020-04-03,2026-02-05,2,2026-02-02,2026-02-19,Live Virtual,False,True
U00677,Risk and Compliance,Analyst,APAC,Individual Contributor,2019-08-01,2026-03-31,4,2026-03-25,2026-04-14,Self-Paced eLearning,False,True
U00678,Technology,Manager,US - Northeast,People Manager,2020-07-31,2026-02-07,2,2026-02-01,2026-02-08,Self-Paced eLearning,True,True
U00679,Retail Banking,Relationship Manager,US - Northeast,Individual Contributor,2023-06-02,2026-04-21,4,2026-04-19,2026-05-03,Live Virtual,False,True
U00680,Operations,Operations Specialist,Canada - East,Individual Contributor,2023-08-17,2026-06-20,6,2026-06-20,2026-07-10,Manager-Led Briefing,False,True
U00681,Retail Banking,Relationship Manager,Canada - East,Individual Contributor,2019-07-02,2026-06-19,6,2026-06-12,2026-06-28,In-Person Workshop,False,True
U00682,Retail Banking,Relationship Manager,Canada - East,Individual Contributor,2018-11-05,2026-04-21,4,2026-04-21,2026-04-27,Manager-Led Briefing,False,True
U00683,Retail Banking,Relationship Manager,US - Northeast,Individual Contributor,2022-07-25,2026-01-07,1,2026-01-01,2026-01-15,In-Person Workshop,False,True
U00684,Operations,Associate,Canada - West,Individual Contributor,2021-11-30,2026-05-12,5,2026-05-11,,Live Virtual,True,True
U00685,Commercial Banking,Analyst,Canada - East,Individual Contributor,2023-08-01,2026-01-24,1,2026-01-18,2026-01-21,In-Person Workshop,False,True
U00686,Operations,Operations Specialist,US - Midwest,Individual Contributor,2019-08-05,2026-04-15,4,2026-04-11,,Live Virtual,False,True
U00687,Operations,Associate,Canada - East,Individual Contributor,2022-08-09,,4,2026-04-22,2026-04-29,Manager-Led Briefing,False,False
U00688,Corporate Functions,Manager,Canada - East,People Manager,2019-08-15,2026-02-04,2,2026-02-03,,Live Virtual,False,True
U00689,Capital Markets,Manager,US - Northeast,People Manager,2021-05-18,2026-01-05,1,2026-01-01,2026-01-11,Self-Paced eLearning,False,True
U00690,Technology,Developer,Canada - East,Individual Contributor,2019-06-19,2026-02-03,2,2026-01-27,2026-02-14,Live Virtual,False,True
U00691,Operations,Operations Specialist,US - Northeast,Individual Contributor,2024-07-18,2026-02-03,2,2026-01-29,2026-02-03,Manager-Led Briefing,False,True
U00692,Risk and Compliance,Analyst,Canada - West,Individual Contributor,2020-11-02,2026-04-25,4,2026-04-22,2026-05-05,Self-Paced eLearning,False,True
U00693,Retail Banking,Analyst,APAC,Individual Contributor,2016-02-12,2026-02-06,2,2026-02-04,,Self-Paced eLearning,True,True
U00694,Operations,Associate,Europe,Individual Contributor,2019-09-07,2026-02-05,2,2026-02-01,,Live Virtual,False,True
U00695,Risk and Compliance,Risk Analyst,Europe,Individual Contributor,2023-12-29,2026-01-08,1,2026-01-05,2026-01-14,Self-Paced eLearning,False,True
U00696,Technology,Developer,Canada - East,Individual Contributor,2021-06-01,2026-01-24,1,2026-01-20,2026-02-09,In-Person Workshop,False,True
U00697,Capital Markets,Associate,US - Midwest,Individual Contributor,2021-03-03,2026-01-28,1,2026-01-27,2026-02-10,In-Person Workshop,False,True
U00698,Commercial Banking,Analyst,Canada - East,Individual Contributor,2025-10-19,2026-05-17,5,2026-05-11,,Live Virtual,False,True
U00699,Commercial Banking,Relationship Manager,US - Northeast,Individual Contributor,2024-06-20,2026-03-27,3,2026-03-20,2026-04-03,Live Virtual,False,True
U00700,Operations,Associate,US - Northeast,Individual Contributor,2017-08-16,2026-05-30,6,2026-05-29,,Live Virtual,False,True
U00701,Retail Banking,Relationship Manager,US - Northeast,Individual Contributor,2020-11-02,2026-04-14,4,2026-04-09,2026-04-26,Live Virtual,False,True
U00702,Operations,Manager,Canada - West,People Manager,2023-05-16,2026-03-20,3,2026-03-20,2026-04-07,Self-Paced eLearning,False,True
U00703,Retail Banking,Relationship Manager,Europe,Individual Contributor,2016-05-27,2026-01-15,1,2026-01-09,2026-01-22,Self-Paced eLearning,False,True
U00704,Risk and Compliance,Director,Europe,Senior Leader,2024-09-10,2026-05-01,5,2026-04-30,2026-05-17,Live Virtual,False,True
U00705,Operations,Operations Specialist,Canada - West,Individual Contributor,2018-11-18,2026-03-03,3,2026-02-27,,Self-Paced eLearning,True,True
U00706,Technology,Developer,Europe,Individual Contributor,2017-07-25,2026-01-12,1,2026-01-07,2026-01-12,Live Virtual,False,True
U00707,Wealth Management,Associate,Canada - East,Individual Contributor,2016-11-24,2026-03-14,3,2026-03-11,2026-03-30,Self-Paced eLearning,False,True
U00708,Wealth Management,Analyst,US - Northeast,Individual Contributor,2017-02-20,2026-03-27,3,2026-03-21,2026-04-02,Self-Paced eLearning,False,True
U00709,Operations,Manager,Canada - West,People Manager,2020-02-18,2026-03-26,3,2026-03-19,2026-04-07,Self-Paced eLearning,False,True
U00710,Technology,Developer,Canada - East,Individual Contributor,2019-02-06,2026-04-22,4,2026-04-18,2026-04-30,Self-Paced eLearning,True,True
U00711,Corporate Functions,Associate,Canada - West,Individual Contributor,2022-04-17,2026-01-25,1,2026-01-25,,Manager-Led Briefing,,True
U00712,Commercial Banking,Associate,Canada - East,Individual Contributor,2019-07-16,2026-06-21,6,2026-06-19,,Self-Paced eLearning,False,True
U00713,Wealth Management,Associate,APAC,Individual Contributor,2024-11-11,2026-01-13,1,2026-01-07,2026-01-19,Live Virtual,True,True
U00714,Risk and Compliance,Analyst,Canada - West,Individual Contributor,2023-07-09,2026-05-22,5,2026-05-15,2026-05-18,In-Person Workshop,False,True
U00715,Wealth Management,Analyst,Canada - East,Individual Contributor,2025-11-28,2026-04-23,4,2026-04-22,2026-05-08,Self-Paced eLearning,False,True
U00716,Retail Banking,Analyst,US - Midwest,Individual Contributor,2017-05-04,2026-06-05,6,2026-06-02,2026-06-08,Self-Paced eLearning,False,True
U00717,Technology,Developer,Europe,Individual Contributor,2018-09-16,2026-03-14,3,2026-03-09,2026-03-20,Live Virtual,False,True
U00718,Retail Banking,Relationship Manager,US - Midwest,Individual Contributor,2020-08-15,2026-03-23,3,2026-03-22,,In-Person Workshop,False,False
U00719,Commercial Banking,Relationship Manager,Europe,Individual Contributor,2019-05-06,2026-03-05,3,2026-02-26,,Self-Paced eLearning,True,True
U00720,Corporate Functions,Operations Specialist,US - Northeast,Individual Contributor,2025-05-30,2026-04-11,4,2026-04-07,,Live Virtual,False,True
U00721,Technology,Analyst,US - Northeast,Individual Contributor,2024-09-10,2026-01-20,1,2026-01-17,2026-02-04,Manager-Led Briefing,True,True
U00722,Operations,Operations Specialist,Canada - East,Individual Contributor,2024-09-24,2026-05-05,5,2026-04-29,2026-05-02,Live Virtual,False,True
U00723,Retail Banking,Director,Canada - East,Senior Leader,2018-12-29,2026-02-16,2,2026-02-14,,In-Person Workshop,False,True
U00724,Corporate Functions,Analyst,Canada - West,Individual Contributor,2018-03-27,2026-05-26,6,2026-05-26,2026-05-30,Live Virtual,False,False
U00725,Retail Banking,Relationship Manager,Canada - West,Individual Contributor,2019-09-12,2026-02-03,2,2026-02-02,2026-02-05,Self-Paced eLearning,False,True
U00726,Retail Banking,Relationship Manager,Canada - East,Individual Contributor,2024-10-04,2026-05-29,6,2026-05-22,,Live Virtual,False,True
U00727,Retail Banking,Relationship Manager,Canada - East,Individual Contributor,2019-11-08,2026-04-29,5,2026-04-28,2026-05-19,Self-Paced eLearning,False,True
U00728,Retail Banking,Manager,Europe,People Manager,2021-06-28,2026-03-02,3,2026-03-01,2026-03-04,Self-Paced eLearning,False,True
U00729,Operations,Operations Specialist,Europe,Individual Contributor,2025-10-01,2026-06-09,6,2026-06-03,,Live Virtual,False,True
U00730,Technology,Director,US - Northeast,Senior Leader,2022-06-14,2026-02-20,2,2026-02-16,2026-03-06,Self-Paced eLearning,False,True
U00731,Operations,Associate,US - Northeast,Individual Contributor,2020-02-28,2026-02-23,2,2026-02-20,,Self-Paced eLearning,False,True
U00732,Retail Banking,Relationship Manager,Canada - East,Individual Contributor,2022-03-11,2026-02-20,2,2026-02-15,2026-02-20,Live Virtual,False,True
U00733,Retail Banking,Manager,APAC,People Manager,2025-05-30,2026-05-31,6,2026-05-30,2026-06-16,Self-Paced eLearning,True,True
U00734,Operations,Operations Specialist,Canada - West,Individual Contributor,2021-06-09,2026-01-24,1,2026-01-23,2026-02-01,Live Virtual,False,True
U00735,Retail Banking,Associate,US - Northeast,Individual Contributor,2018-06-11,2026-03-14,3,2026-03-09,2026-03-17,Self-Paced eLearning,False,True
U00736,Commercial Banking,Manager,US - Northeast,People Manager,2017-11-05,2026-03-29,3,2026-03-27,2026-04-04,Manager-Led Briefing,True,True
U00737,Retail Banking,Associate,Europe,Individual Contributor,2023-12-25,2026-04-26,4,2026-04-22,2026-05-09,Live Virtual,False,True
U00738,Operations,Operations Specialist,Canada - West,Individual Contributor,2022-07-27,2026-04-05,4,2026-03-30,,Self-Paced eLearning,False,True
U00739,Operations,Operations Specialist,APAC,Individual Contributor,2019-06-08,2026-02-17,2,2026-02-15,2026-03-01,Live Virtual,False,True
U00740,Operations,Operations Specialist,Canada - West,Individual Contributor,2018-03-22,2026-03-19,3,2026-03-19,,Manager-Led Briefing,False,True
U00741,Retail Banking,Associate,US - Northeast,Individual Contributor,2024-11-17,2026-02-27,2,2026-02-21,2026-03-05,Live Virtual,False,True
U00742,Retail Banking,Associate,Canada - West,Individual Contributor,2016-03-01,2026-05-28,6,2026-05-27,2026-05-30,Live Virtual,True,True
U00743,Risk and Compliance,Risk Analyst,Europe,Individual Contributor,2019-09-11,2026-06-17,6,2026-06-10,2026-06-26,Self-Paced eLearning,False,True
U00744,Retail Banking,Analyst,US - Northeast,Individual Contributor,2022-07-27,2026-01-10,1,2026-01-07,2026-01-11,Manager-Led Briefing,False,True
U00745,Technology,Developer,Canada - East,Individual Contributor,2017-01-15,2026-01-16,1,2026-01-12,2026-01-27,Self-Paced eLearning,True,True
U00746,Technology,Director,Europe,Senior Leader,2017-10-15,2026-02-07,2,2026-02-04,2026-02-23,Live Virtual,True,True
U00747,Operations,Associate,Canada - West,Individual Contributor,2019-12-05,2026-05-31,6,2026-05-29,,Live Virtual,False,True
U00748,Operations,Operations Specialist,Europe,Individual Contributor,2016-01-28,2026-01-07,1,2026-01-03,2026-01-08,Self-Paced eLearning,False,True
U00749,Wealth Management,Relationship Manager,Canada - West,Individual Contributor,2022-05-10,2026-02-15,2,2026-02-15,2026-02-20,Live Virtual,False,True
U00750,Wealth Management,Relationship Manager,Canada - East,Individual Contributor,2018-08-17,2026-05-22,5,2026-05-21,,Manager-Led Briefing,False,True
U00751,Retail Banking,Associate,Canada - West,Individual Contributor,2024-08-28,2026-06-03,6,2026-06-02,2026-06-08,Live Virtual,False,True
U00752,Operations,Associate,Europe,Individual Contributor,2024-04-26,2026-03-15,3,2026-03-13,2026-03-22,Self-Paced eLearning,True,True
U00753,Retail Banking,Analyst,Canada - West,Individual Contributor,2023-12-06,2026-06-02,6,2026-06-01,,Self-Paced eLearning,True,True
U00754,Technology,Analyst,Canada - East,Individual Contributor,2017-02-28,2026-02-03,2,2026-01-28,2026-02-02,Self-Paced eLearning,False,True
U00755,Commercial Banking,Relationship Manager,US - Northeast,Individual Contributor,2020-12-23,2026-01-08,1,2026-01-03,2026-01-21,Live Virtual,True,True
U00756,Retail Banking,Relationship Manager,Canada - West,Individual Contributor,2018-09-16,2026-04-08,4,2026-04-03,2026-04-16,Live Virtual,False,True
U00757,Operations,Operations Specialist,Canada - West,Individual Contributor,2024-04-25,2026-06-20,6,2026-06-19,2026-06-25,In-Person Workshop,False,True
U00758,Risk and Compliance,Risk Analyst,US - Northeast,Individual Contributor,2018-03-23,2026-05-11,5,2026-05-08,,Live Virtual,True,True
U00759,Retail Banking,Associate,Canada - East,Individual Contributor,2025-09-05,2026-04-02,4,2026-03-30,2026-04-16,Self-Paced eLearning,False,True
U00760,Technology,Manager,US - Northeast,People Manager,2019-05-06,2026-03-07,3,2026-03-03,2026-03-07,In-Person Workshop,False,True
U00761,Capital Markets,Associate,Canada - East,Individual Contributor,2016-04-08,2026-01-12,1,2026-01-08,,Live Virtual,False,True
U00762,Retail Banking,Relationship Manager,Europe,Individual Contributor,2024-11-18,2026-04-03,4,2026-03-29,,Live Virtual,False,True
U00763,Retail Banking,Director,Canada - East,Senior Leader,2024-06-02,2026-01-12,1,2026-01-11,2026-02-01,Live Virtual,False,True
U00764,Retail Banking,Analyst,Canada - East,Individual Contributor,2022-12-10,2026-06-21,6,2026-06-18,,Live Virtual,False,True
U00765,Risk and Compliance,Risk Analyst,US - Midwest,Individual Contributor,2020-09-07,2026-04-25,4,2026-04-20,2026-05-11,Live Virtual,False,True
U00766,Retail Banking,Relationship Manager,APAC,Individual Contributor,2017-04-19,2026-05-21,5,2026-05-15,,Live Virtual,False,True
U00767,Retail Banking,Relationship Manager,Canada - East,Individual Contributor,2016-07-07,2026-04-17,4,2026-04-10,,Self-Paced eLearning,False,True
U00768,Retail Banking,Relationship Manager,US - Northeast,Individual Contributor,2016-05-11,2026-04-14,4,2026-04-08,,Live Virtual,False,True
U00769,Retail Banking,Associate,US - Northeast,Individual Contributor,2024-02-05,2026-03-03,3,2026-03-03,,Self-Paced eLearning,False,True
U00770,Commercial Banking,Relationship Manager,Europe,Individual Contributor,2023-12-15,2026-03-10,3,2026-03-05,2026-03-15,Live Virtual,False,True
U00771,Retail Banking,Analyst,US - Northeast,Individual Contributor,2016-01-31,2026-04-06,4,2026-03-30,,Live Virtual,True,True
U00772,Technology,Director,Canada - West,Senior Leader,2016-03-21,2026-03-06,3,2026-02-28,2026-03-04,Live Virtual,False,True
U00773,Commercial Banking,Manager,Canada - East,People Manager,2025-02-08,2026-04-02,4,2026-03-30,2026-04-04,In-Person Workshop,False,True
U00774,Wealth Management,Relationship Manager,Canada - West,Individual Contributor,2020-07-20,2026-03-24,3,2026-03-24,,Self-Paced eLearning,False,True
U00775,Retail Banking,Associate,Canada - East,Individual Contributor,2022-02-23,2026-04-26,4,2026-04-19,2026-05-06,Manager-Led Briefing,False,True
U00776,Wealth Management,Associate,US - Midwest,Individual Contributor,2020-03-12,2026-05-13,5,2026-05-12,,Self-Paced eLearning,False,True
U00777,Commercial Banking,Relationship Manager,US - Northeast,Individual Contributor,2017-09-24,2026-02-03,2,2026-02-02,2026-02-05,Self-Paced eLearning,False,True
U00778,Retail Banking,Relationship Manager,Canada - West,Individual Contributor,2024-08-30,2026-01-13,1,2026-01-12,2026-01-17,Live Virtual,False,True
U00779,Capital Markets,Analyst,Canada - East,Individual Contributor,2024-12-22,2026-03-31,4,2026-03-27,2026-03-31,Live Virtual,False,True
U00780,Wealth Management,Associate,APAC,Individual Contributor,2020-08-03,2026-02-06,2,2026-02-04,2026-02-25,Self-Paced eLearning,False,True
U00781,Retail Banking,Relationship Manager,US - Northeast,Individual Contributor,2024-07-07,2026-04-01,4,2026-03-31,,Self-Paced eLearning,False,True
U00782,Risk and Compliance,Analyst,Canada - East,Individual Contributor,2019-03-06,2026-06-02,6,2026-05-30,,In-Person Workshop,False,True
U00783,Operations,Operations Specialist,Canada - West,Individual Contributor,2022-05-12,2026-04-25,4,2026-04-20,2026-05-04,In-Person Workshop,False,True
U00784,Commercial Banking,Manager,Canada - West,People Manager,2018-04-05,2026-04-03,4,2026-03-30,2026-04-11,In-Person Workshop,False,True
U00785,Corporate Functions,Operations Specialist,Canada - West,Individual Contributor,2018-03-22,2026-03-07,3,2026-03-06,2026-03-18,Self-Paced eLearning,False,True
U00786,Operations,Associate,Canada - West,Individual Contributor,2017-04-14,2026-03-11,3,2026-03-04,,Self-Paced eLearning,False,True
U00787,Wealth Management,Relationship Manager,Europe,Individual Contributor,2022-01-06,2026-02-08,2,2026-02-05,2026-02-13,Self-Paced eLearning,False,True
U00788,Operations,Associate,Canada - East,Individual Contributor,2017-08-12,2026-02-27,2,2026-02-24,,Live Virtual,False,True
U00789,Wealth Management,Associate,Canada - East,Individual Contributor,2018-04-27,2026-02-12,2,2026-02-12,2026-02-21,Self-Paced eLearning,False,True
U00790,Commercial Banking,Relationship Manager,Canada - East,Individual Contributor,2021-05-08,2026-04-07,4,2026-04-04,2026-04-08,Self-Paced eLearning,False,True
U00791,Retail Banking,Director,US - Northeast,Senior Leader,2021-01-17,2026-02-25,2,2026-02-24,,Live Virtual,False,True
U00792,Operations,Associate,Canada - West,Individual Contributor,2016-01-21,2026-04-01,4,2026-04-01,2026-04-19,Self-Paced eLearning,False,True
U00793,Operations,Manager,Europe,People Manager,2017-08-09,2026-03-05,3,2026-03-01,,Self-Paced eLearning,True,True
U00794,Retail Banking,Analyst,Canada - East,Individual Contributor,2022-02-04,2026-02-23,2,2026-02-21,2026-02-28,Self-Paced eLearning,False,True
U00795,Retail Banking,Relationship Manager,US - Northeast,Individual Contributor,2024-07-22,2026-02-27,2,2026-02-26,2026-03-17,Self-Paced eLearning,False,True
U00796,Operations,Operations Specialist,Canada - East,Individual Contributor,2022-05-30,2026-05-14,5,2026-05-08,,In-Person Workshop,False,True
U00797,Retail Banking,Associate,Canada - East,Individual Contributor,2016-11-29,2026-02-06,2,2026-01-31,2026-02-10,Self-Paced eLearning,False,True
U00798,Retail Banking,Associate,US - Northeast,Individual Contributor,2021-03-10,2026-06-03,6,2026-05-29,,In-Person Workshop,False,True
U00799,Capital Markets,Associate,Canada - East,Individual Contributor,2023-01-26,2026-02-23,2,2026-02-17,2026-02-27,Self-Paced eLearning,False,True
U00800,Capital Markets,Associate,Canada - East,Individual Contributor,2025-01-06,2026-02-28,2,2026-02-21,2026-03-04,In-Person Workshop,False,True
U00801,Capital Markets,Analyst,APAC,Individual Contributor,2020-12-24,2026-01-22,1,2026-01-18,2026-01-27,Self-Paced eLearning,False,True
U00802,Operations,Director,US - Northeast,Senior Leader,2025-10-24,2026-03-16,3,2026-03-15,2026-03-31,Self-Paced eLearning,False,True
U00803,Risk and Compliance,Risk Analyst,US - Midwest,Individual Contributor,2021-07-31,2026-06-05,6,2026-06-01,2026-06-17,Self-Paced eLearning,False,True
U00804,Commercial Banking,Relationship Manager,Canada - East,Individual Contributor,2021-09-16,,5,2026-05-13,,In-Person Workshop,False,False
U00805,Retail Banking,Director,US - Northeast,Senior Leader,2021-07-06,2026-02-12,2,2026-02-06,2026-02-20,Self-Paced eLearning,False,True
U00806,Retail Banking,Analyst,APAC,Individual Contributor,2017-04-01,2026-03-03,3,2026-03-02,2026-03-10,Self-Paced eLearning,False,True
U00807,Commercial Banking,Relationship Manager,Europe,Individual Contributor,2025-09-10,2026-02-23,2,2026-02-16,2026-02-21,Self-Paced eLearning,False,True
U00808,Retail Banking,Director,Canada - West,Senior Leader,2017-12-06,2026-01-27,1,2026-01-21,2026-01-24,Self-Paced eLearning,False,True
U00809,Technology,Developer,Canada - East,Individual Contributor,2020-05-27,2026-01-06,1,2026-01-05,2026-01-13,Live Virtual,False,True
U00810,Corporate Functions,Associate,Europe,Individual Contributor,2019-03-22,2026-05-22,5,2026-05-15,2026-05-29,Manager-Led Briefing,False,True
U00811,Retail Banking,Analyst,Canada - West,Individual Contributor,2018-02-16,2026-03-15,3,2026-03-13,2026-03-20,Self-Paced eLearning,False,True
U00812,Retail Banking,Associate,Canada - West,Individual Contributor,2018-11-18,2026-04-13,4,2026-04-08,,Live Virtual,False,True
U00813,Corporate Functions,Analyst,US - Northeast,Individual Contributor,2019-10-15,2026-06-13,6,2026-06-12,,Self-Paced eLearning,False,True
U00814,Commercial Banking,Manager,Europe,People Manager,2017-07-22,2026-02-22,2,2026-02-15,2026-02-25,Manager-Led Briefing,False,True
U00815,Retail Banking,Analyst,Canada - West,Individual Contributor,2017-08-24,2026-01-14,1,2026-01-11,2026-01-31,In-Person Workshop,True,True
U00816,Risk and Compliance,Risk Analyst,Canada - West,Individual Contributor,2023-11-22,2026-05-09,5,2026-05-03,2026-05-07,Self-Paced eLearning,False,True
U00817,Risk and Compliance,Analyst,Canada - West,Individual Contributor,2019-02-03,2026-04-13,4,2026-04-11,2026-04-18,Live Virtual,False,True
U00818,Technology,Developer,US - Midwest,Individual Contributor,2024-11-11,2026-01-06,1,2026-01-06,2026-01-16,Self-Paced eLearning,True,False
U00819,Commercial Banking,Relationship Manager,Canada - West,Individual Contributor,2016-09-05,2026-05-18,5,2026-05-11,2026-05-23,Manager-Led Briefing,False,True
U00820,Retail Banking,Manager,Canada - West,People Manager,2016-12-13,2026-05-01,5,2026-04-28,2026-05-10,Live Virtual,False,True
U00821,Retail Banking,Associate,Canada - East,Individual Contributor,2021-01-07,2026-06-17,6,2026-06-12,2026-06-21,Self-Paced eLearning,False,False
U00822,Commercial Banking,Manager,Canada - West,People Manager,2020-07-06,2026-04-10,4,2026-04-08,,Self-Paced eLearning,False,True
U00823,Operations,Associate,Canada - West,Individual Contributor,2021-05-24,2026-06-10,6,2026-06-04,,In-Person Workshop,False,True
U00824,Commercial Banking,Analyst,Europe,Individual Contributor,2018-01-28,2026-03-23,3,2026-03-18,2026-03-26,Live Virtual,False,True
U00825,Wealth Management,Relationship Manager,US - Midwest,Individual Contributor,2016-12-01,2026-05-08,5,2026-05-03,2026-05-18,Self-Paced eLearning,False,True
U00826,Retail Banking,Relationship Manager,Canada - West,Individual Contributor,2017-07-13,2026-04-05,4,2026-04-01,2026-04-20,Self-Paced eLearning,False,True
U00827,Commercial Banking,Relationship Manager,Canada - West,Individual Contributor,2019-10-29,2026-04-23,4,2026-04-20,,Self-Paced eLearning,True,True
U00828,Retail Banking,Relationship Manager,APAC,Individual Contributor,2020-07-09,2026-03-06,3,2026-02-28,,Self-Paced eLearning,False,True
U00829,Risk and Compliance,Associate,Europe,Individual Contributor,2018-08-14,2026-05-31,6,2026-05-29,2026-06-12,In-Person Workshop,False,True
U00830,Retail Banking,Analyst,Europe,Individual Contributor,2016-11-09,2026-01-08,1,2026-01-01,,Self-Paced eLearning,True,True
U00831,Commercial Banking,Relationship Manager,Canada - East,Individual Contributor,2019-10-06,2026-03-11,3,2026-03-11,2026-03-26,Live Virtual,False,True
U00832,Technology,Director,APAC,Senior Leader,2025-07-25,2026-05-08,5,2026-05-02,2026-05-19,In-Person Workshop,False,False
U00833,Operations,Operations Specialist,Canada - East,Individual Contributor,2021-04-13,2026-06-06,6,2026-06-04,2026-06-19,In-Person Workshop,True,True
U00834,Commercial Banking,Relationship Manager,Canada - West,Individual Contributor,2022-10-20,2026-04-16,4,2026-04-14,2026-04-17,Self-Paced eLearning,False,True
U00835,Capital Markets,Analyst,Europe,Individual Contributor,2018-01-04,2026-01-31,1,2026-01-26,2026-02-05,Live Virtual,False,True
U00836,Technology,Developer,US - Northeast,Individual Contributor,2016-10-20,2026-03-19,3,2026-03-17,2026-03-31,In-Person Workshop,False,True
U00837,Capital Markets,Developer,Canada - West,Individual Contributor,2016-12-08,2026-03-22,3,2026-03-15,2026-03-30,Self-Paced eLearning,False,True
U00838,Corporate Functions,Manager,US - Northeast,People Manager,2016-04-24,2026-04-03,4,2026-03-31,2026-04-09,Self-Paced eLearning,False,True
U00839,Operations,Manager,Canada - West,People Manager,2025-04-19,2026-01-29,1,2026-01-23,,Self-Paced eLearning,False,True
U00840,Technology,Developer,APAC,Individual Contributor,2024-12-29,2026-02-08,2,2026-02-01,2026-02-17,In-Person Workshop,False,True
U00841,Retail Banking,Associate,APAC,Individual Contributor,2024-03-01,2026-01-14,1,2026-01-09,,Self-Paced eLearning,False,True
U00842,Wealth Management,Manager,Canada - West,People Manager,2016-04-26,2026-04-11,4,2026-04-09,2026-04-15,Self-Paced eLearning,False,True
U00843,Technology,Developer,Canada - East,Individual Contributor,2017-07-30,2026-01-06,1,2026-01-02,2026-01-20,Live Virtual,True,True
U00844,Operations,Operations Specialist,Canada - West,Individual Contributor,2021-09-11,,3,2026-03-04,,Self-Paced eLearning,,False
U00845,Retail Banking,Relationship Manager,APAC,Individual Contributor,2016-03-31,2026-05-11,5,2026-05-04,2026-05-24,Manager-Led Briefing,True,True
U00846,Risk and Compliance,Analyst,Canada - East,Individual Contributor,2024-06-11,2026-05-30,6,2026-05-23,2026-06-11,Manager-Led Briefing,False,True
U00847,Operations,Operations Specialist,Canada - East,Individual Contributor,2022-07-16,2026-03-06,3,2026-03-02,2026-03-20,Self-Paced eLearning,False,True
U00848,Commercial Banking,Relationship Manager,Canada - East,Individual Contributor,2021-09-27,2026-04-10,4,2026-04-07,2026-04-22,Self-Paced eLearning,False,True
U00849,Retail Banking,Manager,US - Midwest,People Manager,2021-10-03,2026-02-21,2,2026-02-20,2026-03-07,In-Person Workshop,False,True
U00850,Corporate Functions,Manager,APAC,People Manager,2023-02-26,2026-06-17,6,2026-06-12,2026-06-17,Live Virtual,False,True
U00851,Retail Banking,Analyst,Canada - East,Individual Contributor,2025-12-02,2026-04-06,4,2026-04-01,,Self-Paced eLearning,False,True
U00852,Retail Banking,Associate,APAC,Individual Contributor,2016-02-15,2026-03-08,3,2026-03-05,2026-03-10,Self-Paced eLearning,False,True
U00853,Wealth Management,Analyst,Europe,Individual Contributor,2021-12-05,2026-04-28,5,2026-04-22,2026-05-08,Self-Paced eLearning,False,True
U00854,Risk and Compliance,Risk Analyst,Canada - East,Individual Contributor,2023-10-06,2026-04-16,4,2026-04-12,2026-04-28,Manager-Led Briefing,False,True
U00855,Retail Banking,Relationship Manager,US - Northeast,Individual Contributor,2021-12-12,2026-02-22,2,2026-02-22,,Self-Paced eLearning,False,True
U00856,Technology,Analyst,Canada - East,Individual Contributor,2023-04-15,2026-03-15,3,2026-03-14,,Live Virtual,True,True
U00857,Capital Markets,Analyst,Canada - East,Individual Contributor,2021-08-22,2026-02-02,2,2026-01-29,2026-02-09,In-Person Workshop,False,True
U00858,Risk and Compliance,Analyst,Europe,Individual Contributor,2018-12-27,2026-05-04,5,2026-05-01,2026-05-07,In-Person Workshop,False,True
U00859,Operations,Associate,Europe,Individual Contributor,2023-07-22,2026-02-26,2,2026-02-25,,Live Virtual,False,True
U00860,Technology,Director,Canada - West,Senior Leader,2016-01-12,2026-04-22,4,2026-04-17,2026-05-06,Manager-Led Briefing,False,True
U00861,Capital Markets,Developer,US - Northeast,Individual Contributor,2016-10-10,2026-02-05,2,2026-02-01,2026-02-10,Live Virtual,False,True
U00862,Capital Markets,Analyst,Canada - East,Individual Contributor,2019-10-17,2026-04-13,4,2026-04-08,2026-04-23,Live Virtual,False,True
U00863,Wealth Management,Relationship Manager,US - Northeast,Individual Contributor,2024-05-30,2026-03-05,3,2026-03-01,,In-Person Workshop,False,True
U00864,Technology,Manager,APAC,People Manager,2016-10-30,2026-04-15,4,2026-04-08,2026-04-21,Live Virtual,False,True
U00865,Retail Banking,Relationship Manager,Canada - East,Individual Contributor,2025-08-08,2026-05-08,5,2026-05-03,2026-05-18,Live Virtual,True,True
U00866,Risk and Compliance,Analyst,APAC,Individual Contributor,2019-01-22,2026-06-21,6,2026-06-21,2026-07-04,Manager-Led Briefing,False,True
U00867,Risk and Compliance,Director,Canada - West,Senior Leader,2016-08-04,2026-04-05,4,2026-04-04,2026-04-11,Live Virtual,False,True
U00868,Wealth Management,Analyst,Canada - West,Individual Contributor,2022-10-16,2026-04-12,4,2026-04-09,2026-04-17,Self-Paced eLearning,False,True
U00869,Retail Banking,Manager,APAC,People Manager,2019-11-29,2026-06-15,6,2026-06-15,2026-06-30,Self-Paced eLearning,False,True
U00870,Retail Banking,Analyst,Europe,Individual Contributor,2022-05-17,2026-06-09,6,2026-06-04,,Manager-Led Briefing,False,True
U00871,Capital Markets,Analyst,Canada - West,Individual Contributor,2017-07-08,2026-01-17,1,2026-01-11,2026-01-24,Live Virtual,True,True
U00872,Retail Banking,Associate,US - Northeast,Individual Contributor,2021-11-25,2026-06-19,6,2026-06-12,,Self-Paced eLearning,False,True
U00873,Corporate Functions,Analyst,Canada - East,Individual Contributor,2017-11-23,2026-04-28,5,2026-04-21,2026-04-27,Live Virtual,False,True
U00874,Operations,Manager,US - Northeast,People Manager,2024-11-18,2026-04-19,4,2026-04-18,,In-Person Workshop,False,True
U00875,Capital Markets,Manager,US - Northeast,People Manager,2024-06-29,2026-01-28,1,2026-01-24,,Live Virtual,True,True
U00876,Risk and Compliance,Risk Analyst,Canada - East,Individual Contributor,2020-07-04,2026-05-15,5,2026-05-14,2026-05-26,In-Person Workshop,True,True
U00877,Operations,Operations Specialist,Canada - East,Individual Contributor,2024-12-08,2026-02-14,2,2026-02-12,2026-02-23,Self-Paced eLearning,False,True
U00878,Operations,Operations Specialist,US - Northeast,Individual Contributor,2020-02-17,2026-05-21,5,2026-05-18,2026-06-03,Self-Paced eLearning,False,True
U00879,Commercial Banking,Associate,Europe,Individual Contributor,2021-06-05,2026-01-30,1,2026-01-28,2026-02-03,In-Person Workshop,False,True
U00880,Commercial Banking,Analyst,US - Northeast,Individual Contributor,2019-03-09,2026-04-26,4,2026-04-26,2026-04-29,Live Virtual,False,True
U00881,Operations,Operations Specialist,US - Northeast,Individual Contributor,2016-02-13,2026-04-04,4,2026-03-30,2026-04-05,Self-Paced eLearning,False,True
U00882,Commercial Banking,Relationship Manager,Canada - West,Individual Contributor,2020-06-12,2026-02-26,2,2026-02-19,2026-03-05,Live Virtual,False,True
U00883,Risk and Compliance,Associate,Canada - West,Individual Contributor,2022-05-30,2026-04-19,4,2026-04-13,2026-04-30,Self-Paced eLearning,False,True
U00884,Technology,Developer,US - Midwest,Individual Contributor,2021-08-30,2026-02-19,2,2026-02-17,2026-03-02,Self-Paced eLearning,False,True
U00885,Retail Banking,Director,Europe,Senior Leader,2019-11-29,2026-02-07,2,2026-02-02,2026-02-21,In-Person Workshop,False,True
U00886,Operations,Operations Specialist,Canada - West,Individual Contributor,2017-01-12,2026-04-09,4,2026-04-07,2026-04-14,Self-Paced eLearning,False,True
U00887,Operations,Operations Specialist,Canada - West,Individual Contributor,2018-12-04,2026-05-04,5,2026-05-04,,Live Virtual,False,True
U00888,Retail Banking,Manager,Canada - East,People Manager,2022-12-19,2026-04-18,4,2026-04-14,2026-04-25,In-Person Workshop,False,True
U00889,Retail Banking,Associate,US - Northeast,Individual Contributor,2017-05-16,2026-05-12,5,2026-05-05,,Self-Paced eLearning,False,True
U00890,Commercial Banking,Relationship Manager,Europe,Individual Contributor,2016-02-17,2026-01-21,1,2026-01-16,,Self-Paced eLearning,True,True
U00891,Operations,Operations Specialist,US - Northeast,Individual Contributor,2023-02-16,2026-01-18,1,2026-01-16,2026-01-26,In-Person Workshop,False,True
U00892,Corporate Functions,Operations Specialist,US - Northeast,Individual Contributor,2021-06-16,2026-03-15,3,2026-03-11,,In-Person Workshop,False,False
U00893,Retail Banking,Relationship Manager,Canada - West,Individual Contributor,2025-04-22,2026-03-27,3,2026-03-22,2026-04-10,Self-Paced eLearning,False,True
U00894,Retail Banking,Relationship Manager,US - Northeast,Individual Contributor,2024-07-22,2026-01-06,1,2025-12-30,2026-01-08,Live Virtual,False,True
U00895,Capital Markets,Associate,Canada - East,Individual Contributor,2021-09-25,2026-02-05,2,2026-01-29,2026-02-14,Self-Paced eLearning,False,True
U00896,Risk and Compliance,Risk Analyst,Canada - East,Individual Contributor,2019-05-03,2026-04-12,4,2026-04-11,2026-04-19,Self-Paced eLearning,True,True
U00897,Retail Banking,Relationship Manager,US - Northeast,Individual Contributor,2023-07-19,2026-04-07,4,2026-04-04,,Manager-Led Briefing,False,True
U00898,Retail Banking,Associate,Canada - East,Individual Contributor,2017-04-27,2026-05-05,5,2026-04-29,,Self-Paced eLearning,True,False
U00899,Retail Banking,Analyst,Europe,Individual Contributor,2020-05-09,2026-06-06,6,2026-06-01,,Live Virtual,False,True
U00900,Technology,Developer,Canada - East,Individual Contributor,2024-03-26,2026-03-01,2,2026-02-26,2026-03-15,Self-Paced eLearning,True,True
U00901,Technology,Developer,Canada - West,Individual Contributor,2019-07-22,2026-02-15,2,2026-02-12,2026-03-04,In-Person Workshop,False,True
U00902,Retail Banking,Relationship Manager,Europe,Individual Contributor,2023-09-23,2026-03-26,3,2026-03-20,2026-03-23,Self-Paced eLearning,False,True
U00903,Retail Banking,Analyst,Canada - West,Individual Contributor,2019-04-10,2026-03-07,3,2026-03-06,,Live Virtual,False,True
U00904,Technology,Analyst,Canada - East,Individual Contributor,2018-06-19,2026-01-26,1,2026-01-25,2026-02-14,Self-Paced eLearning,False,True
U00905,Corporate Functions,Associate,Canada - West,Individual Contributor,2022-06-29,2026-03-24,3,2026-03-20,,Self-Paced eLearning,False,True
U00906,Commercial Banking,Relationship Manager,Canada - West,Individual Contributor,2018-12-09,2026-04-27,5,2026-04-26,,Self-Paced eLearning,True,True
U00907,Technology,Manager,US - Midwest,People Manager,2024-06-14,2026-03-11,3,2026-03-10,2026-03-27,Live Virtual,False,True
U00908,Retail Banking,Analyst,Canada - West,Individual Contributor,2018-08-05,2026-06-09,6,2026-06-07,,In-Person Workshop,False,True
U00909,Retail Banking,Analyst,Europe,Individual Contributor,2025-09-05,2026-03-02,3,2026-02-24,2026-03-08,In-Person Workshop,False,True
U00910,Operations,Manager,US - Northeast,People Manager,2022-06-30,2026-01-25,1,2026-01-19,2026-02-02,Self-Paced eLearning,False,True
U00911,Capital Markets,Analyst,Canada - West,Individual Contributor,2017-12-08,2026-05-06,5,2026-05-03,,In-Person Workshop,True,True
U00912,Risk and Compliance,Risk Analyst,Europe,Individual Contributor,2018-01-12,2026-06-04,6,2026-05-28,2026-06-16,In-Person Workshop,False,False
U00913,Risk and Compliance,Manager,Canada - East,People Manager,2019-04-07,2026-05-10,5,2026-05-08,2026-05-27,In-Person Workshop,False,True
U00914,Corporate Functions,Associate,Europe,Individual Contributor,2018-10-31,2026-03-03,3,2026-02-25,2026-03-07,Self-Paced eLearning,False,True
U00915,Corporate Functions,Director,Canada - East,Senior Leader,2019-01-21,2026-04-08,4,2026-04-05,2026-04-24,In-Person Workshop,False,True
U00916,Corporate Functions,Director,Europe,Senior Leader,2022-05-03,2026-05-19,5,2026-05-17,2026-05-25,Self-Paced eLearning,False,True
U00917,Retail Banking,Associate,Europe,Individual Contributor,2017-07-29,2026-01-27,1,2026-01-22,,Self-Paced eLearning,False,True
U00918,Retail Banking,Associate,US - Northeast,Individual Contributor,2025-09-23,2026-05-16,5,2026-05-16,2026-05-26,Live Virtual,False,True
U00919,Operations,Manager,Canada - East,People Manager,2018-05-25,2026-05-01,5,2026-04-27,2026-05-12,Self-Paced eLearning,False,True
U00920,Technology,Associate,US - Midwest,Individual Contributor,2018-01-18,2026-02-03,2,2026-02-02,2026-02-14,Self-Paced eLearning,False,True
U00921,Retail Banking,Associate,Canada - West,Individual Contributor,2025-09-09,2026-02-28,2,2026-02-22,,Manager-Led Briefing,False,True
U00922,Wealth Management,Relationship Manager,US - Northeast,Individual Contributor,2025-06-30,2026-05-26,6,2026-05-24,2026-06-03,In-Person Workshop,False,True
U00923,Commercial Banking,Analyst,US - Northeast,Individual Contributor,2020-12-31,2026-02-25,2,2026-02-25,,Self-Paced eLearning,False,True
U00924,Technology,Analyst,US - Northeast,Individual Contributor,2021-10-05,2026-01-05,1,2025-12-30,,Live Virtual,False,True
U00925,Retail Banking,Associate,Canada - West,Individual Contributor,2024-02-08,2026-05-27,6,2026-05-25,,In-Person Workshop,False,True
U00926,Retail Banking,Relationship Manager,US - Northeast,Individual Contributor,2022-11-05,2026-05-23,5,2026-05-21,2026-06-09,Self-Paced eLearning,False,True
U00927,Retail Banking,Relationship Manager,US - Northeast,Individual Contributor,2023-06-16,2026-02-03,2,2026-01-29,2026-02-15,Self-Paced eLearning,True,True
U00928,Wealth Management,Analyst,Canada - East,Individual Contributor,2019-04-12,2026-05-11,5,2026-05-11,2026-05-16,In-Person Workshop,False,True
U00929,Commercial Banking,Associate,APAC,Individual Contributor,2017-12-24,2026-03-28,3,2026-03-22,2026-04-09,Live Virtual,False,False
U00930,Capital Markets,Associate,US - Midwest,Individual Contributor,2022-09-13,2026-05-09,5,2026-05-08,2026-05-26,In-Person Workshop,False,True
U00931,Operations,Operations Specialist,US - Northeast,Individual Contributor,2019-09-29,2026-04-13,4,2026-04-11,2026-04-29,Self-Paced eLearning,False,True
U00932,Operations,Operations Specialist,Canada - West,Individual Contributor,2019-10-11,2026-03-17,3,2026-03-17,,Self-Paced eLearning,False,True
U00933,Operations,Operations Specialist,US - Northeast,Individual Contributor,2022-09-03,2026-03-10,3,2026-03-03,,Live Virtual,False,True
U00934,Capital Markets,Associate,Canada - East,Individual Contributor,2024-08-17,2026-05-03,5,2026-04-29,2026-05-17,Live Virtual,False,True
U00935,Capital Markets,Developer,Europe,Individual Contributor,2017-12-29,2026-06-18,6,2026-06-16,2026-07-04,In-Person Workshop,False,True
U00936,Retail Banking,Relationship Manager,Canada - East,Individual Contributor,2024-05-29,2026-01-10,1,2026-01-09,2026-01-15,Self-Paced eLearning,False,True
U00937,Corporate Functions,Associate,Canada - East,Individual Contributor,2016-08-08,2026-01-14,1,2026-01-14,2026-01-25,Live Virtual,True,True
U00938,Retail Banking,Associate,US - Northeast,Individual Contributor,2018-06-28,2026-05-29,6,2026-05-23,,Live Virtual,False,True
U00939,Risk and Compliance,Associate,Europe,Individual Contributor,2022-06-18,2026-03-07,3,2026-03-06,2026-03-11,Live Virtual,False,True
U00940,Retail Banking,Analyst,US - Northeast,Individual Contributor,2025-05-19,2026-02-27,2,2026-02-21,2026-02-27,Live Virtual,True,True
U00941,Retail Banking,Analyst,Canada - East,Individual Contributor,2023-08-02,2026-04-05,4,2026-04-05,,In-Person Workshop,False,True
U00942,Wealth Management,Relationship Manager,US - Midwest,Individual Contributor,2017-08-26,2026-03-15,3,2026-03-10,2026-03-30,Self-Paced eLearning,True,True
U00943,Retail Banking,Relationship Manager,Canada - East,Individual Contributor,2018-09-30,2026-06-21,6,2026-06-19,2026-06-30,Self-Paced eLearning,True,True
U00944,Operations,Operations Specialist,US - Northeast,Individual Contributor,2017-07-30,2026-02-08,2,2026-02-04,2026-02-08,Self-Paced eLearning,False,False
U00945,Operations,Operations Specialist,US - Northeast,Individual Contributor,2016-03-24,2026-05-27,6,2026-05-24,2026-06-09,In-Person Workshop,False,True
U00946,Retail Banking,Analyst,Canada - East,Individual Contributor,2020-03-12,,3,2026-03-14,2026-04-03,In-Person Workshop,False,False
U00947,Capital Markets,Manager,Europe,People Manager,2019-04-20,2026-04-23,4,2026-04-21,2026-05-09,Live Virtual,False,True
U00948,Wealth Management,Analyst,Canada - West,Individual Contributor,2016-08-07,,6,2026-05-29,,In-Person Workshop,False,False
U00949,Risk and Compliance,Risk Analyst,US - Northeast,Individual Contributor,2025-11-23,2026-04-05,4,2026-04-04,,Self-Paced eLearning,False,True
U00950,Operations,Operations Specialist,APAC,Individual Contributor,2024-09-14,2026-05-19,5,2026-05-12,2026-05-16,Self-Paced eLearning,False,True
U00951,Technology,Analyst,Europe,Individual Contributor,2024-04-19,2026-01-08,1,2026-01-06,2026-01-10,Self-Paced eLearning,True,True
U00952,Retail Banking,Relationship Manager,Canada - East,Individual Contributor,2018-01-15,2026-03-06,3,2026-03-04,2026-03-18,Live Virtual,True,True
U00953,Retail Banking,Associate,Canada - West,Individual Contributor,2020-07-20,2026-05-26,6,2026-05-26,,Manager-Led Briefing,False,True
U00954,Retail Banking,Analyst,Canada - East,Individual Contributor,2024-11-29,2026-03-12,3,2026-03-09,,Self-Paced eLearning,False,True
U00955,Corporate Functions,Associate,Europe,Individual Contributor,2016-06-24,2026-03-22,3,2026-03-19,2026-04-01,In-Person Workshop,False,True
U00956,Risk and Compliance,Risk Analyst,Canada - East,Individual Contributor,2019-05-23,2026-06-07,6,2026-06-05,2026-06-11,In-Person Workshop,False,True
U00957,Capital Markets,Analyst,Europe,Individual Contributor,2020-05-16,2026-01-11,1,2026-01-11,2026-01-24,Self-Paced eLearning,True,True
U00958,Technology,Director,US - Northeast,Senior Leader,2021-12-13,2026-02-28,2,2026-02-22,2026-03-02,Self-Paced eLearning,True,True
U00959,Technology,Developer,Canada - East,Individual Contributor,2023-10-23,2026-03-04,3,2026-02-28,2026-03-17,In-Person Workshop,False,True
U00960,Technology,Developer,Canada - East,Individual Contributor,2025-05-05,2026-02-06,2,2026-02-04,2026-02-12,Self-Paced eLearning,False,True
U00961,Technology,Associate,Canada - East,Individual Contributor,2016-06-12,2026-03-17,3,2026-03-12,2026-03-29,Manager-Led Briefing,True,True
U00962,Operations,Operations Specialist,Canada - East,Individual Contributor,2019-12-20,2026-02-05,2,2026-02-01,2026-02-14,Self-Paced eLearning,False,True
U00963,Retail Banking,Relationship Manager,US - Northeast,Individual Contributor,2019-10-04,2026-03-31,4,2026-03-25,,Manager-Led Briefing,False,True
U00964,Retail Banking,Relationship Manager,APAC,Individual Contributor,2017-01-22,2026-01-26,1,2026-01-21,2026-01-24,Self-Paced eLearning,False,True
U00965,Corporate Functions,Associate,US - Northeast,Individual Contributor,2017-07-02,2026-02-24,2,2026-02-17,,Self-Paced eLearning,False,True
U00966,Technology,Analyst,US - Northeast,Individual Contributor,2022-06-02,2026-02-19,2,2026-02-13,,Live Virtual,True,True
U00967,Corporate Functions,Operations Specialist,US - Northeast,Individual Contributor,2021-07-25,2026-04-24,4,2026-04-20,2026-05-06,Live Virtual,False,True
U00968,Retail Banking,Director,Canada - East,Senior Leader,2019-06-22,2026-04-20,4,2026-04-16,2026-05-07,Live Virtual,True,True
U00969,Technology,Developer,US - Northeast,Individual Contributor,2024-02-12,2026-03-05,3,2026-03-01,2026-03-05,Self-Paced eLearning,True,True
U00970,Retail Banking,Relationship Manager,US - Northeast,Individual Contributor,2022-11-24,2026-04-12,4,2026-04-07,2026-04-16,Live Virtual,False,False
U00971,Retail Banking,Associate,Canada - East,Individual Contributor,2020-02-17,2026-03-17,3,2026-03-11,2026-03-23,Self-Paced eLearning,False,True
U00972,Retail Banking,Associate,Canada - East,Individual Contributor,2016-10-23,2026-05-14,5,2026-05-08,,Self-Paced eLearning,False,True
U00973,Retail Banking,Relationship Manager,US - Midwest,Individual Contributor,2023-12-02,2026-01-23,1,2026-01-20,2026-02-03,Self-Paced eLearning,False,True
U00974,Risk and Compliance,Risk Analyst,Europe,Individual Contributor,2019-08-17,2026-05-31,6,2026-05-26,2026-05-31,Self-Paced eLearning,False,True
U00975,Operations,Operations Specialist,Canada - East,Individual Contributor,2025-07-30,2026-06-15,6,2026-06-11,2026-06-28,In-Person Workshop,False,True
U00976,Commercial Banking,Manager,Canada - West,People Manager,2019-10-22,2026-01-19,1,2026-01-18,,Manager-Led Briefing,False,True
U00977,Technology,Analyst,Europe,Individual Contributor,2023-07-04,2026-01-22,1,2026-01-20,2026-02-05,In-Person Workshop,False,True
U00978,Operations,Operations Specialist,US - Northeast,Individual Contributor,2023-03-03,2026-02-16,2,2026-02-12,,Self-Paced eLearning,True,True
U00979,Technology,Developer,Canada - East,Individual Contributor,2017-11-26,2026-03-18,3,2026-03-16,2026-03-23,Live Virtual,False,True
U00980,Retail Banking,Relationship Manager,Canada - West,Individual Contributor,2016-04-14,2026-05-14,5,2026-05-08,,Live Virtual,False,True
U00981,Corporate Functions,Operations Specialist,APAC,Individual Contributor,2017-12-22,2026-05-05,5,2026-04-28,2026-05-02,Live Virtual,False,True
U00982,Wealth Management,Director,Canada - West,Senior Leader,2019-05-16,2026-04-11,4,2026-04-06,2026-04-14,Self-Paced eLearning,True,True
U00983,Capital Markets,Director,Canada - East,Senior Leader,2024-08-13,2026-03-26,3,2026-03-24,,Manager-Led Briefing,False,True
U00984,Technology,Developer,US - Northeast,Individual Contributor,2023-08-14,2026-01-31,1,2026-01-25,,Live Virtual,False,True
U00985,Retail Banking,Associate,US - Northeast,Individual Contributor,2017-01-18,2026-05-12,5,2026-05-08,,Self-Paced eLearning,False,True
U00986,Risk and Compliance,Risk Analyst,Canada - East,Individual Contributor,2025-03-02,2026-05-28,6,2026-05-24,2026-06-05,Self-Paced eLearning,False,True
U00987,Operations,Operations Specialist,Canada - East,Individual Contributor,2025-04-21,2026-06-06,6,2026-06-02,2026-06-14,Self-Paced eLearning,False,True
U00988,Retail Banking,Analyst,APAC,Individual Contributor,2017-06-17,2026-01-27,1,2026-01-27,2026-02-03,Self-Paced eLearning,False,True
U00989,Operations,Operations Specialist,Canada - East,Individual Contributor,2016-02-15,2026-04-15,4,2026-04-14,,Live Virtual,False,True
U00990,Wealth Management,Associate,US - Midwest,Individual Contributor,2025-08-17,2026-05-16,5,2026-05-15,2026-05-21,Self-Paced eLearning,False,True
U00991,Commercial Banking,Relationship Manager,Europe,Individual Contributor,2019-09-22,2026-04-19,4,2026-04-15,,Live Virtual,False,True
U00992,Capital Markets,Analyst,Canada - East,Individual Contributor,2016-02-21,2026-03-22,3,2026-03-20,2026-03-31,Self-Paced eLearning,False,True
U00993,Wealth Management,Relationship Manager,US - Midwest,Individual Contributor,2021-03-02,2026-05-09,5,2026-05-05,2026-05-17,In-Person Workshop,False,True
U00994,Retail Banking,Analyst,Canada - East,Individual Contributor,2021-08-18,2026-05-19,5,2026-05-12,,Live Virtual,False,True
U00995,Risk and Compliance,Associate,APAC,Individual Contributor,2024-10-21,2026-05-16,5,2026-05-16,2026-05-27,Live Virtual,True,True
U00996,Operations,Operations Specialist,APAC,Individual Contributor,2021-01-22,2026-03-28,3,2026-03-27,,In-Person Workshop,False,True
U00997,Commercial Banking,Relationship Manager,US - Midwest,Individual Contributor,2017-12-13,2026-06-01,6,2026-05-25,2026-05-31,Self-Paced eLearning,False,True
U00998,Retail Banking,Relationship Manager,Canada - West,Individual Contributor,2024-12-22,2026-06-07,6,2026-05-31,,Self-Paced eLearning,True,True
U00999,Corporate Functions,Director,APAC,Senior Leader,2016-06-21,2026-05-14,5,2026-05-08,2026-05-16,Manager-Led Briefing,False,False
U01000,Operations,Operations Specialist,APAC,Individual Contributor,2017-03-08,2026-03-04,3,2026-02-25,,Live Virtual,False,True
U01001,Retail Banking,Relationship Manager,Canada - East,Individual Contributor,2022-07-19,2026-03-19,3,2026-03-17,,Live Virtual,False,True
U01002,Operations,Associate,Canada - East,Individual Contributor,2023-11-22,2026-03-12,3,2026-03-07,,Live Virtual,False,True
U01003,Retail Banking,Analyst,Canada - East,Individual Contributor,2019-08-26,2026-02-10,2,2026-02-10,,Self-Paced eLearning,False,True
U01004,Retail Banking,Manager,Europe,People Manager,2016-08-13,2026-03-21,3,2026-03-20,,Live Virtual,False,True
U01005,Commercial Banking,Relationship Manager,Europe,Individual Contributor,2019-08-19,2026-04-06,4,2026-04-05,2026-04-22,Live Virtual,False,True
U01006,Operations,Operations Specialist,Canada - East,Individual Contributor,2018-12-24,2026-02-13,2,2026-02-07,2026-02-21,Self-Paced eLearning,False,True
U01007,Risk and Compliance,Associate,US - Midwest,Individual Contributor,2023-09-12,2026-05-08,5,2026-05-08,2026-05-22,Live Virtual,False,True
U01008,Operations,Manager,US - Northeast,People Manager,2016-04-08,2026-02-04,2,2026-01-31,,Self-Paced eLearning,False,True
U01009,Capital Markets,Associate,US - Northeast,Individual Contributor,2022-04-24,2026-04-12,4,2026-04-06,2026-04-27,Live Virtual,True,True
U01010,Technology,Developer,Canada - East,Individual Contributor,2016-12-13,2026-02-22,2,2026-02-16,2026-02-27,Self-Paced eLearning,True,True
U01011,Commercial Banking,Analyst,US - Northeast,Individual Contributor,2019-08-01,2026-03-28,3,2026-03-24,2026-04-04,Live Virtual,False,True
U01012,Commercial Banking,Relationship Manager,APAC,Individual Contributor,2017-10-29,2026-02-24,2,2026-02-18,,Live Virtual,False,True
U01013,Technology,Analyst,Canada - East,Individual Contributor,2018-11-08,2026-01-24,1,2026-01-19,2026-01-27,Self-Paced eLearning,False,True
U01014,Corporate Functions,Operations Specialist,APAC,Individual Contributor,2016-07-15,2026-05-18,5,2026-05-13,,Live Virtual,False,True
U01015,Operations,Operations Specialist,Canada - East,Individual Contributor,2020-06-25,2026-02-25,2,2026-02-20,2026-03-04,Live Virtual,True,True
U01016,Retail Banking,Relationship Manager,US - Midwest,Individual Contributor,2017-10-27,2026-03-19,3,2026-03-18,2026-04-07,Manager-Led Briefing,False,True
U01017,Commercial Banking,Associate,Canada - West,Individual Contributor,2016-09-09,2026-05-23,5,2026-05-19,2026-06-05,Self-Paced eLearning,False,True
U01018,Wealth Management,Relationship Manager,Canada - West,Individual Contributor,2025-08-09,2026-02-28,2,2026-02-26,2026-03-06,Self-Paced eLearning,True,True
U01019,Retail Banking,Relationship Manager,US - Northeast,Individual Contributor,2016-04-04,2026-01-18,1,2026-01-16,,Self-Paced eLearning,True,True
U01020,Operations,Manager,US - Midwest,People Manager,2024-12-02,2026-04-18,4,2026-04-18,2026-05-08,Live Virtual,False,True
U01021,Risk and Compliance,Risk Analyst,APAC,Individual Contributor,2016-04-09,2026-04-14,4,2026-04-14,2026-04-28,Live Virtual,False,True
U01022,Capital Markets,Analyst,US - Northeast,Individual Contributor,2021-03-27,2026-01-08,1,2026-01-03,,Self-Paced eLearning,False,True
U01023,Corporate Functions,Director,APAC,Senior Leader,2022-11-01,2026-03-02,3,2026-03-02,2026-03-23,Manager-Led Briefing,False,True
U01024,Technology,Developer,Canada - East,Individual Contributor,2024-02-15,2026-03-19,3,2026-03-18,2026-03-26,In-Person Workshop,False,True
U01025,Commercial Banking,Relationship Manager,Canada - East,Individual Contributor,2019-08-27,2026-04-10,4,2026-04-05,2026-04-12,Self-Paced eLearning,False,True
U01026,Operations,Operations Specialist,APAC,Individual Contributor,2017-06-15,2026-02-22,2,2026-02-22,2026-02-28,Live Virtual,False,True
U01027,Corporate Functions,Analyst,Canada - West,Individual Contributor,2020-01-13,2026-05-09,5,2026-05-09,2026-05-28,Live Virtual,False,True
U01028,Operations,Associate,Canada - East,Individual Contributor,2019-08-22,2026-01-07,1,2026-01-02,,Live Virtual,False,True
U01029,Capital Markets,Associate,Canada - East,Individual Contributor,2017-12-16,2026-04-29,5,2026-04-24,,Manager-Led Briefing,False,True
U01030,Operations,Associate,Canada - West,Individual Contributor,2017-04-11,2026-01-06,1,2026-01-02,2026-01-16,Live Virtual,False,True
U01031,Technology,Developer,APAC,Individual Contributor,2024-04-19,2026-02-23,2,2026-02-21,2026-03-06,Live Virtual,True,True
U01032,Capital Markets,Associate,Canada - West,Individual Contributor,2020-03-12,2026-02-22,2,2026-02-18,2026-03-11,Self-Paced eLearning,False,True
U01033,Technology,Analyst,Canada - East,Individual Contributor,2021-05-17,2026-02-02,2,2026-01-27,2026-02-11,Live Virtual,False,True
U01034,Risk and Compliance,Analyst,US - Northeast,Individual Contributor,2023-12-16,2026-05-20,5,2026-05-19,,Live Virtual,False,True
U01035,Operations,Manager,Canada - East,People Manager,2016-03-05,2026-03-18,3,2026-03-18,2026-04-08,Self-Paced eLearning,False,True
U01036,Commercial Banking,Manager,Europe,People Manager,2016-06-28,2026-01-26,1,2026-01-24,2026-01-27,Live Virtual,False,True
U01037,Operations,Associate,Canada - West,Individual Contributor,2017-11-10,2026-01-19,1,2026-01-18,,In-Person Workshop,False,True
U01038,Operations,Operations Specialist,Europe,Individual Contributor,2017-03-05,2026-01-31,1,2026-01-24,,In-Person Workshop,False,True
U01039,Operations,Director,APAC,Senior Leader,2023-03-01,2026-01-09,1,2026-01-07,,Self-Paced eLearning,True,True
U01040,Retail Banking,Relationship Manager,APAC,Individual Contributor,2021-03-13,2026-02-24,2,2026-02-19,2026-03-07,Live Virtual,False,True
U01041,Retail Banking,Associate,Canada - West,Individual Contributor,2018-09-28,2026-02-09,2,2026-02-05,,Live Virtual,False,True
U01042,Commercial Banking,Analyst,Canada - East,Individual Contributor,2021-09-05,2026-04-01,4,2026-03-29,2026-04-11,Manager-Led Briefing,False,True
U01043,Commercial Banking,Director,US - Midwest,Senior Leader,2021-04-15,2026-05-16,5,2026-05-09,,Self-Paced eLearning,True,True
U01044,Commercial Banking,Analyst,Canada - West,Individual Contributor,2018-10-19,2026-04-21,4,2026-04-14,2026-04-28,Self-Paced eLearning,True,True
U01045,Retail Banking,Relationship Manager,Canada - East,Individual Contributor,2025-03-20,2026-04-06,4,2026-03-31,2026-04-17,In-Person Workshop,False,True
U01046,Operations,Operations Specialist,Canada - East,Individual Contributor,2023-08-05,2026-05-11,5,2026-05-11,2026-05-14,In-Person Workshop,False,True
U01047,Retail Banking,Director,Canada - West,Senior Leader,2025-01-24,2026-03-02,3,2026-03-02,,Live Virtual,False,True
U01048,Capital Markets,Associate,APAC,Individual Contributor,2017-01-31,2026-01-14,1,2026-01-07,2026-01-28,Self-Paced eLearning,False,True
U01049,Risk and Compliance,Risk Analyst,Canada - East,Individual Contributor,2021-10-12,2026-04-22,4,2026-04-15,,Live Virtual,False,True
U01050,Retail Banking,Relationship Manager,Canada - East,Individual Contributor,2025-10-09,2026-06-03,6,2026-05-27,2026-06-15,Live Virtual,True,True
U01051,Commercial Banking,Analyst,US - Northeast,Individual Contributor,2019-11-08,2026-05-10,5,2026-05-10,2026-05-22,Self-Paced eLearning,False,True
U01052,Retail Banking,Associate,US - Northeast,Individual Contributor,2022-08-23,2026-06-09,6,2026-06-02,2026-06-20,Live Virtual,False,True
U01053,Retail Banking,Relationship Manager,US - Midwest,Individual Contributor,2024-07-31,2026-02-15,2,2026-02-08,,Self-Paced eLearning,False,True
U01054,Retail Banking,Associate,Canada - West,Individual Contributor,2019-05-11,2026-01-25,1,2026-01-20,,Live Virtual,False,True
U01055,Operations,Operations Specialist,Canada - East,Individual Contributor,2023-10-13,2026-01-08,1,2026-01-02,2026-01-09,Self-Paced eLearning,False,True
U01056,Commercial Banking,Analyst,Europe,Individual Contributor,2016-01-15,2026-03-15,3,2026-03-10,2026-03-30,Self-Paced eLearning,False,True
U01057,Risk and Compliance,Risk Analyst,Canada - East,Individual Contributor,2025-08-24,2026-04-02,4,2026-03-30,2026-04-15,Self-Paced eLearning,False,True
U01058,Retail Banking,Analyst,Europe,Individual Contributor,2023-11-08,2026-03-26,3,2026-03-23,2026-04-12,In-Person Workshop,True,True
U01059,Technology,Analyst,APAC,Individual Contributor,2018-10-08,2026-01-15,1,2026-01-08,2026-01-25,In-Person Workshop,True,True
U01060,Capital Markets,Director,Canada - West,Senior Leader,2025-09-27,2026-02-22,2,2026-02-22,,Manager-Led Briefing,False,True
U01061,Corporate Functions,Manager,APAC,People Manager,2017-10-07,2026-04-11,4,2026-04-08,2026-04-19,Live Virtual,True,True
U01062,Commercial Banking,Associate,US - Midwest,Individual Contributor,2024-11-05,2026-06-04,6,2026-05-29,,Self-Paced eLearning,False,True
U01063,Retail Banking,Analyst,Canada - East,Individual Contributor,2017-07-02,2026-04-04,4,2026-03-28,,Live Virtual,False,True
U01064,Commercial Banking,Associate,US - Northeast,Individual Contributor,2023-03-03,2026-04-01,4,2026-03-27,,Live Virtual,False,True
U01065,Operations,Operations Specialist,US - Northeast,Individual Contributor,2016-08-28,2026-01-10,1,2026-01-10,,In-Person Workshop,False,True
U01066,Corporate Functions,Associate,Canada - East,Individual Contributor,2025-07-25,2026-03-23,3,2026-03-20,2026-04-08,In-Person Workshop,True,True
U01067,Operations,Analyst,Canada - West,Individual Contributor,2022-07-16,2026-03-26,3,2026-03-25,,In-Person Workshop,False,True
U01068,Commercial Banking,Director,Europe,Senior Leader,2021-01-27,2026-02-04,2,2026-01-29,2026-02-05,Live Virtual,True,True
U01069,Retail Banking,Associate,APAC,Individual Contributor,2020-05-25,2026-02-20,2,2026-02-14,,Self-Paced eLearning,True,True
U01070,Operations,Operations Specialist,Europe,Individual Contributor,2016-12-29,2026-03-28,3,2026-03-28,,In-Person Workshop,False,True
U01071,Risk and Compliance,Risk Analyst,Europe,Individual Contributor,2021-11-29,2026-03-01,2,2026-03-01,,Self-Paced eLearning,False,True
U01072,Commercial Banking,Relationship Manager,Canada - East,Individual Contributor,2016-01-12,2026-03-18,3,2026-03-16,,Live Virtual,False,True
U01073,Operations,Operations Specialist,Canada - East,Individual Contributor,2019-01-20,2026-04-02,4,2026-04-01,,Self-Paced eLearning,False,True
U01074,Risk and Compliance,Risk Analyst,Canada - East,Individual Contributor,2016-06-01,2026-05-04,5,2026-04-28,2026-05-03,Self-Paced eLearning,False,True
U01075,Wealth Management,Associate,US - Northeast,Individual Contributor,2018-03-18,2026-04-15,4,2026-04-10,2026-04-26,Live Virtual,False,False
U01076,Operations,Operations Specialist,Canada - East,Individual Contributor,2025-10-13,2026-04-02,4,2026-03-26,2026-04-12,Self-Paced eLearning,False,True
U01077,Technology,Developer,US - Northeast,Individual Contributor,2021-08-29,2026-02-19,2,2026-02-14,,Live Virtual,True,True
U01078,Technology,Manager,Europe,People Manager,2018-12-23,2026-01-18,1,2026-01-18,2026-01-28,Live Virtual,True,True
U01079,Commercial Banking,Director,Canada - East,Senior Leader,2019-02-26,2026-04-13,4,2026-04-10,2026-04-27,Manager-Led Briefing,False,True
U01080,Operations,Analyst,Canada - East,Individual Contributor,2023-05-28,2026-04-09,4,2026-04-09,2026-04-27,Live Virtual,False,True
U01081,Retail Banking,Associate,Canada - West,Individual Contributor,2019-06-26,2026-03-19,3,2026-03-13,,Live Virtual,False,True
U01082,Risk and Compliance,Manager,US - Northeast,People Manager,2016-06-22,2026-03-25,3,2026-03-22,2026-03-25,Self-Paced eLearning,True,True
U01083,Risk and Compliance,Risk Analyst,Canada - East,Individual Contributor,2016-08-28,2026-05-22,5,2026-05-19,2026-06-01,Live Virtual,False,True
U01084,Wealth Management,Associate,Canada - West,Individual Contributor,2020-07-27,2026-04-13,4,2026-04-12,2026-04-17,Live Virtual,False,True
U01085,Corporate Functions,Manager,Canada - West,People Manager,2022-03-28,2026-02-17,2,2026-02-14,,In-Person Workshop,False,True
U01086,Capital Markets,Analyst,US - Northeast,Individual Contributor,2023-02-10,2026-02-20,2,2026-02-16,,In-Person Workshop,False,True
U01087,Capital Markets,Manager,US - Northeast,People Manager,2016-07-30,2026-04-19,4,2026-04-19,,Self-Paced eLearning,False,True
U01088,Capital Markets,Associate,Canada - East,Individual Contributor,2020-04-25,2026-01-19,1,2026-01-16,2026-01-30,Self-Paced eLearning,False,True
U01089,Technology,Director,Europe,Senior Leader,2021-11-09,,1,2026-01-26,2026-02-16,Live Virtual,True,False
U01090,Operations,Director,APAC,Senior Leader,2022-01-12,2026-03-01,2,2026-03-01,2026-03-21,Live Virtual,False,True
U01091,Retail Banking,Associate,Europe,Individual Contributor,2019-09-02,2026-02-02,2,2026-01-30,,Live Virtual,False,True
U01092,Commercial Banking,Associate,US - Northeast,Individual Contributor,2020-05-16,2026-03-24,3,2026-03-19,2026-03-25,Self-Paced eLearning,False,True
U01093,Operations,Operations Specialist,Canada - West,Individual Contributor,2021-09-02,2026-02-26,2,2026-02-25,2026-03-09,Self-Paced eLearning,False,True
U01094,Retail Banking,Manager,APAC,People Manager,2019-05-27,2026-06-04,6,2026-05-28,2026-06-16,Self-Paced eLearning,False,True
U01095,Commercial Banking,Relationship Manager,APAC,Individual Contributor,2016-12-20,2026-04-24,4,2026-04-24,2026-04-30,Self-Paced eLearning,False,True
U01096,Operations,Operations Specialist,US - Northeast,Individual Contributor,2018-05-17,2026-01-21,1,2026-01-15,2026-01-30,In-Person Workshop,False,True
U01097,Retail Banking,Relationship Manager,Canada - West,Individual Contributor,2022-07-05,2026-02-27,2,2026-02-21,2026-03-10,Self-Paced eLearning,False,True
U01098,Wealth Management,Analyst,US - Northeast,Individual Contributor,2024-05-06,2026-01-25,1,2026-01-19,,Live Virtual,False,True
U01099,Risk and Compliance,Manager,Europe,People Manager,2019-08-05,2026-03-26,3,2026-03-24,2026-04-12,Live Virtual,False,True
U01100,Retail Banking,Associate,APAC,Individual Contributor,2018-12-15,2026-03-20,3,2026-03-17,2026-04-02,Live Virtual,True,True
U01101,Retail Banking,Associate,Canada - East,Individual Contributor,2017-01-28,2026-03-31,4,2026-03-28,,Live Virtual,False,True
U01102,Operations,Manager,Canada - East,People Manager,2020-08-25,2026-03-20,3,2026-03-19,,Manager-Led Briefing,True,True
U01103,Wealth Management,Manager,Canada - West,People Manager,2024-08-04,2026-01-08,1,2026-01-04,2026-01-23,In-Person Workshop,False,True
U01104,Wealth Management,Associate,US - Midwest,Individual Contributor,2023-07-10,2026-03-14,3,2026-03-14,2026-03-31,Live Virtual,False,True
U01105,Retail Banking,Relationship Manager,Canada - East,Individual Contributor,2024-10-22,2026-05-01,5,2026-04-28,,Live Virtual,False,True
U01106,Capital Markets,Analyst,Canada - East,Individual Contributor,2018-08-18,2026-04-06,4,2026-04-04,2026-04-24,Self-Paced eLearning,False,True
U01107,Retail Banking,Manager,Canada - East,People Manager,2018-02-20,2026-06-09,6,2026-06-08,,Manager-Led Briefing,False,True
U01108,Operations,Operations Specialist,Canada - East,Individual Contributor,2024-07-23,2026-05-30,6,2026-05-24,2026-06-14,Live Virtual,False,True
U01109,Corporate Functions,Analyst,US - Midwest,Individual Contributor,2025-10-13,2026-05-29,6,2026-05-24,,Self-Paced eLearning,False,True
U01110,Retail Banking,Relationship Manager,Canada - East,Individual Contributor,2022-11-02,2026-04-10,4,2026-04-03,,Live Virtual,False,True
U01111,Retail Banking,Relationship Manager,US - Midwest,Individual Contributor,2025-05-28,2026-06-19,6,2026-06-18,,Self-Paced eLearning,False,True
U01112,Operations,Operations Specialist,Canada - West,Individual Contributor,2023-11-26,2026-04-09,4,2026-04-06,,Live Virtual,False,True
U01113,Commercial Banking,Relationship Manager,APAC,Individual Contributor,2017-06-15,2026-02-23,2,2026-02-23,,Self-Paced eLearning,True,True
U01114,Risk and Compliance,Risk Analyst,US - Midwest,Individual Contributor,2020-01-14,2026-05-10,5,2026-05-08,,Self-Paced eLearning,True,True
U01115,Corporate Functions,Director,Canada - East,Senior Leader,2018-04-12,2026-04-20,4,2026-04-16,2026-04-25,In-Person Workshop,False,True
U01116,Retail Banking,Relationship Manager,Canada - East,Individual Contributor,2025-10-23,2026-02-27,2,2026-02-23,,Self-Paced eLearning,False,True
U01117,Retail Banking,Relationship Manager,US - Midwest,Individual Contributor,2017-08-14,2026-06-12,6,2026-06-11,,Live Virtual,False,True
U01118,Wealth Management,Relationship Manager,US - Northeast,Individual Contributor,2021-11-22,2026-02-01,1,2026-02-01,2026-02-11,Self-Paced eLearning,True,True
U01119,Retail Banking,Relationship Manager,Canada - West,Individual Contributor,2023-07-31,2026-05-02,5,2026-04-27,2026-05-07,In-Person Workshop,False,True
U01120,Risk and Compliance,Analyst,Europe,Individual Contributor,2021-06-27,2026-04-07,4,2026-04-02,2026-04-05,Live Virtual,True,True
U01121,Commercial Banking,Relationship Manager,Canada - West,Individual Contributor,2019-03-02,2026-01-20,1,2026-01-15,2026-02-02,Self-Paced eLearning,False,True
U01122,Retail Banking,Manager,Europe,People Manager,2020-08-27,2026-03-12,3,2026-03-06,,Self-Paced eLearning,False,True
U01123,Wealth Management,Relationship Manager,Europe,Individual Contributor,2020-10-28,2026-05-05,5,2026-05-01,2026-05-08,In-Person Workshop,False,True
U01124,Retail Banking,Director,Canada - East,Senior Leader,2019-06-26,2026-04-15,4,2026-04-15,2026-04-21,Live Virtual,False,True
U01125,Operations,Manager,Canada - East,People Manager,2018-09-02,2026-05-02,5,2026-05-02,2026-05-14,Self-Paced eLearning,False,True
U01126,Technology,Associate,Canada - East,Individual Contributor,2023-04-04,2026-04-26,4,2026-04-21,,Live Virtual,False,True
U01127,Technology,Director,Canada - East,Senior Leader,2017-08-14,2026-04-06,4,2026-04-06,,Live Virtual,False,True
U01128,Commercial Banking,Analyst,Canada - East,Individual Contributor,2024-01-21,2026-04-02,4,2026-03-27,2026-04-14,Live Virtual,False,True
U01129,Commercial Banking,Associate,Canada - West,Individual Contributor,2017-04-10,2026-06-02,6,2026-05-29,2026-06-13,Self-Paced eLearning,False,True
U01130,Corporate Functions,Analyst,Canada - East,Individual Contributor,2018-01-15,2026-05-13,5,2026-05-13,2026-05-26,Self-Paced eLearning,False,True
U01131,Corporate Functions,Analyst,Canada - East,Individual Contributor,2019-01-31,2026-03-16,3,2026-03-12,2026-03-29,Live Virtual,False,True
U01132,Technology,Manager,Canada - East,People Manager,2018-09-24,2026-02-24,2,2026-02-22,2026-03-03,Self-Paced eLearning,False,True
U01133,Retail Banking,Relationship Manager,Canada - West,Individual Contributor,2019-07-19,2026-02-18,2,2026-02-14,,In-Person Workshop,False,True
U01134,Capital Markets,Analyst,US - Northeast,Individual Contributor,2020-07-10,2026-01-09,1,2026-01-07,2026-01-27,In-Person Workshop,True,True
U01135,Corporate Functions,Director,US - Northeast,Senior Leader,2016-05-08,2026-02-28,2,2026-02-23,2026-03-04,In-Person Workshop,False,True
U01136,Operations,Operations Specialist,Canada - East,Individual Contributor,2021-08-09,2026-05-04,5,2026-05-01,,Live Virtual,False,True
U01137,Technology,Director,Europe,Senior Leader,2021-12-10,2026-02-18,2,2026-02-18,2026-02-22,Live Virtual,False,True
U01138,Operations,Associate,Canada - East,Individual Contributor,2025-11-01,2026-04-20,4,2026-04-18,2026-04-21,Self-Paced eLearning,True,True
U01139,Retail Banking,Manager,APAC,People Manager,2017-11-14,2026-02-24,2,2026-02-21,2026-02-28,Self-Paced eLearning,False,True
U01140,Commercial Banking,Relationship Manager,Canada - East,Individual Contributor,2019-03-25,2026-04-21,4,2026-04-17,,Self-Paced eLearning,True,True
U01141,Operations,Operations Specialist,Canada - West,Individual Contributor,2021-03-06,2026-04-11,4,2026-04-08,2026-04-22,Live Virtual,False,True
U01142,Wealth Management,Relationship Manager,APAC,Individual Contributor,2025-03-23,2026-02-01,1,2026-01-28,2026-02-03,Self-Paced eLearning,False,True
U01143,Wealth Management,Associate,Canada - East,Individual Contributor,2020-07-24,,2,2026-03-01,2026-03-12,Live Virtual,False,False
U01144,Wealth Management,Relationship Manager,US - Northeast,Individual Contributor,2019-09-19,2026-05-09,5,2026-05-02,,Self-Paced eLearning,False,True
U01145,Operations,Operations Specialist,Canada - East,Individual Contributor,2022-10-15,2026-06-04,6,2026-05-28,2026-06-14,Live Virtual,False,True
U01146,Operations,Associate,APAC,Individual Contributor,2016-05-04,2026-01-27,1,2026-01-23,2026-01-31,Self-Paced eLearning,False,True
U01147,Capital Markets,Analyst,Canada - East,Individual Contributor,2024-09-02,,4,2026-04-02,2026-04-11,Self-Paced eLearning,False,False
U01148,Wealth Management,Relationship Manager,US - Northeast,Individual Contributor,2020-04-19,2026-01-08,1,2026-01-03,2026-01-15,Self-Paced eLearning,False,True
U01149,Technology,Analyst,Canada - East,Individual Contributor,2023-04-03,2026-02-27,2,2026-02-23,,Manager-Led Briefing,False,True
U01150,Risk and Compliance,Risk Analyst,Canada - East,Individual Contributor,2016-06-10,,6,2026-05-28,2026-05-31,Self-Paced eLearning,False,False
U01151,Retail Banking,Analyst,Canada - West,Individual Contributor,2018-02-16,2026-05-08,5,2026-05-08,,Self-Paced eLearning,False,True
U01152,Risk and Compliance,Associate,Europe,Individual Contributor,2018-01-24,,3,2026-03-01,2026-03-13,Self-Paced eLearning,False,False
U01153,Retail Banking,Relationship Manager,US - Northeast,Individual Contributor,2022-06-26,,6,2026-06-01,,Self-Paced eLearning,True,False
U01154,Retail Banking,Relationship Manager,Canada - East,Individual Contributor,2025-04-22,2026-02-19,2,2026-02-14,,Live Virtual,False,True
U01155,Technology,Developer,US - Northeast,Individual Contributor,2016-09-15,2026-01-10,1,2026-01-04,2026-01-11,Live Virtual,True,True
U01156,Retail Banking,Relationship Manager,Europe,Individual Contributor,2019-08-18,2026-05-30,6,2026-05-30,2026-06-15,Live Virtual,False,True
U01157,Retail Banking,Relationship Manager,Canada - East,Individual Contributor,2024-04-04,2026-05-06,5,2026-05-03,2026-05-19,Self-Paced eLearning,True,True
U01158,Retail Banking,Analyst,Europe,Individual Contributor,2023-07-23,2026-03-12,3,2026-03-10,2026-03-15,Manager-Led Briefing,False,True
U01159,Operations,Operations Specialist,Canada - East,Individual Contributor,2025-10-06,2026-06-08,6,2026-06-04,,Live Virtual,False,True
U01160,Capital Markets,Developer,Canada - East,Individual Contributor,2018-01-09,2026-02-19,2,2026-02-15,,Live Virtual,False,True
U01161,Retail Banking,Associate,US - Northeast,Individual Contributor,2022-05-03,2026-03-24,3,2026-03-19,,Self-Paced eLearning,False,True
U01162,Commercial Banking,Relationship Manager,Canada - East,Individual Contributor,2023-11-20,,6,2026-06-08,,Self-Paced eLearning,False,False
U01163,Wealth Management,Analyst,Canada - East,Individual Contributor,2023-06-08,2026-04-06,4,2026-03-30,2026-04-17,Manager-Led Briefing,False,True
U01164,Retail Banking,Relationship Manager,US - Northeast,Individual Contributor,2021-06-03,2026-03-09,3,2026-03-04,2026-03-24,Live Virtual,False,True
U01165,Retail Banking,Associate,Canada - West,Individual Contributor,2017-10-28,2026-04-16,4,2026-04-12,,Self-Paced eLearning,True,True
U01166,Risk and Compliance,Risk Analyst,US - Northeast,Individual Contributor,2019-12-22,2026-06-06,6,2026-05-31,2026-06-20,Self-Paced eLearning,False,True
U01167,Wealth Management,Analyst,Canada - East,Individual Contributor,2020-07-18,2026-02-08,2,2026-02-06,,Manager-Led Briefing,False,True
U01168,Technology,Developer,Canada - West,Individual Contributor,2018-11-07,2026-01-10,1,2026-01-09,2026-01-14,Self-Paced eLearning,True,True
U01169,Wealth Management,Relationship Manager,Canada - West,Individual Contributor,2024-05-05,2026-03-20,3,2026-03-20,2026-03-26,Live Virtual,False,True
U01170,Retail Banking,Analyst,Europe,Individual Contributor,2019-07-30,2026-04-11,4,2026-04-09,2026-04-30,Self-Paced eLearning,False,True
U01171,Operations,Operations Specialist,US - Northeast,Individual Contributor,2019-04-09,2026-04-27,5,2026-04-23,,Self-Paced eLearning,False,True
U01172,Capital Markets,Analyst,APAC,Individual Contributor,2017-05-30,2026-01-16,1,2026-01-11,2026-02-01,Live Virtual,False,True
U01173,Retail Banking,Analyst,Canada - West,Individual Contributor,2025-03-09,2026-04-02,4,2026-04-01,2026-04-10,Self-Paced eLearning,True,True
U01174,Capital Markets,Associate,Canada - East,Individual Contributor,2022-09-19,2026-01-09,1,2026-01-05,2026-01-17,Self-Paced eLearning,False,True
U01175,Technology,Developer,US - Northeast,Individual Contributor,2022-04-30,2026-02-09,2,2026-02-07,,Live Virtual,False,True
U01176,Capital Markets,Analyst,Canada - East,Individual Contributor,2019-04-30,2026-04-01,4,2026-03-25,,Manager-Led Briefing,False,True
U01177,Technology,Manager,US - Northeast,People Manager,2017-05-17,2026-01-28,1,2026-01-27,2026-02-17,Manager-Led Briefing,False,True
U01178,Operations,Manager,US - Midwest,People Manager,2023-02-19,2026-04-25,4,2026-04-20,2026-04-26,Self-Paced eLearning,False,True
U01179,Retail Banking,Analyst,Canada - East,Individual Contributor,2018-06-07,2026-01-25,1,2026-01-24,2026-01-30,Live Virtual,False,True
U01180,Retail Banking,Relationship Manager,Canada - West,Individual Contributor,2020-11-18,2026-01-10,1,2026-01-08,2026-01-15,Self-Paced eLearning,False,True
U01181,Capital Markets,Manager,US - Northeast,People Manager,2021-08-10,2026-02-15,2,2026-02-09,2026-02-25,Self-Paced eLearning,False,True
U01182,Retail Banking,Associate,APAC,Individual Contributor,2022-06-12,2026-03-13,3,2026-03-08,2026-03-22,In-Person Workshop,False,True
U01183,Retail Banking,Relationship Manager,Canada - East,Individual Contributor,2022-07-05,2026-05-25,6,2026-05-19,,Self-Paced eLearning,False,True
U01184,Retail Banking,Associate,US - Midwest,Individual Contributor,2021-01-31,2026-06-12,6,2026-06-12,2026-06-17,In-Person Workshop,False,True
U01185,Retail Banking,Analyst,APAC,Individual Contributor,2023-09-23,2026-03-24,3,2026-03-20,2026-03-23,Live Virtual,False,True
U01186,Wealth Management,Relationship Manager,US - Midwest,Individual Contributor,2020-05-09,2026-01-22,1,2026-01-20,2026-01-27,Manager-Led Briefing,False,True
U01187,Operations,Operations Specialist,Canada - West,Individual Contributor,2016-05-26,2026-01-17,1,2026-01-16,2026-01-29,Self-Paced eLearning,False,True
U01188,Corporate Functions,Analyst,Canada - East,Individual Contributor,2019-03-01,2026-05-12,5,2026-05-05,,Self-Paced eLearning,False,True
U01189,Retail Banking,Associate,Canada - West,Individual Contributor,2022-12-31,2026-03-14,3,2026-03-13,2026-03-20,In-Person Workshop,False,True
U01190,Commercial Banking,Relationship Manager,Canada - East,Individual Contributor,2021-07-08,2026-03-19,3,2026-03-15,2026-03-26,Self-Paced eLearning,True,True
U01191,Operations,Operations Specialist,US - Northeast,Individual Contributor,2017-04-09,2026-03-27,3,2026-03-21,2026-03-28,Live Virtual,False,True
U01192,Operations,Operations Specialist,Canada - West,Individual Contributor,2020-12-06,2026-05-30,6,2026-05-29,2026-06-19,Live Virtual,False,True
U01193,Risk and Compliance,Manager,Canada - East,People Manager,2017-10-17,2026-02-26,2,2026-02-22,,Self-Paced eLearning,False,True
U01194,Corporate Functions,Associate,US - Midwest,Individual Contributor,2024-07-18,2026-04-16,4,2026-04-13,,Live Virtual,False,True
U01195,Risk and Compliance,Manager,Canada - East,People Manager,2019-02-01,2026-06-15,6,2026-06-11,2026-06-23,Self-Paced eLearning,False,True
U01196,Retail Banking,Relationship Manager,Canada - West,Individual Contributor,2018-02-05,2026-04-09,4,2026-04-05,,Live Virtual,False,True
U01197,Retail Banking,Associate,US - Northeast,Individual Contributor,2021-11-29,2026-03-03,3,2026-03-02,,In-Person Workshop,False,True
U01198,Commercial Banking,Relationship Manager,Canada - West,Individual Contributor,2021-07-03,2026-04-12,4,2026-04-12,,Self-Paced eLearning,False,True
U01199,Operations,Analyst,Canada - East,Individual Contributor,2021-11-28,2026-01-26,1,2026-01-23,2026-02-08,Live Virtual,False,True
U01200,Capital Markets,Manager,US - Northeast,People Manager,2018-07-05,2026-01-12,1,2026-01-05,2026-01-22,Self-Paced eLearning,,True
U01201,Technology,Developer,Canada - East,Individual Contributor,2016-11-17,2026-02-06,2,2026-01-30,2026-02-05,Live Virtual,False,True
U01202,Technology,Developer,APAC,Individual Contributor,2024-12-04,2026-01-21,1,2026-01-18,2026-02-02,Self-Paced eLearning,True,True
U01203,Wealth Management,Analyst,US - Midwest,Individual Contributor,2022-03-01,2026-05-17,5,2026-05-16,2026-06-02,Manager-Led Briefing,False,True
U01204,Capital Markets,Developer,Canada - East,Individual Contributor,2024-03-14,2026-03-24,3,2026-03-21,2026-04-05,Live Virtual,False,True
U01205,Retail Banking,Associate,US - Northeast,Individual Contributor,2018-04-09,2026-05-07,5,2026-05-01,,Self-Paced eLearning,False,True
U01206,Retail Banking,Associate,US - Northeast,Individual Contributor,2023-07-23,2026-04-10,4,2026-04-10,2026-04-17,Manager-Led Briefing,False,True
U01207,Commercial Banking,Analyst,Canada - West,Individual Contributor,2022-01-10,2026-04-24,4,2026-04-23,,Live Virtual,False,True
U01208,Technology,Developer,Canada - East,Individual Contributor,2021-11-03,2026-02-19,2,2026-02-13,2026-02-26,Self-Paced eLearning,False,True
U01209,Retail Banking,Analyst,Canada - West,Individual Contributor,2023-10-29,2026-04-19,4,2026-04-12,2026-04-19,Manager-Led Briefing,False,True
U01210,Operations,Operations Specialist,US - Northeast,Individual Contributor,2021-08-07,2026-06-05,6,2026-06-01,2026-06-11,Self-Paced eLearning,False,True
U01211,Capital Markets,Manager,Europe,People Manager,2016-12-31,2026-02-15,2,2026-02-15,2026-02-26,Manager-Led Briefing,False,True
U01212,Wealth Management,Manager,US - Northeast,People Manager,2017-03-27,2026-06-08,6,2026-06-08,,In-Person Workshop,False,True
U01213,Technology,Analyst,Canada - West,Individual Contributor,2022-11-29,2026-01-05,1,2025-12-31,2026-01-19,Live Virtual,True,True
U01214,Operations,Operations Specialist,Canada - East,Individual Contributor,2024-04-12,2026-04-16,4,2026-04-14,,Self-Paced eLearning,True,True
U01215,Retail Banking,Manager,US - Midwest,People Manager,2022-10-24,2026-06-01,6,2026-06-01,,Self-Paced eLearning,True,True
U01216,Technology,Developer,Canada - East,Individual Contributor,2017-02-02,2026-04-15,4,2026-04-12,2026-04-27,Live Virtual,False,True
U01217,Operations,Associate,Europe,Individual Contributor,2025-11-04,2026-04-25,4,2026-04-20,,Live Virtual,False,True
U01218,Technology,Director,Canada - West,Senior Leader,2020-05-26,2026-01-23,1,2026-01-18,2026-02-03,Self-Paced eLearning,False,True
U01219,Commercial Banking,Relationship Manager,Europe,Individual Contributor,2016-09-29,2026-02-28,2,2026-02-24,,Live Virtual,False,True
U01220,Retail Banking,Director,Canada - East,Senior Leader,2020-09-06,2026-02-05,2,2026-01-30,,Live Virtual,False,True
U01221,Retail Banking,Manager,Canada - West,People Manager,2021-08-03,2026-05-04,5,2026-05-03,2026-05-23,Manager-Led Briefing,False,True
U01222,Retail Banking,Relationship Manager,Canada - West,Individual Contributor,2018-11-05,2026-03-15,3,2026-03-12,,In-Person Workshop,False,True
U01223,Risk and Compliance,Analyst,APAC,Individual Contributor,2019-12-08,2026-06-13,6,2026-06-11,2026-06-18,In-Person Workshop,False,True
U01224,Commercial Banking,Associate,Canada - West,Individual Contributor,2016-12-13,2026-03-13,3,2026-03-08,2026-03-15,Self-Paced eLearning,False,True
U01225,Retail Banking,Associate,Canada - East,Individual Contributor,2022-10-31,2026-02-12,2,2026-02-10,,Self-Paced eLearning,False,True
U01226,Risk and Compliance,Associate,US - Northeast,Individual Contributor,2024-10-26,2026-04-05,4,2026-04-05,2026-04-26,Self-Paced eLearning,False,True
U01227,Technology,Developer,US - Northeast,Individual Contributor,2018-12-20,2026-01-24,1,2026-01-20,,Self-Paced eLearning,True,True
U01228,Technology,Analyst,Canada - East,Individual Contributor,2023-12-01,2026-01-10,1,2026-01-05,2026-01-11,Live Virtual,True,True
U01229,Risk and Compliance,Analyst,Canada - West,Individual Contributor,2024-02-06,2026-03-28,3,2026-03-26,,In-Person Workshop,False,True
U01230,Retail Banking,Analyst,Canada - East,Individual Contributor,2023-03-02,2026-02-01,1,2026-01-29,,Manager-Led Briefing,False,True
U01231,Retail Banking,Associate,US - Midwest,Individual Contributor,2024-09-07,2026-06-14,6,2026-06-12,,In-Person Workshop,True,True
U01232,Commercial Banking,Associate,US - Midwest,Individual Contributor,2023-02-14,2026-05-19,5,2026-05-12,2026-05-29,In-Person Workshop,False,True
U01233,Retail Banking,Analyst,Canada - West,Individual Contributor,2021-07-04,2026-02-02,2,2026-01-27,2026-01-31,Self-Paced eLearning,False,True
U01234,Commercial Banking,Manager,APAC,People Manager,2020-06-05,2026-02-04,2,2026-02-01,2026-02-12,In-Person Workshop,False,True
U01235,Retail Banking,Relationship Manager,Europe,Individual Contributor,2025-04-12,2026-03-01,2,2026-03-01,,Manager-Led Briefing,True,True
U01236,Retail Banking,Relationship Manager,Canada - East,Individual Contributor,2025-06-29,2026-05-01,5,2026-04-27,,Live Virtual,False,True
U01237,Retail Banking,Relationship Manager,Canada - East,Individual Contributor,2023-08-24,2026-04-19,4,2026-04-18,,Live Virtual,False,True
U01238,Operations,Operations Specialist,Canada - East,Individual Contributor,2024-01-13,2026-01-25,1,2026-01-25,,Self-Paced eLearning,False,True
U01239,Retail Banking,Associate,Canada - West,Individual Contributor,2018-03-09,2026-01-29,1,2026-01-29,2026-02-18,Self-Paced eLearning,False,True
U01240,Retail Banking,Associate,APAC,Individual Contributor,2018-02-27,2026-02-21,2,2026-02-20,,Live Virtual,False,True
U01241,Risk and Compliance,Risk Analyst,US - Northeast,Individual Contributor,2016-05-22,2026-06-02,6,2026-05-28,2026-06-14,Self-Paced eLearning,False,True
U01242,Operations,Operations Specialist,Canada - West,Individual Contributor,2022-05-19,2026-05-01,5,2026-04-29,2026-05-20,Live Virtual,True,True
U01243,Operations,Operations Specialist,US - Midwest,Individual Contributor,2018-02-06,2026-02-06,2,2026-02-03,,Self-Paced eLearning,False,True
U01244,Retail Banking,Associate,Europe,Individual Contributor,2022-08-25,2026-01-15,1,2026-01-12,2026-01-24,Manager-Led Briefing,False,True
U01245,Operations,Operations Specialist,Canada - West,Individual Contributor,2016-03-29,2026-05-23,5,2026-05-18,2026-05-27,Self-Paced eLearning,True,True
U01246,Retail Banking,Associate,Canada - East,Individual Contributor,2018-07-16,2026-03-29,3,2026-03-27,2026-04-12,Self-Paced eLearning,False,True
U01247,Commercial Banking,Relationship Manager,APAC,Individual Contributor,2025-07-05,,3,2026-02-24,2026-03-09,Self-Paced eLearning,False,False
U01248,Retail Banking,Associate,Canada - East,Individual Contributor,2019-06-10,2026-03-29,3,2026-03-23,2026-04-07,Live Virtual,False,True
U01249,Risk and Compliance,Analyst,Europe,Individual Contributor,2021-03-23,2026-04-27,5,2026-04-22,2026-05-07,Self-Paced eLearning,True,True
U01250,Risk and Compliance,Manager,Canada - East,People Manager,2023-04-07,2026-04-11,4,2026-04-05,2026-04-15,Live Virtual,False,True
U01251,Retail Banking,Relationship Manager,Canada - East,Individual Contributor,2025-11-22,2026-01-16,1,2026-01-12,2026-01-18,Manager-Led Briefing,True,True
U01252,Retail Banking,Associate,Canada - East,Individual Contributor,2022-03-12,2026-03-09,3,2026-03-08,2026-03-17,Self-Paced eLearning,False,True
U01253,Retail Banking,Associate,APAC,Individual Contributor,2020-07-29,2026-05-28,6,2026-05-28,,Live Virtual,False,True
U01254,Commercial Banking,Director,Canada - West,Senior Leader,2020-10-25,2026-05-19,5,2026-05-16,2026-05-23,In-Person Workshop,False,True
U01255,Retail Banking,Associate,Canada - West,Individual Contributor,2022-04-04,2026-03-27,3,2026-03-25,2026-04-05,Self-Paced eLearning,True,True
U01256,Wealth Management,Relationship Manager,Canada - West,Individual Contributor,2017-05-03,2026-04-01,4,2026-03-30,2026-04-13,Self-Paced eLearning,False,True
U01257,Capital Markets,Analyst,US - Northeast,Individual Contributor,2022-04-22,2026-01-27,1,2026-01-25,2026-01-28,Live Virtual,False,True
U01258,Wealth Management,Manager,APAC,People Manager,2021-12-12,2026-04-13,4,2026-04-13,,Self-Paced eLearning,False,True
U01259,Technology,Developer,Europe,Individual Contributor,2020-03-08,2026-01-06,1,2025-12-30,2026-01-12,Live Virtual,True,True
U01260,Corporate Functions,Analyst,Canada - East,Individual Contributor,2017-09-25,2026-03-07,3,2026-03-06,,Manager-Led Briefing,False,True
U01261,Retail Banking,Manager,US - Midwest,People Manager,2021-01-16,2026-05-05,5,2026-05-05,2026-05-13,In-Person Workshop,False,True
U01262,Operations,Operations Specialist,Canada - East,Individual Contributor,2022-10-19,2026-05-27,6,2026-05-22,2026-06-02,Self-Paced eLearning,False,True
U01263,Operations,Operations Specialist,APAC,Individual Contributor,2025-08-27,2026-05-12,5,2026-05-08,,In-Person Workshop,False,True
U01264,Corporate Functions,Analyst,Europe,Individual Contributor,2019-08-15,2026-02-03,2,2026-02-02,2026-02-06,Live Virtual,False,True
U01265,Technology,Analyst,Canada - East,Individual Contributor,2016-11-09,2026-02-09,2,2026-02-05,2026-02-10,Self-Paced eLearning,False,True
U01266,Wealth Management,Associate,US - Midwest,Individual Contributor,2024-10-06,2026-03-22,3,2026-03-15,,Live Virtual,False,True
U01267,Retail Banking,Relationship Manager,US - Midwest,Individual Contributor,2022-02-22,2026-06-13,6,2026-06-08,,Live Virtual,False,True
U01268,Corporate Functions,Analyst,Canada - West,Individual Contributor,2022-10-30,2026-02-03,2,2026-01-29,,Live Virtual,True,True
U01269,Technology,Director,Canada - West,Senior Leader,2018-06-22,2026-01-06,1,2026-01-01,2026-01-16,Self-Paced eLearning,True,True
U01270,Technology,Analyst,Europe,Individual Contributor,2025-10-13,2026-01-22,1,2026-01-17,2026-01-26,Live Virtual,False,True
U01271,Corporate Functions,Manager,Europe,People Manager,2018-10-30,2026-04-22,4,2026-04-21,,Live Virtual,False,True
U01272,Operations,Operations Specialist,US - Northeast,Individual Contributor,2022-10-19,2026-04-23,4,2026-04-21,,Self-Paced eLearning,False,True
U01273,Operations,Operations Specialist,US - Northeast,Individual Contributor,2025-10-23,2026-04-15,4,2026-04-08,2026-04-12,In-Person Workshop,False,True
U01274,Commercial Banking,Relationship Manager,APAC,Individual Contributor,2023-09-07,2026-03-13,3,2026-03-09,2026-03-12,Live Virtual,,True
U01275,Retail Banking,Associate,Canada - East,Individual Contributor,2021-02-21,2026-01-06,1,2026-01-05,,Live Virtual,True,True
U01276,Operations,Operations Specialist,US - Northeast,Individual Contributor,2022-10-17,,4,2026-04-18,2026-04-26,Self-Paced eLearning,False,False
U01277,Retail Banking,Manager,US - Northeast,People Manager,2019-02-18,,3,2026-03-07,,Live Virtual,False,False
U01278,Retail Banking,Associate,Canada - West,Individual Contributor,2024-10-04,2026-03-11,3,2026-03-09,,Self-Paced eLearning,False,True
U01279,Risk and Compliance,Risk Analyst,Europe,Individual Contributor,2024-02-11,2026-06-07,6,2026-06-01,2026-06-17,Self-Paced eLearning,False,True
U01280,Commercial Banking,Relationship Manager,US - Northeast,Individual Contributor,2025-03-20,2026-03-25,3,2026-03-18,2026-04-02,In-Person Workshop,True,True
U01281,Operations,Operations Specialist,Europe,Individual Contributor,2018-03-05,2026-04-05,4,2026-04-05,2026-04-21,Self-Paced eLearning,False,True
U01282,Operations,Associate,Canada - West,Individual Contributor,2024-12-13,2026-04-22,4,2026-04-16,,Self-Paced eLearning,False,True
U01283,Operations,Operations Specialist,US - Northeast,Individual Contributor,2022-01-17,2026-01-31,1,2026-01-24,,Self-Paced eLearning,False,True
U01284,Commercial Banking,Relationship Manager,US - Northeast,Individual Contributor,2024-05-18,2026-06-19,6,2026-06-19,2026-07-10,Live Virtual,False,True
U01285,Risk and Compliance,Analyst,Canada - West,Individual Contributor,2023-02-27,2026-05-16,5,2026-05-14,2026-05-23,Self-Paced eLearning,False,True
U01286,Risk and Compliance,Associate,Canada - East,Individual Contributor,2020-06-03,2026-03-05,3,2026-03-01,2026-03-12,Self-Paced eLearning,False,True
U01287,Operations,Operations Specialist,US - Northeast,Individual Contributor,2021-01-14,2026-04-12,4,2026-04-08,2026-04-15,In-Person Workshop,False,True
U01288,Operations,Manager,Europe,People Manager,2016-08-18,2026-01-23,1,2026-01-18,,In-Person Workshop,False,True
U01289,Operations,Operations Specialist,Europe,Individual Contributor,2017-05-24,2026-06-19,6,2026-06-18,,Live Virtual,False,False
U01290,Technology,Developer,APAC,Individual Contributor,2019-01-30,2026-01-10,1,2026-01-07,2026-01-25,In-Person Workshop,True,True
U01291,Technology,Director,Canada - East,Senior Leader,2022-08-05,2026-01-13,1,2026-01-10,2026-01-15,Live Virtual,True,True
U01292,Commercial Banking,Associate,Canada - West,Individual Contributor,2020-09-21,2026-03-13,3,2026-03-12,,Self-Paced eLearning,False,True
U01293,Technology,Developer,Canada - East,Individual Contributor,2016-09-29,2026-02-17,2,2026-02-10,2026-02-15,Self-Paced eLearning,True,True
U01294,Operations,Director,Canada - East,Senior Leader,2018-12-17,2026-02-03,2,2026-01-31,,Self-Paced eLearning,True,True
U01295,Operations,Analyst,US - Northeast,Individual Contributor,2019-01-15,2026-06-14,6,2026-06-07,,Self-Paced eLearning,False,True
U01296,Operations,Operations Specialist,Canada - East,Individual Contributor,2023-09-06,2026-03-06,3,2026-03-06,,Self-Paced eLearning,False,True
U01297,Retail Banking,Analyst,US - Midwest,Individual Contributor,2020-07-22,2026-06-12,6,2026-06-08,2026-06-13,In-Person Workshop,False,True
U01298,Retail Banking,Relationship Manager,US - Northeast,Individual Contributor,2019-11-06,2026-06-20,6,2026-06-19,2026-06-25,Self-Paced eLearning,False,True
U01299,Capital Markets,Director,US - Midwest,Senior Leader,2019-03-13,2026-04-01,4,2026-03-31,2026-04-09,Self-Paced eLearning,False,True
U01300,Operations,Associate,Canada - West,Individual Contributor,2025-05-29,2026-03-03,3,2026-03-01,,Manager-Led Briefing,False,True
U01301,Retail Banking,Relationship Manager,Canada - East,Individual Contributor,2016-08-07,2026-04-11,4,2026-04-06,,Live Virtual,False,True
U01302,Technology,Manager,US - Midwest,People Manager,2018-02-21,2026-02-01,1,2026-01-26,2026-02-10,Live Virtual,False,True
U01303,Capital Markets,Analyst,Canada - West,Individual Contributor,2019-02-28,2026-01-26,1,2026-01-22,2026-01-29,Self-Paced eLearning,True,True
U01304,Retail Banking,Associate,Canada - West,Individual Contributor,2025-03-26,2026-04-24,4,2026-04-20,,Live Virtual,False,True
U01305,Wealth Management,Associate,US - Midwest,Individual Contributor,2020-09-20,2026-03-31,4,2026-03-29,,In-Person Workshop,False,True
U01306,Risk and Compliance,Director,US - Northeast,Senior Leader,2024-10-17,2026-06-18,6,2026-06-16,,Live Virtual,False,True
U01307,Commercial Banking,Relationship Manager,Canada - East,Individual Contributor,2024-05-15,2026-01-19,1,2026-01-14,2026-02-04,Self-Paced eLearning,False,True
U01308,Commercial Banking,Associate,Canada - East,Individual Contributor,2016-04-07,2026-06-06,6,2026-06-03,2026-06-23,Manager-Led Briefing,False,True
U01309,Retail Banking,Associate,US - Midwest,Individual Contributor,2024-07-20,2026-06-04,6,2026-06-04,,Live Virtual,False,True
U01310,Corporate Functions,Director,Canada - East,Senior Leader,2019-12-27,2026-06-16,6,2026-06-16,2026-07-06,Self-Paced eLearning,False,True
U01311,Operations,Operations Specialist,US - Northeast,Individual Contributor,2017-09-20,2026-05-01,5,2026-04-28,,In-Person Workshop,False,True
U01312,Risk and Compliance,Risk Analyst,Canada - East,Individual Contributor,2020-05-21,2026-04-18,4,2026-04-18,2026-04-23,Manager-Led Briefing,False,True
U01313,Technology,Manager,US - Northeast,People Manager,2017-12-19,2026-01-19,1,2026-01-14,2026-01-19,Live Virtual,True,True
U01314,Retail Banking,Relationship Manager,Europe,Individual Contributor,2018-03-15,2026-04-30,5,2026-04-27,,Self-Paced eLearning,,True
U01315,Retail Banking,Relationship Manager,Canada - West,Individual Contributor,2020-03-11,2026-04-23,4,2026-04-19,,Self-Paced eLearning,False,True
U01316,Commercial Banking,Manager,Canada - West,People Manager,2018-12-27,2026-04-11,4,2026-04-11,2026-04-14,Self-Paced eLearning,False,True
U01317,Technology,Manager,APAC,People Manager,2017-07-26,2026-01-21,1,2026-01-14,2026-01-18,Live Virtual,False,True
U01318,Retail Banking,Associate,US - Northeast,Individual Contributor,2018-07-22,2026-02-10,2,2026-02-09,2026-02-28,In-Person Workshop,False,True
U01319,Capital Markets,Associate,Canada - East,Individual Contributor,2017-09-02,2026-01-10,1,2026-01-07,,Manager-Led Briefing,False,True
U01320,Wealth Management,Associate,Canada - East,Individual Contributor,2019-05-11,2026-02-12,2,2026-02-06,2026-02-11,Live Virtual,False,True
U01321,Technology,Manager,US - Northeast,People Manager,2021-06-29,2026-01-28,1,2026-01-24,2026-01-27,Live Virtual,False,True
U01322,Technology,Analyst,US - Northeast,Individual Contributor,2019-02-07,2026-01-29,1,2026-01-27,2026-02-16,Self-Paced eLearning,False,True
U01323,Retail Banking,Associate,US - Northeast,Individual Contributor,2016-01-31,2026-05-21,5,2026-05-17,,Manager-Led Briefing,False,True
U01324,Wealth Management,Relationship Manager,Canada - East,Individual Contributor,2019-11-28,2026-05-09,5,2026-05-02,,Live Virtual,False,True
U01325,Operations,Manager,Canada - West,People Manager,2022-03-25,2026-04-06,4,2026-04-04,2026-04-22,Self-Paced eLearning,False,True
U01326,Risk and Compliance,Risk Analyst,Canada - West,Individual Contributor,2025-05-19,2026-05-21,5,2026-05-21,2026-06-02,Self-Paced eLearning,False,True
U01327,Operations,Operations Specialist,Canada - East,Individual Contributor,2019-10-10,2026-05-09,5,2026-05-03,2026-05-08,Self-Paced eLearning,False,True
U01328,Technology,Developer,Canada - East,Individual Contributor,2019-08-14,2026-02-09,2,2026-02-04,2026-02-11,Live Virtual,True,True
U01329,Retail Banking,Relationship Manager,Europe,Individual Contributor,2016-03-07,2026-01-22,1,2026-01-20,,Self-Paced eLearning,False,True
U01330,Retail Banking,Associate,Canada - East,Individual Contributor,2019-01-26,2026-06-16,6,2026-06-11,,Live Virtual,False,True
U01331,Capital Markets,Manager,US - Northeast,People Manager,2025-06-02,2026-04-15,4,2026-04-09,2026-04-14,Live Virtual,False,True
U01332,Technology,Analyst,APAC,Individual Contributor,2017-11-08,2026-04-14,4,2026-04-08,2026-04-16,Live Virtual,True,True
U01333,Technology,Developer,US - Northeast,Individual Contributor,2018-03-05,2026-02-05,2,2026-02-02,2026-02-08,Live Virtual,False,True
U01334,Corporate Functions,Analyst,Europe,Individual Contributor,2018-10-15,2026-03-27,3,2026-03-26,2026-04-13,Live Virtual,False,True
U01335,Corporate Functions,Analyst,Europe,Individual Contributor,2020-05-04,2026-05-22,5,2026-05-16,,Self-Paced eLearning,False,True
U01336,Wealth Management,Relationship Manager,Europe,Individual Contributor,2020-11-18,2026-03-28,3,2026-03-21,,Self-Paced eLearning,False,True
U01337,Retail Banking,Relationship Manager,US - Northeast,Individual Contributor,2019-11-26,2026-03-06,3,2026-03-06,,In-Person Workshop,False,True
U01338,Commercial Banking,Relationship Manager,APAC,Individual Contributor,2022-07-17,2026-04-12,4,2026-04-09,2026-04-29,Live Virtual,False,True
U01339,Risk and Compliance,Risk Analyst,Canada - West,Individual Contributor,2025-11-20,2026-04-15,4,2026-04-14,2026-04-17,Self-Paced eLearning,False,True
U01340,Operations,Manager,US - Northeast,People Manager,2017-09-06,,6,2026-06-14,,In-Person Workshop,False,False
U01341,Retail Banking,Analyst,US - Midwest,Individual Contributor,2023-08-01,2026-04-15,4,2026-04-15,2026-04-26,Live Virtual,False,True
U01342,Wealth Management,Associate,Canada - West,Individual Contributor,2021-09-04,,2,2026-02-14,2026-03-05,Self-Paced eLearning,False,False
U01343,Technology,Developer,Canada - East,Individual Contributor,2020-04-26,2026-04-23,4,2026-04-20,2026-05-05,Self-Paced eLearning,False,True
U01344,Technology,Developer,Canada - East,Individual Contributor,2025-03-04,,1,2026-01-19,2026-02-09,Live Virtual,False,False
U01345,Corporate Functions,Associate,Europe,Individual Contributor,2018-06-20,2026-05-20,5,2026-05-18,,Self-Paced eLearning,True,True
U01346,Commercial Banking,Relationship Manager,Canada - East,Individual Contributor,2017-07-11,2026-02-09,2,2026-02-08,,In-Person Workshop,False,True
U01347,Operations,Analyst,APAC,Individual Contributor,2021-12-22,2026-03-18,3,2026-03-17,2026-04-01,In-Person Workshop,False,True
U01348,Operations,Associate,Canada - West,Individual Contributor,2017-10-17,2026-02-26,2,2026-02-25,2026-03-14,Self-Paced eLearning,False,True
U01349,Operations,Operations Specialist,APAC,Individual Contributor,2021-07-24,2026-01-09,1,2026-01-09,,Self-Paced eLearning,False,True
U01350,Retail Banking,Analyst,Canada - West,Individual Contributor,2023-06-11,2026-02-23,2,2026-02-16,,Self-Paced eLearning,False,True
U01351,Wealth Management,Relationship Manager,Europe,Individual Contributor,2016-08-14,2026-04-12,4,2026-04-06,,Live Virtual,True,True
U01352,Wealth Management,Relationship Manager,US - Midwest,Individual Contributor,2020-12-08,2026-05-30,6,2026-05-25,,Manager-Led Briefing,False,False
U01353,Operations,Associate,Canada - East,Individual Contributor,2025-07-07,2026-01-08,1,2026-01-07,,Self-Paced eLearning,False,True
U01354,Operations,Director,US - Midwest,Senior Leader,2024-03-18,2026-03-21,3,2026-03-21,,Live Virtual,False,True
U01355,Risk and Compliance,Associate,Canada - West,Individual Contributor,2022-01-29,,6,2026-06-14,2026-06-22,Live Virtual,False,False
U01356,Retail Banking,Associate,Canada - West,Individual Contributor,2022-12-04,2026-03-18,3,2026-03-15,2026-03-31,Manager-Led Briefing,True,True
U01357,Technology,Manager,US - Northeast,People Manager,2019-06-09,2026-02-23,2,2026-02-17,,In-Person Workshop,True,True
U01358,Technology,Developer,Canada - West,Individual Contributor,2025-11-30,2026-01-19,1,2026-01-19,,In-Person Workshop,True,True
U01359,Commercial Banking,Manager,Europe,People Manager,2021-03-19,2026-06-05,6,2026-06-05,2026-06-20,Live Virtual,False,True
U01360,Retail Banking,Manager,US - Northeast,People Manager,2016-04-06,2026-01-14,1,2026-01-08,2026-01-17,Live Virtual,False,True
U01361,Commercial Banking,Relationship Manager,Canada - West,Individual Contributor,2023-10-22,2026-04-11,4,2026-04-07,,Manager-Led Briefing,False,True
U01362,Operations,Manager,Canada - East,People Manager,2019-11-06,2026-02-22,2,2026-02-19,,Live Virtual,False,True
U01363,Commercial Banking,Relationship Manager,Europe,Individual Contributor,2017-01-27,2026-03-12,3,2026-03-12,,Self-Paced eLearning,False,True
U01364,Retail Banking,Relationship Manager,Canada - West,Individual Contributor,2024-02-29,2026-03-23,3,2026-03-18,2026-03-25,Live Virtual,False,True
U01365,Technology,Developer,US - Midwest,Individual Contributor,2016-08-24,2026-05-27,6,2026-05-23,2026-06-01,Live Virtual,False,True
U01366,Technology,Director,Canada - West,Senior Leader,2022-11-14,2026-01-27,1,2026-01-21,2026-02-11,Live Virtual,False,True
U01367,Retail Banking,Manager,Europe,People Manager,2024-10-07,2026-04-01,4,2026-04-01,,Live Virtual,False,True
U01368,Retail Banking,Associate,Canada - West,Individual Contributor,2016-09-15,2026-03-11,3,2026-03-05,2026-03-20,Manager-Led Briefing,False,True
U01369,Retail Banking,Associate,Canada - East,Individual Contributor,2024-05-24,,6,2026-06-03,,Self-Paced eLearning,False,False
U01370,Operations,Associate,Canada - East,Individual Contributor,2022-07-28,2026-04-21,4,2026-04-20,2026-05-10,Live Virtual,False,True
U01371,Retail Banking,Associate,Canada - East,Individual Contributor,2021-11-24,2026-05-16,5,2026-05-16,2026-05-22,Self-Paced eLearning,False,True
U01372,Corporate Functions,Associate,US - Midwest,Individual Contributor,2023-12-18,2026-03-31,4,2026-03-30,,In-Person Workshop,False,True
U01373,Operations,Operations Specialist,Canada - East,Individual Contributor,2023-11-16,2026-05-03,5,2026-04-30,2026-05-03,In-Person Workshop,False,False
U01374,Wealth Management,Director,US - Midwest,Senior Leader,2016-06-13,2026-05-24,5,2026-05-18,2026-05-23,Live Virtual,True,True
U01375,Corporate Functions,Associate,Canada - West,Individual Contributor,2025-05-04,2026-02-15,2,2026-02-13,2026-03-05,Self-Paced eLearning,False,True
U01376,Retail Banking,Relationship Manager,APAC,Individual Contributor,2022-10-15,2026-02-27,2,2026-02-23,2026-03-13,Self-Paced eLearning,False,True
U01377,Commercial Banking,Analyst,APAC,Individual Contributor,2020-04-28,2026-06-15,6,2026-06-15,,Live Virtual,False,True
U01378,Risk and Compliance,Risk Analyst,Canada - East,Individual Contributor,2020-12-27,2026-05-19,5,2026-05-14,2026-05-23,Live Virtual,False,True
U01379,Commercial Banking,Associate,US - Northeast,Individual Contributor,2019-04-30,2026-05-17,5,2026-05-14,,Live Virtual,True,True
U01380,Operations,Manager,US - Midwest,People Manager,2025-11-29,2026-05-31,6,2026-05-30,,In-Person Workshop,False,True
U01381,Operations,Operations Specialist,US - Northeast,Individual Contributor,2022-12-18,2026-03-09,3,2026-03-08,,Live Virtual,True,True
U01382,Retail Banking,Associate,Canada - East,Individual Contributor,2024-05-26,2026-03-22,3,2026-03-18,,Self-Paced eLearning,False,True
U01383,Technology,Developer,Canada - West,Individual Contributor,2022-04-03,2026-01-08,1,2026-01-01,2026-01-13,Manager-Led Briefing,False,True
U01384,Corporate Functions,Analyst,US - Midwest,Individual Contributor,2019-12-02,2026-02-03,2,2026-01-31,2026-02-20,Self-Paced eLearning,False,True
U01385,Corporate Functions,Manager,US - Northeast,People Manager,2024-05-31,2026-02-10,2,2026-02-07,2026-02-20,Self-Paced eLearning,False,True
U01386,Retail Banking,Associate,Canada - East,Individual Contributor,2017-06-12,2026-04-11,4,2026-04-11,2026-04-27,Self-Paced eLearning,False,True
U01387,Capital Markets,Analyst,Canada - East,Individual Contributor,2019-10-15,2026-01-22,1,2026-01-17,2026-02-01,Self-Paced eLearning,True,True
U01388,Operations,Manager,Canada - West,People Manager,2020-10-01,,3,2026-03-23,,Manager-Led Briefing,True,False
U01389,Risk and Compliance,Director,Canada - West,Senior Leader,2023-07-16,2026-05-09,5,2026-05-07,2026-05-25,Live Virtual,False,True
U01390,Retail Banking,Relationship Manager,US - Midwest,Individual Contributor,2019-05-26,2026-04-15,4,2026-04-13,,Self-Paced eLearning,False,True
U01391,Risk and Compliance,Director,Canada - West,Senior Leader,2023-01-02,2026-04-06,4,2026-04-01,2026-04-06,Self-Paced eLearning,False,True
U01392,Wealth Management,Relationship Manager,Canada - East,Individual Contributor,2017-03-16,2026-01-26,1,2026-01-26,2026-02-01,Live Virtual,False,True
U01393,Retail Banking,Relationship Manager,US - Midwest,Individual Contributor,2022-06-11,2026-05-12,5,2026-05-06,,Self-Paced eLearning,False,True
U01394,Retail Banking,Relationship Manager,US - Midwest,Individual Contributor,2020-04-16,2026-01-15,1,2026-01-15,2026-01-27,Live Virtual,False,True
U01395,Wealth Management,Relationship Manager,Canada - East,Individual Contributor,2024-05-01,2026-02-13,2,2026-02-08,2026-02-20,Self-Paced eLearning,False,True
U01396,Retail Banking,Manager,US - Midwest,People Manager,2022-06-22,2026-03-12,3,2026-03-07,,Live Virtual,False,True
U01397,Technology,Manager,Canada - East,People Manager,2021-12-28,2026-01-21,1,2026-01-18,2026-02-01,Self-Paced eLearning,False,True
U01398,Risk and Compliance,Risk Analyst,US - Northeast,Individual Contributor,2019-10-02,2026-04-30,5,2026-04-25,2026-05-16,Live Virtual,False,True
U01399,Technology,Developer,Canada - West,Individual Contributor,2021-06-30,2026-04-20,4,2026-04-16,2026-04-22,Self-Paced eLearning,True,True
U01400,Operations,Director,Canada - East,Senior Leader,2023-07-29,2026-06-04,6,2026-06-02,,In-Person Workshop,False,True
U01401,Operations,Analyst,Canada - West,Individual Contributor,2016-08-22,2026-04-05,4,2026-04-03,2026-04-08,Self-Paced eLearning,False,True
U01402,Retail Banking,Analyst,US - Northeast,Individual Contributor,2016-06-19,2026-05-14,5,2026-05-09,,Live Virtual,False,True
U01403,Corporate Functions,Associate,US - Midwest,Individual Contributor,2018-11-27,2026-06-15,6,2026-06-13,,In-Person Workshop,False,True
U01404,Operations,Operations Specialist,Europe,Individual Contributor,2025-05-18,2026-02-14,2,2026-02-10,,Live Virtual,False,True
U01405,Retail Banking,Relationship Manager,US - Midwest,Individual Contributor,2017-06-17,2026-04-25,4,2026-04-21,2026-05-06,Self-Paced eLearning,True,True
U01406,Operations,Operations Specialist,Canada - East,Individual Contributor,2017-04-05,2026-04-07,4,2026-04-06,,Self-Paced eLearning,False,True
U01407,Corporate Functions,Manager,Europe,People Manager,2024-07-07,2026-04-16,4,2026-04-16,2026-05-02,Live Virtual,False,True
U01408,Retail Banking,Associate,APAC,Individual Contributor,2016-07-04,2026-04-24,4,2026-04-17,2026-05-02,In-Person Workshop,False,True
U01409,Risk and Compliance,Risk Analyst,Europe,Individual Contributor,2023-07-19,2026-02-20,2,2026-02-20,,In-Person Workshop,False,True
U01410,Capital Markets,Associate,Canada - East,Individual Contributor,2023-09-28,2026-02-19,2,2026-02-12,2026-02-26,Live Virtual,False,True
U01411,Wealth Management,Relationship Manager,US - Midwest,Individual Contributor,2016-02-29,2026-03-29,3,2026-03-29,2026-04-07,Live Virtual,False,True
U01412,Corporate Functions,Analyst,Canada - East,Individual Contributor,2019-07-06,2026-04-17,4,2026-04-17,2026-04-26,Self-Paced eLearning,False,True
U01413,Wealth Management,Director,US - Midwest,Senior Leader,2024-11-25,2026-01-31,1,2026-01-31,2026-02-03,Manager-Led Briefing,False,True
U01414,Corporate Functions,Operations Specialist,Canada - East,Individual Contributor,2020-11-11,,4,2026-04-11,,In-Person Workshop,False,False
U01415,Retail Banking,Relationship Manager,Canada - West,Individual Contributor,2023-09-27,2026-05-24,5,2026-05-19,2026-06-03,Self-Paced eLearning,False,True
U01416,Wealth Management,Associate,Canada - West,Individual Contributor,2019-02-17,2026-05-09,5,2026-05-05,2026-05-26,Live Virtual,False,True
U01417,Technology,Director,Europe,Senior Leader,2019-04-29,2026-02-08,2,2026-02-03,,Live Virtual,True,True
U01418,Technology,Developer,US - Northeast,Individual Contributor,2020-11-07,2026-02-13,2,2026-02-12,,Self-Paced eLearning,True,True
U01419,Risk and Compliance,Analyst,Canada - East,Individual Contributor,2018-02-14,2026-04-11,4,2026-04-08,,In-Person Workshop,False,True
U01420,Corporate Functions,Associate,Canada - East,Individual Contributor,2023-04-20,2026-03-25,3,2026-03-25,2026-03-31,Self-Paced eLearning,False,True
U01421,Capital Markets,Manager,Canada - East,People Manager,2019-02-27,2026-02-22,2,2026-02-16,,Live Virtual,True,True
U01422,Technology,Associate,Canada - East,Individual Contributor,2022-05-15,2026-01-25,1,2026-01-19,2026-01-25,Self-Paced eLearning,True,True
U01423,Operations,Manager,Canada - East,People Manager,2023-01-12,,6,2026-06-03,,Live Virtual,False,False
U01424,Operations,Operations Specialist,Canada - East,Individual Contributor,2019-02-09,2026-04-11,4,2026-04-07,2026-04-22,Manager-Led Briefing,False,True
U01425,Operations,Operations Specialist,Canada - West,Individual Contributor,2019-09-23,2026-05-29,6,2026-05-25,,Self-Paced eLearning,True,True
U01426,Operations,Associate,Canada - East,Individual Contributor,2019-07-10,2026-06-16,6,2026-06-09,2026-06-16,Self-Paced eLearning,False,True
U01427,Retail Banking,Associate,Canada - East,Individual Contributor,2018-06-13,2026-02-06,2,2026-01-31,2026-02-08,Manager-Led Briefing,False,True
U01428,Retail Banking,Relationship Manager,APAC,Individual Contributor,2025-03-02,2026-05-24,5,2026-05-21,2026-06-09,Self-Paced eLearning,False,True
U01429,Capital Markets,Analyst,Canada - West,Individual Contributor,2016-12-07,2026-03-07,3,2026-03-05,2026-03-26,Live Virtual,True,True
U01430,Operations,Director,US - Northeast,Senior Leader,2017-06-14,2026-04-28,5,2026-04-27,2026-05-07,Self-Paced eLearning,False,True
U01431,Risk and Compliance,Manager,Canada - East,People Manager,2022-04-19,2026-05-31,6,2026-05-31,2026-06-21,Live Virtual,True,True
U01432,Commercial Banking,Analyst,Europe,Individual Contributor,2023-04-03,2026-01-14,1,2026-01-09,,Self-Paced eLearning,False,True
U01433,Retail Banking,Relationship Manager,Europe,Individual Contributor,2019-01-17,2026-05-20,5,2026-05-14,,Self-Paced eLearning,False,True
U01434,Retail Banking,Relationship Manager,Canada - West,Individual Contributor,2024-09-12,2026-05-06,5,2026-04-30,,Self-Paced eLearning,True,True
U01435,Retail Banking,Associate,APAC,Individual Contributor,2025-02-09,2026-03-20,3,2026-03-14,2026-04-03,Self-Paced eLearning,False,True
U01436,Corporate Functions,Associate,US - Midwest,Individual Contributor,2020-01-17,2026-06-18,6,2026-06-16,,Self-Paced eLearning,True,True
U01437,Retail Banking,Relationship Manager,US - Northeast,Individual Contributor,2017-09-15,2026-04-12,4,2026-04-08,2026-04-17,Self-Paced eLearning,False,True
U01438,Technology,Developer,Canada - East,Individual Contributor,2020-08-09,2026-04-15,4,2026-04-11,2026-04-26,Self-Paced eLearning,False,True
U01439,Risk and Compliance,Associate,US - Northeast,Individual Contributor,2023-07-07,2026-01-08,1,2026-01-02,2026-01-09,Manager-Led Briefing,False,True
U01440,Corporate Functions,Associate,US - Midwest,Individual Contributor,2017-10-01,2026-03-25,3,2026-03-18,,Live Virtual,False,True
U01441,Retail Banking,Associate,Canada - East,Individual Contributor,2018-09-10,2026-04-22,4,2026-04-21,,In-Person Workshop,False,True
U01442,Retail Banking,Associate,Europe,Individual Contributor,2023-06-30,2026-02-24,2,2026-02-19,2026-02-23,Live Virtual,False,True
U01443,Retail Banking,Associate,Canada - West,Individual Contributor,2020-08-10,2026-06-01,6,2026-05-31,,Self-Paced eLearning,True,True
U01444,Retail Banking,Relationship Manager,APAC,Individual Contributor,2025-07-11,2026-01-27,1,2026-01-25,2026-02-13,In-Person Workshop,False,True
U01445,Retail Banking,Relationship Manager,Canada - West,Individual Contributor,2021-07-22,2026-05-18,5,2026-05-16,2026-06-02,Live Virtual,True,False
U01446,Technology,Manager,Canada - East,People Manager,2025-03-30,2026-02-17,2,2026-02-15,2026-03-02,In-Person Workshop,True,True
U01447,Risk and Compliance,Risk Analyst,Europe,Individual Contributor,2022-12-31,2026-04-16,4,2026-04-11,,Manager-Led Briefing,False,True
U01448,Technology,Developer,APAC,Individual Contributor,2025-04-09,2026-02-28,2,2026-02-21,2026-03-14,Manager-Led Briefing,False,True
U01449,Commercial Banking,Relationship Manager,Canada - East,Individual Contributor,2023-07-06,2026-02-17,2,2026-02-14,,Self-Paced eLearning,False,True
U01450,Retail Banking,Associate,Canada - East,Individual Contributor,2017-06-04,2026-06-01,6,2026-05-26,2026-06-06,Self-Paced eLearning,False,True
U01451,Wealth Management,Analyst,Europe,Individual Contributor,2016-12-28,2026-02-04,2,2026-02-02,2026-02-09,Live Virtual,True,True
U01452,Commercial Banking,Analyst,Canada - East,Individual Contributor,2019-12-12,2026-05-07,5,2026-05-02,2026-05-09,Manager-Led Briefing,False,True
U01453,Risk and Compliance,Risk Analyst,Canada - East,Individual Contributor,2022-03-20,2026-05-20,5,2026-05-13,2026-05-17,Manager-Led Briefing,True,True
U01454,Corporate Functions,Associate,Europe,Individual Contributor,2016-12-09,2026-03-02,3,2026-02-23,2026-03-01,Live Virtual,False,True
U01455,Operations,Director,Canada - West,Senior Leader,2019-03-30,2026-01-23,1,2026-01-23,,In-Person Workshop,False,True
U01456,Retail Banking,Associate,Canada - West,Individual Contributor,2021-05-16,2026-04-23,4,2026-04-22,,Manager-Led Briefing,False,True
U01457,Retail Banking,Relationship Manager,Canada - West,Individual Contributor,2023-02-19,2026-04-13,4,2026-04-11,,Live Virtual,False,True
U01458,Operations,Director,Canada - East,Senior Leader,2024-07-14,2026-04-04,4,2026-03-31,2026-04-03,Self-Paced eLearning,True,True
U01459,Corporate Functions,Manager,US - Northeast,People Manager,2016-11-09,2026-03-08,3,2026-03-08,,In-Person Workshop,False,False
U01460,Operations,Analyst,Canada - East,Individual Contributor,2025-05-27,2026-04-25,4,2026-04-23,,In-Person Workshop,False,True
U01461,Capital Markets,Director,US - Northeast,Senior Leader,2018-03-21,2026-01-28,1,2026-01-21,2026-01-25,In-Person Workshop,False,True
U01462,Technology,Manager,Canada - West,People Manager,2020-12-05,2026-01-22,1,2026-01-16,2026-01-28,Live Virtual,False,True
U01463,Retail Banking,Relationship Manager,Europe,Individual Contributor,2021-11-06,2026-03-20,3,2026-03-17,2026-03-21,Manager-Led Briefing,True,True
U01464,Operations,Manager,US - Midwest,People Manager,2019-01-22,2026-06-07,6,2026-06-03,2026-06-19,Self-Paced eLearning,False,True
U01465,Commercial Banking,Relationship Manager,APAC,Individual Contributor,2018-12-09,2026-01-06,1,2025-12-30,,Self-Paced eLearning,False,True
U01466,Commercial Banking,Director,US - Northeast,Senior Leader,2022-08-16,2026-04-12,4,2026-04-07,,Manager-Led Briefing,True,True
U01467,Operations,Director,Canada - East,Senior Leader,2022-09-17,2026-04-10,4,2026-04-09,,Live Virtual,False,True
U01468,Retail Banking,Analyst,Europe,Individual Contributor,2020-07-04,2026-02-22,2,2026-02-16,,In-Person Workshop,True,True
U01469,Capital Markets,Manager,Canada - East,People Manager,2016-04-22,2026-02-10,2,2026-02-08,2026-02-27,In-Person Workshop,True,True
U01470,Retail Banking,Relationship Manager,Canada - East,Individual Contributor,2023-01-08,2026-06-15,6,2026-06-10,2026-06-29,Self-Paced eLearning,False,True
U01471,Risk and Compliance,Manager,Europe,People Manager,2023-11-28,2026-01-08,1,2026-01-01,2026-01-16,Self-Paced eLearning,False,True
U01472,Retail Banking,Associate,US - Northeast,Individual Contributor,2022-09-26,2026-03-10,3,2026-03-10,,In-Person Workshop,True,True
U01473,Retail Banking,Relationship Manager,Canada - West,Individual Contributor,2021-09-05,2026-03-18,3,2026-03-14,2026-04-04,Self-Paced eLearning,True,True
U01474,Technology,Developer,US - Northeast,Individual Contributor,2022-01-13,2026-02-03,2,2026-01-29,2026-02-07,Manager-Led Briefing,False,True
U01475,Technology,Manager,Canada - East,People Manager,2016-07-16,2026-02-18,2,2026-02-16,2026-03-08,In-Person Workshop,False,True
U01476,Technology,Developer,Canada - East,Individual Contributor,2017-10-11,2026-02-10,2,2026-02-04,2026-02-14,Live Virtual,True,True
U01477,Operations,Associate,Canada - East,Individual Contributor,2022-12-31,2026-04-03,4,2026-04-03,,Self-Paced eLearning,False,False
U01478,Corporate Functions,Manager,Europe,People Manager,2021-08-28,2026-04-19,4,2026-04-15,2026-05-06,Self-Paced eLearning,False,True
U01479,Technology,Analyst,Canada - West,Individual Contributor,2017-01-01,2026-01-28,1,2026-01-21,2026-01-26,Live Virtual,False,True
U01480,Technology,Developer,Canada - West,Individual Contributor,2023-03-06,2026-03-30,4,2026-03-27,2026-04-07,Self-Paced eLearning,True,True
U01481,Operations,Operations Specialist,Canada - East,Individual Contributor,2019-02-26,2026-05-25,6,2026-05-18,2026-05-23,Live Virtual,False,True
U01482,Retail Banking,Associate,Canada - East,Individual Contributor,2016-12-03,2026-01-27,1,2026-01-23,,Self-Paced eLearning,False,True
U01483,Commercial Banking,Associate,Canada - East,Individual Contributor,2023-02-14,2026-05-19,5,2026-05-19,,Self-Paced eLearning,False,True
U01484,Retail Banking,Associate,Canada - West,Individual Contributor,2025-09-14,2026-05-22,5,2026-05-22,2026-05-25,Live Virtual,False,True
U01485,Commercial Banking,Manager,Europe,People Manager,2021-06-04,2026-06-14,6,2026-06-12,2026-06-26,Live Virtual,False,True
U01486,Retail Banking,Associate,US - Northeast,Individual Contributor,2016-01-31,2026-06-06,6,2026-06-02,,Self-Paced eLearning,False,True
U01487,Corporate Functions,Director,Canada - East,Senior Leader,2017-06-02,2026-06-03,6,2026-06-02,2026-06-16,Live Virtual,False,True
U01488,Technology,Director,US - Northeast,Senior Leader,2024-01-29,2026-01-20,1,2026-01-14,,Self-Paced eLearning,False,True
U01489,Risk and Compliance,Analyst,US - Northeast,Individual Contributor,2016-08-31,2026-06-17,6,2026-06-17,,Self-Paced eLearning,False,True
U01490,Technology,Developer,US - Northeast,Individual Contributor,2018-03-14,2026-01-26,1,2026-01-19,2026-02-05,Self-Paced eLearning,False,True
U01491,Retail Banking,Relationship Manager,Canada - East,Individual Contributor,2022-10-15,2026-04-14,4,2026-04-08,,Live Virtual,False,True
U01492,Wealth Management,Analyst,Europe,Individual Contributor,2022-04-08,2026-03-09,3,2026-03-04,2026-03-14,Manager-Led Briefing,False,True
U01493,Commercial Banking,Relationship Manager,Canada - East,Individual Contributor,2021-02-17,2026-02-06,2,2026-02-05,,Self-Paced eLearning,False,True
U01494,Wealth Management,Director,Canada - East,Senior Leader,2023-07-26,2026-04-16,4,2026-04-11,2026-05-01,Live Virtual,False,True
U01495,Operations,Manager,Canada - East,People Manager,2018-10-14,2026-01-30,1,2026-01-26,,Live Virtual,True,True
U01496,Commercial Banking,Relationship Manager,Europe,Individual Contributor,2017-09-03,2026-05-27,6,2026-05-20,2026-06-05,Self-Paced eLearning,False,True
U01497,Wealth Management,Associate,APAC,Individual Contributor,2018-02-24,2026-03-05,3,2026-03-01,,Self-Paced eLearning,False,True
U01498,Commercial Banking,Associate,US - Northeast,Individual Contributor,2023-08-26,2026-05-21,5,2026-05-18,2026-05-27,Live Virtual,False,True
U01499,Operations,Operations Specialist,APAC,Individual Contributor,2016-07-01,2026-05-23,5,2026-05-18,2026-06-08,Live Virtual,False,True
U01500,Commercial Banking,Associate,Europe,Individual Contributor,2024-04-23,2026-03-06,3,2026-03-01,2026-03-22,In-Person Workshop,False,True
U01501,Commercial Banking,Analyst,Canada - East,Individual Contributor,2023-08-14,2026-04-18,4,2026-04-12,2026-04-20,Manager-Led Briefing,False,True
U01502,Corporate Functions,Analyst,Canada - East,Individual Contributor,2022-10-26,2026-04-03,4,2026-03-30,,Manager-Led Briefing,False,True
U01503,Operations,Operations Specialist,Canada - East,Individual Contributor,2018-10-24,2026-02-13,2,2026-02-10,,Live Virtual,False,True
U01504,Operations,Operations Specialist,Canada - West,Individual Contributor,2016-02-13,2026-05-20,5,2026-05-13,2026-05-28,Live Virtual,False,True
U01505,Wealth Management,Relationship Manager,Canada - West,Individual Contributor,2021-11-22,2026-02-24,2,2026-02-21,2026-02-26,Live Virtual,False,True
U01506,Technology,Associate,Canada - West,Individual Contributor,2022-11-02,2026-02-07,2,2026-02-07,,Self-Paced eLearning,False,True
U01507,Capital Markets,Analyst,Canada - West,Individual Contributor,2020-05-21,2026-01-24,1,2026-01-24,2026-02-04,Self-Paced eLearning,False,True
U01508,Operations,Associate,US - Northeast,Individual Contributor,2022-09-24,2026-03-01,2,2026-02-23,,Self-Paced eLearning,False,False
U01509,Retail Banking,Relationship Manager,US - Northeast,Individual Contributor,2020-12-08,2026-01-19,1,2026-01-14,,Live Virtual,True,True
U01510,Capital Markets,Manager,Canada - East,People Manager,2023-08-06,2026-03-27,3,2026-03-21,,Live Virtual,False,True
U01511,Retail Banking,Relationship Manager,Canada - West,Individual Contributor,2020-08-25,2026-01-21,1,2026-01-17,2026-01-27,Self-Paced eLearning,False,True
U01512,Retail Banking,Associate,Canada - East,Individual Contributor,2021-11-25,2026-06-16,6,2026-06-11,2026-07-02,Manager-Led Briefing,False,True
U01513,Commercial Banking,Analyst,Canada - East,Individual Contributor,2019-08-26,2026-04-21,4,2026-04-16,2026-05-03,In-Person Workshop,False,True
U01514,Capital Markets,Analyst,Canada - East,Individual Contributor,2017-03-24,2026-05-24,5,2026-05-23,2026-05-27,Self-Paced eLearning,False,True
U01515,Risk and Compliance,Risk Analyst,Europe,Individual Contributor,2023-09-10,2026-04-13,4,2026-04-08,2026-04-13,Self-Paced eLearning,False,True
U01516,Retail Banking,Relationship Manager,Canada - East,Individual Contributor,2021-03-09,2026-03-28,3,2026-03-22,2026-04-01,Self-Paced eLearning,False,True
U01517,Retail Banking,Associate,US - Midwest,Individual Contributor,2016-02-11,2026-05-24,5,2026-05-21,,Live Virtual,False,True
U01518,Corporate Functions,Analyst,Canada - East,Individual Contributor,2020-12-13,2026-02-04,2,2026-02-03,2026-02-22,In-Person Workshop,False,True
U01519,Retail Banking,Analyst,Canada - East,Individual Contributor,2016-11-28,2026-03-26,3,2026-03-20,2026-03-26,Manager-Led Briefing,False,True
U01520,Retail Banking,Associate,US - Midwest,Individual Contributor,2023-01-25,2026-04-01,4,2026-03-26,2026-03-30,In-Person Workshop,False,True
U01521,Operations,Operations Specialist,Canada - East,Individual Contributor,2021-07-24,2026-05-16,5,2026-05-15,2026-05-29,Self-Paced eLearning,False,True
U01522,Technology,Manager,US - Midwest,People Manager,2018-07-02,2026-06-03,6,2026-06-03,2026-06-16,In-Person Workshop,False,True
U01523,Risk and Compliance,Risk Analyst,Canada - West,Individual Contributor,2019-12-07,2026-05-19,5,2026-05-12,2026-05-27,Self-Paced eLearning,True,True
U01524,Capital Markets,Analyst,Canada - East,Individual Contributor,2021-06-29,2026-02-11,2,2026-02-05,2026-02-13,Live Virtual,False,True
U01525,Capital Markets,Manager,Canada - East,People Manager,2017-06-04,2026-05-16,5,2026-05-13,2026-05-30,Live Virtual,False,True
U01526,Retail Banking,Relationship Manager,US - Northeast,Individual Contributor,2025-10-15,2026-05-27,6,2026-05-21,2026-06-06,Live Virtual,False,True
U01527,Operations,Manager,US - Northeast,People Manager,2022-06-18,2026-03-14,3,2026-03-12,2026-04-01,Live Virtual,False,True
U01528,Technology,Associate,Canada - West,Individual Contributor,2020-07-31,2026-03-30,4,2026-03-26,2026-03-31,Self-Paced eLearning,False,True
U01529,Retail Banking,Manager,US - Northeast,People Manager,2016-06-29,2026-01-16,1,2026-01-15,2026-02-01,Self-Paced eLearning,False,True
U01530,Retail Banking,Associate,Canada - East,Individual Contributor,2016-05-10,2026-01-11,1,2026-01-09,2026-01-27,Live Virtual,False,True
U01531,Operations,Operations Specialist,US - Midwest,Individual Contributor,2021-05-10,2026-01-25,1,2026-01-21,,In-Person Workshop,False,True
U01532,Retail Banking,Associate,Canada - West,Individual Contributor,2025-03-11,2026-04-28,5,2026-04-24,2026-05-03,Live Virtual,False,True
U01533,Technology,Director,Canada - East,Senior Leader,2021-11-21,2026-02-01,1,2026-01-30,2026-02-19,Live Virtual,False,True
U01534,Capital Markets,Analyst,US - Northeast,Individual Contributor,2025-07-20,2026-02-02,2,2026-02-01,2026-02-20,Live Virtual,True,True
U01535,Retail Banking,Manager,APAC,People Manager,2023-06-10,2026-02-08,2,2026-02-03,2026-02-14,Live Virtual,True,True
U01536,Technology,Manager,US - Midwest,People Manager,2023-09-30,2026-01-20,1,2026-01-13,,Live Virtual,False,True
U01537,Wealth Management,Analyst,Canada - East,Individual Contributor,2024-04-15,2026-05-03,5,2026-05-03,2026-05-12,In-Person Workshop,False,True
U01538,Capital Markets,Director,Canada - West,Senior Leader,2022-08-23,2026-03-25,3,2026-03-20,2026-04-07,Live Virtual,False,True
U01539,Wealth Management,Analyst,US - Northeast,Individual Contributor,2021-05-22,2026-04-03,4,2026-04-03,,Self-Paced eLearning,False,True
U01540,Operations,Operations Specialist,US - Northeast,Individual Contributor,2021-01-06,2026-01-24,1,2026-01-23,,Self-Paced eLearning,False,True
U01541,Wealth Management,Relationship Manager,US - Midwest,Individual Contributor,2023-10-29,2026-05-09,5,2026-05-09,,In-Person Workshop,False,True
U01542,Retail Banking,Relationship Manager,US - Northeast,Individual Contributor,2023-03-09,2026-01-12,1,2026-01-09,2026-01-14,Self-Paced eLearning,False,True
U01543,Operations,Operations Specialist,Canada - West,Individual Contributor,2024-06-30,2026-03-15,3,2026-03-15,2026-03-19,Self-Paced eLearning,False,True
U01544,Retail Banking,Analyst,APAC,Individual Contributor,2017-07-27,2026-02-15,2,2026-02-09,2026-02-16,Self-Paced eLearning,False,True
U01545,Technology,Developer,Canada - East,Individual Contributor,2021-10-18,2026-02-01,1,2026-01-31,2026-02-12,Self-Paced eLearning,False,True
U01546,Operations,Operations Specialist,US - Midwest,Individual Contributor,2019-02-05,2026-06-02,6,2026-05-31,2026-06-09,Self-Paced eLearning,False,True
U01547,Retail Banking,Analyst,Canada - East,Individual Contributor,2017-01-18,2026-04-07,4,2026-04-02,2026-04-15,In-Person Workshop,False,True
U01548,Capital Markets,Analyst,US - Midwest,Individual Contributor,2020-09-27,2026-01-20,1,2026-01-17,2026-02-05,Self-Paced eLearning,,True
U01549,Operations,Associate,Canada - West,Individual Contributor,2017-04-04,2026-05-03,5,2026-04-28,,Self-Paced eLearning,False,True
U01550,Retail Banking,Relationship Manager,Europe,Individual Contributor,2025-03-14,2026-02-11,2,2026-02-09,,Live Virtual,False,True
U01551,Retail Banking,Analyst,US - Midwest,Individual Contributor,2023-07-03,2026-03-11,3,2026-03-10,,Live Virtual,False,True
U01552,Operations,Operations Specialist,US - Midwest,Individual Contributor,2016-07-31,2026-04-21,4,2026-04-17,2026-05-02,Manager-Led Briefing,False,True
U01553,Operations,Manager,Europe,People Manager,2016-03-26,2026-04-14,4,2026-04-08,2026-04-29,Self-Paced eLearning,False,True
U01554,Operations,Manager,Canada - West,People Manager,2017-03-21,2026-04-11,4,2026-04-08,2026-04-28,Self-Paced eLearning,False,True
U01555,Retail Banking,Relationship Manager,Canada - East,Individual Contributor,2019-11-16,2026-06-04,6,2026-06-04,,Self-Paced eLearning,True,True
U01556,Capital Markets,Associate,US - Northeast,Individual Contributor,2022-05-22,2026-01-29,1,2026-01-27,2026-02-07,In-Person Workshop,False,True
U01557,Risk and Compliance,Risk Analyst,Canada - West,Individual Contributor,2021-03-07,2026-06-11,6,2026-06-04,2026-06-15,Live Virtual,False,True
U01558,Technology,Developer,Canada - West,Individual Contributor,2018-05-21,2026-03-09,3,2026-03-02,2026-03-20,Live Virtual,True,True
U01559,Commercial Banking,Relationship Manager,Canada - West,Individual Contributor,2020-10-17,2026-01-10,1,2026-01-07,2026-01-26,Self-Paced eLearning,True,True
U01560,Risk and Compliance,Analyst,Canada - East,Individual Contributor,2021-12-23,2026-04-28,5,2026-04-22,2026-05-02,In-Person Workshop,False,True
U01561,Corporate Functions,Analyst,Europe,Individual Contributor,2017-04-11,2026-04-15,4,2026-04-15,2026-04-25,Live Virtual,False,True
U01562,Commercial Banking,Associate,Canada - West,Individual Contributor,2018-09-07,2026-01-21,1,2026-01-19,,Live Virtual,True,True
U01563,Risk and Compliance,Risk Analyst,Canada - West,Individual Contributor,2016-06-05,2026-05-29,6,2026-05-28,2026-06-01,Live Virtual,False,True
U01564,Risk and Compliance,Manager,US - Midwest,People Manager,2019-09-05,2026-05-28,6,2026-05-24,2026-06-02,Self-Paced eLearning,False,True
U01565,Wealth Management,Associate,APAC,Individual Contributor,2024-12-13,2026-05-03,5,2026-04-26,2026-05-08,Self-Paced eLearning,False,True
U01566,Technology,Director,Canada - East,Senior Leader,2017-11-05,2026-01-16,1,2026-01-10,2026-01-16,Manager-Led Briefing,False,True
U01567,Retail Banking,Relationship Manager,US - Northeast,Individual Contributor,2019-07-12,2026-01-28,1,2026-01-27,,In-Person Workshop,False,True
U01568,Retail Banking,Relationship Manager,Canada - East,Individual Contributor,2023-08-31,2026-04-15,4,2026-04-14,2026-04-28,Self-Paced eLearning,False,True
U01569,Technology,Director,Europe,Senior Leader,2024-12-15,2026-01-09,1,2026-01-02,2026-01-11,Self-Paced eLearning,False,True
U01570,Technology,Analyst,US - Midwest,Individual Contributor,2020-07-01,2026-01-15,1,2026-01-10,,Self-Paced eLearning,False,True
U01571,Operations,Manager,Canada - East,People Manager,2019-09-07,2026-04-26,4,2026-04-20,,In-Person Workshop,False,True
U01572,Technology,Director,Canada - West,Senior Leader,2017-11-21,2026-03-29,3,2026-03-22,2026-04-02,Manager-Led Briefing,False,True
U01573,Technology,Developer,US - Northeast,Individual Contributor,2016-12-30,2026-02-10,2,2026-02-08,2026-02-17,Self-Paced eLearning,False,True
U01574,Wealth Management,Relationship Manager,Canada - East,Individual Contributor,2018-08-16,,2,2026-01-31,2026-02-13,Self-Paced eLearning,False,False
U01575,Retail Banking,Director,Canada - East,Senior Leader,2017-01-30,2026-04-03,4,2026-04-03,2026-04-08,In-Person Workshop,False,True
U01576,Retail Banking,Relationship Manager,Canada - West,Individual Contributor,2023-11-10,2026-04-19,4,2026-04-12,,Self-Paced eLearning,False,True
U01577,Wealth Management,Analyst,Canada - East,Individual Contributor,2019-02-17,2026-05-01,5,2026-04-28,2026-05-18,In-Person Workshop,False,True
U01578,Wealth Management,Director,Canada - West,Senior Leader,2021-07-04,2026-01-17,1,2026-01-14,2026-01-23,Self-Paced eLearning,True,True
U01579,Corporate Functions,Associate,US - Northeast,Individual Contributor,2021-10-22,2026-04-08,4,2026-04-03,,Self-Paced eLearning,False,True
U01580,Risk and Compliance,Risk Analyst,Europe,Individual Contributor,2023-04-13,2026-05-07,5,2026-05-05,2026-05-19,Live Virtual,False,True
U01581,Risk and Compliance,Risk Analyst,US - Northeast,Individual Contributor,2020-09-24,2026-05-02,5,2026-04-27,2026-04-30,In-Person Workshop,False,True
U01582,Operations,Operations Specialist,Canada - East,Individual Contributor,2017-04-17,2026-06-20,6,2026-06-15,2026-06-25,Live Virtual,False,True
U01583,Operations,Operations Specialist,US - Midwest,Individual Contributor,2022-11-16,2026-02-18,2,2026-02-16,2026-02-21,In-Person Workshop,False,True
U01584,Retail Banking,Relationship Manager,US - Northeast,Individual Contributor,2017-04-14,2026-01-17,1,2026-01-12,,In-Person Workshop,True,True
U01585,Commercial Banking,Analyst,Canada - East,Individual Contributor,2017-07-16,2026-04-28,5,2026-04-26,2026-05-10,Self-Paced eLearning,True,True
U01586,Risk and Compliance,Director,US - Northeast,Senior Leader,2017-09-25,2026-05-16,5,2026-05-15,2026-05-25,Self-Paced eLearning,False,True
U01587,Operations,Operations Specialist,Canada - East,Individual Contributor,2021-02-18,2026-02-02,2,2026-01-27,2026-02-04,Live Virtual,False,True
U01588,Technology,Manager,Canada - West,People Manager,2021-01-17,2026-03-06,3,2026-02-27,,Self-Paced eLearning,False,True
U01589,Operations,Operations Specialist,Canada - West,Individual Contributor,2024-01-26,2026-06-16,6,2026-06-13,2026-06-29,Self-Paced eLearning,False,True
U01590,Retail Banking,Relationship Manager,US - Midwest,Individual Contributor,2019-08-29,2026-04-13,4,2026-04-10,2026-04-17,In-Person Workshop,False,True
U01591,Retail Banking,Analyst,Europe,Individual Contributor,2022-10-21,2026-03-18,3,2026-03-14,2026-03-26,Self-Paced eLearning,False,True
U01592,Retail Banking,Manager,Canada - West,People Manager,2018-08-13,2026-06-01,6,2026-05-31,,Self-Paced eLearning,False,True
U01593,Corporate Functions,Analyst,Europe,Individual Contributor,2025-10-27,2026-06-10,6,2026-06-04,2026-06-21,Manager-Led Briefing,False,True
U01594,Operations,Operations Specialist,US - Midwest,Individual Contributor,2025-06-25,2026-01-05,1,2026-01-02,,Self-Paced eLearning,False,True
U01595,Wealth Management,Associate,APAC,Individual Contributor,2016-07-02,,5,2026-05-04,2026-05-24,In-Person Workshop,False,False
U01596,Commercial Banking,Relationship Manager,APAC,Individual Contributor,2021-11-24,2026-01-12,1,2026-01-10,,Self-Paced eLearning,False,True
U01597,Retail Banking,Director,Canada - West,Senior Leader,2021-12-02,2026-03-03,3,2026-02-28,2026-03-06,Self-Paced eLearning,,True
U01598,Retail Banking,Associate,Canada - West,Individual Contributor,2018-07-16,2026-04-04,4,2026-03-29,2026-04-19,Manager-Led Briefing,False,True
U01599,Wealth Management,Associate,Canada - West,Individual Contributor,2017-09-11,2026-05-03,5,2026-04-30,2026-05-06,Live Virtual,False,True
U01600,Retail Banking,Associate,US - Midwest,Individual Contributor,2024-06-29,2026-05-10,5,2026-05-09,2026-05-30,Live Virtual,False,True
U01601,Risk and Compliance,Manager,Canada - East,People Manager,2020-07-09,2026-06-07,6,2026-06-03,,Live Virtual,False,True
U01602,Retail Banking,Director,Canada - East,Senior Leader,2021-11-26,2026-02-17,2,2026-02-10,2026-02-15,Self-Paced eLearning,False,True
U01603,Commercial Banking,Analyst,Canada - East,Individual Contributor,2025-07-25,2026-04-25,4,2026-04-19,,Self-Paced eLearning,False,True
U01604,Wealth Management,Director,US - Midwest,Senior Leader,2021-08-01,2026-06-06,6,2026-06-01,2026-06-16,Live Virtual,False,True
U01605,Retail Banking,Relationship Manager,Europe,Individual Contributor,2024-09-01,2026-05-12,5,2026-05-09,,Live Virtual,False,True
U01606,Retail Banking,Associate,APAC,Individual Contributor,2016-12-09,2026-06-12,6,2026-06-05,,In-Person Workshop,False,True
U01607,Corporate Functions,Analyst,Canada - West,Individual Contributor,2023-11-08,2026-05-18,5,2026-05-16,,Self-Paced eLearning,False,True
U01608,Retail Banking,Relationship Manager,US - Midwest,Individual Contributor,2020-10-29,2026-05-17,5,2026-05-17,2026-06-03,In-Person Workshop,False,True
U01609,Operations,Associate,Canada - West,Individual Contributor,2017-05-02,2026-01-29,1,2026-01-29,,Live Virtual,True,True
U01610,Operations,Analyst,APAC,Individual Contributor,2021-01-25,2026-05-20,5,2026-05-19,2026-05-29,Live Virtual,False,True
U01611,Retail Banking,Associate,US - Northeast,Individual Contributor,2021-05-13,2026-01-05,1,2025-12-31,2026-01-16,Self-Paced eLearning,False,True
U01612,Capital Markets,Associate,Canada - East,Individual Contributor,2025-06-04,2026-05-26,6,2026-05-24,2026-06-11,Self-Paced eLearning,False,True
U01613,Capital Markets,Analyst,US - Northeast,Individual Contributor,2025-09-29,2026-03-13,3,2026-03-09,2026-03-14,Live Virtual,False,True
U01614,Operations,Operations Specialist,Canada - East,Individual Contributor,2017-12-12,2026-04-12,4,2026-04-08,2026-04-24,Manager-Led Briefing,False,True
U01615,Wealth Management,Associate,Canada - West,Individual Contributor,2017-09-29,2026-05-19,5,2026-05-17,2026-06-04,Self-Paced eLearning,False,True
U01616,Retail Banking,Associate,Canada - East,Individual Contributor,2020-07-08,2026-05-12,5,2026-05-05,,Live Virtual,False,True
U01617,Retail Banking,Associate,Canada - East,Individual Contributor,2024-09-13,2026-02-13,2,2026-02-13,,Self-Paced eLearning,False,True
U01618,Technology,Developer,Canada - East,Individual Contributor,2024-07-30,2026-01-11,1,2026-01-08,2026-01-18,Live Virtual,False,True
U01619,Corporate Functions,Associate,Canada - East,Individual Contributor,2025-02-26,2026-04-20,4,2026-04-20,2026-05-05,Self-Paced eLearning,True,True
U01620,Retail Banking,Relationship Manager,Canada - West,Individual Contributor,2016-04-27,2026-04-07,4,2026-04-04,2026-04-12,Self-Paced eLearning,False,True
U01621,Retail Banking,Associate,APAC,Individual Contributor,2019-04-11,2026-03-16,3,2026-03-13,2026-04-03,Self-Paced eLearning,False,True
U01622,Technology,Developer,Canada - East,Individual Contributor,2023-10-12,2026-03-28,3,2026-03-28,,Self-Paced eLearning,True,True
U01623,Wealth Management,Relationship Manager,Canada - West,Individual Contributor,2018-05-10,2026-05-05,5,2026-05-02,2026-05-19,Self-Paced eLearning,False,True
U01624,Retail Banking,Associate,US - Northeast,Individual Contributor,2023-02-26,2026-03-27,3,2026-03-21,2026-03-31,In-Person Workshop,False,True
U01625,Operations,Operations Specialist,Canada - West,Individual Contributor,2020-01-16,2026-05-04,5,2026-05-02,2026-05-20,Manager-Led Briefing,False,True
U01626,Capital Markets,Analyst,APAC,Individual Contributor,2016-10-28,2026-03-24,3,2026-03-19,2026-03-28,Self-Paced eLearning,False,True
U01627,Operations,Operations Specialist,Europe,Individual Contributor,2018-06-13,2026-02-26,2,2026-02-21,,Self-Paced eLearning,True,True
U01628,Retail Banking,Associate,Europe,Individual Contributor,2021-11-11,2026-04-18,4,2026-04-12,,Live Virtual,False,True
U01629,Retail Banking,Associate,Canada - West,Individual Contributor,2018-02-28,2026-01-14,1,2026-01-13,,Self-Paced eLearning,False,True
U01630,Operations,Manager,US - Northeast,People Manager,2017-12-20,2026-02-04,2,2026-01-28,2026-02-02,Self-Paced eLearning,True,True
U01631,Technology,Developer,Europe,Individual Contributor,2016-09-22,2026-02-27,2,2026-02-21,2026-02-25,Live Virtual,False,True
U01632,Risk and Compliance,Analyst,Canada - East,Individual Contributor,2025-07-14,2026-05-21,5,2026-05-15,,In-Person Workshop,False,True
U01633,Commercial Banking,Relationship Manager,Canada - West,Individual Contributor,2021-11-08,2026-01-10,1,2026-01-07,2026-01-21,Self-Paced eLearning,False,True
U01634,Commercial Banking,Relationship Manager,Canada - East,Individual Contributor,2020-04-24,2026-05-27,6,2026-05-27,,Manager-Led Briefing,False,True
U01635,Corporate Functions,Associate,Europe,Individual Contributor,2018-06-07,2026-03-26,3,2026-03-26,,In-Person Workshop,False,True
U01636,Operations,Operations Specialist,Europe,Individual Contributor,2019-07-02,2026-02-11,2,2026-02-05,2026-02-10,Live Virtual,False,False
U01637,Operations,Associate,Canada - East,Individual Contributor,2024-01-08,2026-04-07,4,2026-04-06,,Manager-Led Briefing,False,True
U01638,Risk and Compliance,Risk Analyst,Canada - East,Individual Contributor,2016-02-08,2026-02-05,2,2026-02-04,,Self-Paced eLearning,True,True
U01639,Retail Banking,Analyst,Canada - East,Individual Contributor,2024-09-09,2026-01-30,1,2026-01-29,,Live Virtual,False,True
U01640,Capital Markets,Analyst,Canada - East,Individual Contributor,2021-06-08,2026-01-05,1,2026-01-01,,In-Person Workshop,True,True
U01641,Capital Markets,Developer,Canada - East,Individual Contributor,2021-11-08,2026-01-19,1,2026-01-15,2026-01-25,Live Virtual,False,True
U01642,Retail Banking,Analyst,Canada - East,Individual Contributor,2024-08-21,2026-01-27,1,2026-01-20,2026-02-06,Live Virtual,False,True
U01643,Technology,Analyst,Canada - East,Individual Contributor,2022-08-01,2026-01-06,1,2026-01-06,,In-Person Workshop,False,True
U01644,Retail Banking,Associate,Europe,Individual Contributor,2024-03-06,2026-04-22,4,2026-04-20,2026-05-04,Self-Paced eLearning,False,True
U01645,Retail Banking,Associate,Canada - East,Individual Contributor,2024-10-12,2026-02-28,2,2026-02-26,,Self-Paced eLearning,True,True
U01646,Technology,Analyst,Europe,Individual Contributor,2024-09-17,2026-03-20,3,2026-03-13,2026-04-01,Live Virtual,False,True
U01647,Operations,Operations Specialist,APAC,Individual Contributor,2017-01-04,2026-05-18,5,2026-05-18,2026-06-07,Self-Paced eLearning,False,True
U01648,Wealth Management,Relationship Manager,Canada - East,Individual Contributor,2019-01-28,2026-02-09,2,2026-02-03,2026-02-23,Manager-Led Briefing,False,True
U01649,Risk and Compliance,Manager,Europe,People Manager,2020-09-09,2026-05-11,5,2026-05-04,2026-05-15,In-Person Workshop,False,True
U01650,Wealth Management,Relationship Manager,US - Midwest,Individual Contributor,2020-07-12,2026-03-07,3,2026-03-07,2026-03-19,Live Virtual,False,True
U01651,Retail Banking,Analyst,Canada - East,Individual Contributor,2020-10-30,2026-03-05,3,2026-02-26,,Self-Paced eLearning,True,True
U01652,Retail Banking,Associate,APAC,Individual Contributor,2022-08-08,2026-03-31,4,2026-03-28,,Live Virtual,False,True
U01653,Retail Banking,Associate,Europe,Individual Contributor,2018-07-01,2026-05-04,5,2026-05-02,,Self-Paced eLearning,False,True
U01654,Retail Banking,Associate,US - Northeast,Individual Contributor,2019-09-27,2026-03-21,3,2026-03-17,2026-03-24,Live Virtual,False,True
U01655,Corporate Functions,Analyst,Canada - East,Individual Contributor,2022-08-29,2026-06-19,6,2026-06-13,,Manager-Led Briefing,False,True
U01656,Operations,Manager,US - Midwest,People Manager,2019-03-29,2026-04-03,4,2026-03-29,,Live Virtual,False,True
U01657,Retail Banking,Associate,US - Northeast,Individual Contributor,2017-02-25,2026-04-06,4,2026-04-05,2026-04-12,Live Virtual,False,True
U01658,Wealth Management,Associate,Europe,Individual Contributor,2021-10-02,2026-02-03,2,2026-01-31,2026-02-06,In-Person Workshop,False,True
U01659,Operations,Operations Specialist,US - Northeast,Individual Contributor,2021-11-12,2026-03-24,3,2026-03-21,2026-04-01,Self-Paced eLearning,False,True
U01660,Retail Banking,Relationship Manager,Europe,Individual Contributor,2020-08-29,2026-02-09,2,2026-02-05,2026-02-19,In-Person Workshop,False,True
U01661,Retail Banking,Associate,Canada - East,Individual Contributor,2018-10-17,2026-03-18,3,2026-03-13,,In-Person Workshop,False,True
U01662,Commercial Banking,Associate,Canada - East,Individual Contributor,2022-12-05,2026-03-15,3,2026-03-12,,In-Person Workshop,False,True
U01663,Wealth Management,Relationship Manager,Canada - East,Individual Contributor,2017-12-03,2026-02-02,2,2026-01-30,,In-Person Workshop,False,True
U01664,Retail Banking,Analyst,Europe,Individual Contributor,2023-10-16,2026-05-13,5,2026-05-10,2026-05-29,Live Virtual,False,True
U01665,Risk and Compliance,Risk Analyst,Canada - East,Individual Contributor,2023-10-19,,5,2026-04-26,2026-05-11,Live Virtual,False,False
U01666,Wealth Management,Manager,Canada - East,People Manager,2018-06-27,2026-02-21,2,2026-02-19,,Live Virtual,False,True
U01667,Wealth Management,Relationship Manager,Canada - East,Individual Contributor,2025-11-25,2026-06-12,6,2026-06-07,2026-06-11,In-Person Workshop,False,True
U01668,Retail Banking,Relationship Manager,Canada - East,Individual Contributor,2018-01-27,2026-04-02,4,2026-03-31,,Self-Paced eLearning,False,True
U01669,Retail Banking,Associate,Canada - West,Individual Contributor,2020-12-22,2026-03-13,3,2026-03-10,,Live Virtual,False,True
U01670,Risk and Compliance,Risk Analyst,US - Northeast,Individual Contributor,2022-01-03,2026-05-25,6,2026-05-20,2026-05-24,In-Person Workshop,True,True
U01671,Operations,Operations Specialist,US - Northeast,Individual Contributor,2016-02-20,2026-04-21,4,2026-04-17,,Self-Paced eLearning,False,True
U01672,Commercial Banking,Associate,Canada - West,Individual Contributor,2024-02-04,2026-04-21,4,2026-04-15,,Self-Paced eLearning,False,True
U01673,Capital Markets,Analyst,US - Northeast,Individual Contributor,2021-09-04,2026-03-01,2,2026-02-26,2026-03-12,In-Person Workshop,True,True
U01674,Retail Banking,Associate,US - Midwest,Individual Contributor,2024-03-18,2026-04-16,4,2026-04-15,,Live Virtual,False,True
U01675,Wealth Management,Analyst,Canada - West,Individual Contributor,2025-10-11,2026-03-21,3,2026-03-18,2026-04-08,Live Virtual,False,True
U01676,Risk and Compliance,Risk Analyst,US - Midwest,Individual Contributor,2017-10-23,2026-02-09,2,2026-02-04,2026-02-18,In-Person Workshop,False,True
U01677,Capital Markets,Analyst,Canada - West,Individual Contributor,2021-03-31,2026-05-14,5,2026-05-13,2026-06-03,Live Virtual,False,True
U01678,Operations,Associate,Canada - East,Individual Contributor,2023-09-12,2026-02-14,2,2026-02-14,2026-02-23,Self-Paced eLearning,False,True
U01679,Risk and Compliance,Manager,US - Northeast,People Manager,2022-07-17,,6,2026-06-04,,Live Virtual,False,False
U01680,Technology,Analyst,Europe,Individual Contributor,2025-05-05,2026-02-07,2,2026-02-04,2026-02-12,Self-Paced eLearning,True,True
U01681,Capital Markets,Analyst,Canada - East,Individual Contributor,2019-07-20,2026-05-08,5,2026-05-03,2026-05-13,Live Virtual,False,True
U01682,Wealth Management,Associate,Canada - East,Individual Contributor,2019-09-18,2026-06-11,6,2026-06-10,2026-06-29,In-Person Workshop,False,True
U01683,Capital Markets,Manager,Canada - West,People Manager,2017-05-08,,2,2026-01-29,2026-02-18,Live Virtual,True,False
U01684,Operations,Operations Specialist,Canada - West,Individual Contributor,2023-06-04,2026-03-24,3,2026-03-20,2026-03-24,Live Virtual,False,True
U01685,Retail Banking,Relationship Manager,Canada - West,Individual Contributor,2020-07-20,2026-03-08,3,2026-03-02,,Self-Paced eLearning,False,True
U01686,Retail Banking,Director,US - Midwest,Senior Leader,2024-04-21,2026-02-09,2,2026-02-03,2026-02-21,In-Person Workshop,False,True
U01687,Technology,Manager,Canada - East,People Manager,2021-05-21,2026-02-11,2,2026-02-06,2026-02-22,Live Virtual,False,True
U01688,Technology,Director,US - Northeast,Senior Leader,2023-10-25,2026-01-27,1,2026-01-24,2026-02-02,Live Virtual,False,True
U01689,Commercial Banking,Relationship Manager,Canada - West,Individual Contributor,2019-04-05,2026-04-11,4,2026-04-05,2026-04-20,Self-Paced eLearning,False,True
U01690,Operations,Manager,Canada - West,People Manager,2020-05-01,2026-02-28,2,2026-02-28,2026-03-16,Self-Paced eLearning,False,True
U01691,Wealth Management,Associate,US - Northeast,Individual Contributor,2016-05-02,2026-02-03,2,2026-01-31,2026-02-08,Self-Paced eLearning,False,True
U01692,Risk and Compliance,Associate,US - Northeast,Individual Contributor,2017-03-27,2026-02-09,2,2026-02-08,2026-02-22,Self-Paced eLearning,False,True
U01693,Retail Banking,Associate,US - Northeast,Individual Contributor,2024-07-20,2026-02-14,2,2026-02-12,2026-02-22,Manager-Led Briefing,False,True
U01694,Capital Markets,Associate,Canada - East,Individual Contributor,2021-10-23,2026-01-31,1,2026-01-24,2026-01-29,Manager-Led Briefing,False,True
U01695,Commercial Banking,Analyst,Canada - East,Individual Contributor,2024-02-21,2026-01-05,1,2025-12-31,,Manager-Led Briefing,False,True
U01696,Technology,Analyst,Canada - West,Individual Contributor,2020-09-16,2026-02-27,2,2026-02-26,2026-03-18,Live Virtual,False,True
U01697,Retail Banking,Associate,Canada - West,Individual Contributor,2021-07-05,2026-06-13,6,2026-06-10,,Self-Paced eLearning,False,True
U01698,Wealth Management,Relationship Manager,US - Northeast,Individual Contributor,2016-08-06,2026-06-16,6,2026-06-16,2026-07-01,Live Virtual,False,True
U01699,Corporate Functions,Analyst,Canada - West,Individual Contributor,2025-05-04,2026-04-17,4,2026-04-12,,Live Virtual,,True
U01700,Capital Markets,Analyst,US - Northeast,Individual Contributor,2019-04-03,2026-02-06,2,2026-02-01,,Live Virtual,False,True
U01701,Risk and Compliance,Risk Analyst,Canada - East,Individual Contributor,2024-10-16,2026-05-26,6,2026-05-26,2026-06-02,Self-Paced eLearning,False,True
U01702,Corporate Functions,Operations Specialist,Canada - East,Individual Contributor,2016-05-26,2026-06-03,6,2026-06-02,2026-06-10,Self-Paced eLearning,False,True
U01703,Operations,Associate,APAC,Individual Contributor,2023-12-26,2026-02-16,2,2026-02-11,,Self-Paced eLearning,False,True
U01704,Commercial Banking,Director,Canada - West,Senior Leader,2018-09-16,2026-04-01,4,2026-04-01,,Self-Paced eLearning,False,True
U01705,Technology,Developer,Canada - West,Individual Contributor,2021-01-03,2026-01-31,1,2026-01-29,2026-02-03,In-Person Workshop,True,True
U01706,Corporate Functions,Manager,US - Northeast,People Manager,2025-10-15,2026-04-17,4,2026-04-10,2026-04-25,Self-Paced eLearning,False,True
U01707,Retail Banking,Associate,Canada - West,Individual Contributor,2019-03-21,2026-03-13,3,2026-03-08,,Manager-Led Briefing,False,True
U01708,Operations,Manager,Canada - East,People Manager,2017-09-13,2026-03-11,3,2026-03-06,,Manager-Led Briefing,False,True
U01709,Risk and Compliance,Analyst,Europe,Individual Contributor,2020-06-08,2026-04-21,4,2026-04-18,2026-04-23,Self-Paced eLearning,True,True
U01710,Operations,Director,Canada - West,Senior Leader,2025-04-14,2026-01-11,1,2026-01-06,2026-01-12,Self-Paced eLearning,True,True
U01711,Wealth Management,Relationship Manager,US - Northeast,Individual Contributor,2019-11-07,2026-03-19,3,2026-03-17,2026-03-25,Live Virtual,True,True
U01712,Operations,Operations Specialist,Canada - East,Individual Contributor,2021-02-27,2026-03-24,3,2026-03-17,2026-03-31,Self-Paced eLearning,False,True
U01713,Corporate Functions,Analyst,Canada - East,Individual Contributor,2023-01-25,2026-05-22,5,2026-05-16,2026-06-05,Manager-Led Briefing,False,True
U01714,Risk and Compliance,Risk Analyst,US - Midwest,Individual Contributor,2022-06-21,2026-05-15,5,2026-05-11,2026-05-15,Live Virtual,False,True
U01715,Operations,Manager,US - Northeast,People Manager,2020-08-06,2026-04-13,4,2026-04-07,2026-04-16,Live Virtual,True,True
U01716,Capital Markets,Analyst,Canada - East,Individual Contributor,2021-09-12,2026-03-17,3,2026-03-15,,In-Person Workshop,False,True
U01717,Operations,Manager,Europe,People Manager,2021-11-18,2026-06-14,6,2026-06-10,2026-06-19,Self-Paced eLearning,False,True
U01718,Commercial Banking,Relationship Manager,Canada - West,Individual Contributor,2016-11-20,2026-02-18,2,2026-02-14,2026-03-02,Live Virtual,False,True
U01719,Commercial Banking,Analyst,US - Northeast,Individual Contributor,2021-07-09,2026-02-05,2,2026-01-31,2026-02-21,Manager-Led Briefing,False,True
U01720,Wealth Management,Associate,US - Midwest,Individual Contributor,2025-09-18,2026-03-30,4,2026-03-23,2026-03-27,Self-Paced eLearning,True,True
U01721,Retail Banking,Relationship Manager,US - Midwest,Individual Contributor,2022-07-21,2026-01-08,1,2026-01-05,2026-01-09,In-Person Workshop,True,True
U01722,Retail Banking,Relationship Manager,Canada - East,Individual Contributor,2018-10-01,2026-01-06,1,2025-12-30,,Manager-Led Briefing,False,True
U01723,Capital Markets,Analyst,Canada - East,Individual Contributor,2017-07-24,2026-03-25,3,2026-03-18,2026-03-30,Live Virtual,True,True
U01724,Technology,Manager,Canada - West,People Manager,2023-02-09,2026-02-21,2,2026-02-17,2026-02-25,Live Virtual,True,True
U01725,Technology,Associate,Europe,Individual Contributor,2019-01-04,2026-01-08,1,2026-01-08,2026-01-12,Self-Paced eLearning,False,True
U01726,Retail Banking,Relationship Manager,Canada - West,Individual Contributor,2018-11-17,2026-05-03,5,2026-05-02,,Self-Paced eLearning,False,True
U01727,Operations,Operations Specialist,APAC,Individual Contributor,2016-12-12,2026-05-09,5,2026-05-06,2026-05-18,In-Person Workshop,False,True
U01728,Risk and Compliance,Risk Analyst,US - Northeast,Individual Contributor,2024-08-31,2026-05-30,6,2026-05-29,2026-06-07,Self-Paced eLearning,False,True
U01729,Retail Banking,Analyst,APAC,Individual Contributor,2025-07-12,2026-03-22,3,2026-03-21,,Self-Paced eLearning,False,True
U01730,Operations,Operations Specialist,US - Northeast,Individual Contributor,2020-12-04,2026-03-12,3,2026-03-06,,In-Person Workshop,False,True
U01731,Corporate Functions,Associate,US - Midwest,Individual Contributor,2025-03-17,2026-03-16,3,2026-03-13,,Live Virtual,True,True
U01732,Retail Banking,Associate,Canada - West,Individual Contributor,2016-02-03,2026-04-03,4,2026-04-01,2026-04-18,Live Virtual,True,True
U01733,Capital Markets,Analyst,Canada - East,Individual Contributor,2019-11-18,2026-02-11,2,2026-02-05,,Live Virtual,True,True
U01734,Retail Banking,Relationship Manager,Canada - East,Individual Contributor,2022-08-30,2026-06-15,6,2026-06-15,2026-06-29,Self-Paced eLearning,False,True
U01735,Risk and Compliance,Risk Analyst,Canada - East,Individual Contributor,2022-09-30,2026-06-12,6,2026-06-07,2026-06-12,Live Virtual,False,True
U01736,Capital Markets,Analyst,Canada - East,Individual Contributor,2018-10-16,2026-03-11,3,2026-03-08,2026-03-19,In-Person Workshop,False,True
U01737,Risk and Compliance,Analyst,Canada - West,Individual Contributor,2022-02-18,2026-04-23,4,2026-04-20,,Live Virtual,False,True
U01738,Retail Banking,Associate,Canada - East,Individual Contributor,2024-12-17,2026-02-09,2,2026-02-04,2026-02-14,Self-Paced eLearning,False,True
U01739,Technology,Analyst,Canada - East,Individual Contributor,2018-06-07,2026-01-25,1,2026-01-23,,Live Virtual,False,True
U01740,Capital Markets,Analyst,APAC,Individual Contributor,2018-05-21,2026-04-02,4,2026-04-01,2026-04-13,Live Virtual,False,True
U01741,Retail Banking,Analyst,US - Northeast,Individual Contributor,2023-02-06,2026-06-15,6,2026-06-13,2026-06-24,Live Virtual,False,True
U01742,Retail Banking,Relationship Manager,Europe,Individual Contributor,2025-03-17,2026-02-22,2,2026-02-17,,Self-Paced eLearning,True,True
U01743,Retail Banking,Associate,Europe,Individual Contributor,2024-04-17,2026-05-23,5,2026-05-23,2026-06-06,In-Person Workshop,False,True
U01744,Corporate Functions,Analyst,Europe,Individual Contributor,2023-01-05,2026-03-29,3,2026-03-22,2026-04-12,Live Virtual,False,True
U01745,Capital Markets,Analyst,Canada - East,Individual Contributor,2017-01-31,2026-01-30,1,2026-01-25,2026-02-10,Live Virtual,False,True
U01746,Commercial Banking,Manager,US - Midwest,People Manager,2017-12-29,2026-04-24,4,2026-04-17,2026-04-27,Manager-Led Briefing,False,True
U01747,Capital Markets,Manager,Europe,People Manager,2023-06-03,2026-04-09,4,2026-04-02,2026-04-23,Self-Paced eLearning,True,True
U01748,Technology,Developer,Europe,Individual Contributor,2021-03-21,2026-01-29,1,2026-01-26,2026-02-10,Live Virtual,False,True
U01749,Technology,Analyst,US - Northeast,Individual Contributor,2017-01-01,,5,2026-05-02,2026-05-20,In-Person Workshop,False,False
U01750,Operations,Associate,Europe,Individual Contributor,2025-10-27,2026-04-05,4,2026-04-01,2026-04-16,Live Virtual,False,True
U01751,Commercial Banking,Relationship Manager,Canada - East,Individual Contributor,2020-02-20,2026-03-04,3,2026-02-25,,Self-Paced eLearning,False,True
U01752,Retail Banking,Relationship Manager,Canada - West,Individual Contributor,2018-01-27,2026-06-09,6,2026-06-02,2026-06-21,Self-Paced eLearning,False,True
U01753,Risk and Compliance,Analyst,APAC,Individual Contributor,2018-04-06,2026-05-04,5,2026-04-29,,Self-Paced eLearning,False,True
U01754,Wealth Management,Relationship Manager,US - Northeast,Individual Contributor,2023-07-16,2026-03-05,3,2026-02-26,2026-03-05,Self-Paced eLearning,True,True
U01755,Operations,Director,Canada - East,Senior Leader,2023-10-11,2026-05-29,6,2026-05-23,2026-06-12,Self-Paced eLearning,False,True
U01756,Technology,Manager,Canada - East,People Manager,2021-03-11,2026-03-23,3,2026-03-19,2026-03-23,In-Person Workshop,False,True
U01757,Retail Banking,Relationship Manager,APAC,Individual Contributor,2022-10-11,2026-02-03,2,2026-02-01,,Live Virtual,False,True
U01758,Corporate Functions,Manager,US - Northeast,People Manager,2024-07-28,2026-04-11,4,2026-04-09,,Self-Paced eLearning,False,True
U01759,Risk and Compliance,Manager,APAC,People Manager,2019-05-15,2026-06-06,6,2026-06-05,2026-06-17,Self-Paced eLearning,False,False
U01760,Risk and Compliance,Associate,Canada - West,Individual Contributor,2022-05-15,2026-06-02,6,2026-06-02,,Live Virtual,,True
U01761,Operations,Associate,Canada - West,Individual Contributor,2017-09-15,2026-03-27,3,2026-03-24,2026-04-04,Self-Paced eLearning,True,True
U01762,Retail Banking,Associate,US - Northeast,Individual Contributor,2023-03-18,2026-03-20,3,2026-03-18,,Self-Paced eLearning,False,True
U01763,Retail Banking,Relationship Manager,US - Midwest,Individual Contributor,2019-09-27,2026-04-09,4,2026-04-09,2026-04-28,In-Person Workshop,False,True
U01764,Retail Banking,Relationship Manager,Canada - East,Individual Contributor,2016-07-09,2026-02-17,2,2026-02-16,2026-02-20,Manager-Led Briefing,True,True
U01765,Retail Banking,Relationship Manager,Canada - East,Individual Contributor,2023-07-03,2026-03-02,3,2026-02-23,2026-03-12,Self-Paced eLearning,True,True
U01766,Retail Banking,Relationship Manager,Canada - East,Individual Contributor,2023-04-14,2026-04-08,4,2026-04-01,2026-04-10,Live Virtual,False,True
U01767,Corporate Functions,Analyst,Canada - West,Individual Contributor,2017-02-03,2026-04-10,4,2026-04-03,,Live Virtual,False,True
U01768,Retail Banking,Relationship Manager,Canada - West,Individual Contributor,2019-01-05,2026-05-23,5,2026-05-16,2026-06-05,Self-Paced eLearning,False,True
U01769,Retail Banking,Analyst,Canada - West,Individual Contributor,2018-09-28,2026-06-08,6,2026-06-04,,Manager-Led Briefing,False,True
U01770,Wealth Management,Relationship Manager,Canada - East,Individual Contributor,2019-07-07,2026-02-04,2,2026-02-03,,Live Virtual,True,True
U01771,Commercial Banking,Analyst,US - Northeast,Individual Contributor,2017-08-18,2026-02-28,2,2026-02-24,2026-03-10,Manager-Led Briefing,True,True
U01772,Capital Markets,Analyst,Canada - East,Individual Contributor,2024-05-20,2026-01-05,1,2026-01-02,2026-01-05,Self-Paced eLearning,False,True
U01773,Commercial Banking,Manager,US - Midwest,People Manager,2025-11-15,2026-05-10,5,2026-05-07,,Self-Paced eLearning,False,True
U01774,Risk and Compliance,Risk Analyst,Canada - East,Individual Contributor,2019-05-30,2026-03-30,4,2026-03-25,2026-04-08,Self-Paced eLearning,False,False
U01775,Commercial Banking,Director,Canada - West,Senior Leader,2021-03-20,2026-03-26,3,2026-03-21,2026-04-02,In-Person Workshop,False,True
U01776,Technology,Director,US - Midwest,Senior Leader,2025-01-07,2026-01-05,1,2026-01-01,2026-01-17,In-Person Workshop,False,True
U01777,Capital Markets,Director,US - Northeast,Senior Leader,2023-11-16,2026-03-05,3,2026-02-26,2026-03-07,Self-Paced eLearning,True,True
U01778,Operations,Associate,APAC,Individual Contributor,2016-01-26,2026-03-20,3,2026-03-17,2026-03-26,Live Virtual,False,True
U01779,Operations,Manager,Canada - East,People Manager,2022-03-20,2026-03-02,3,2026-02-27,,Self-Paced eLearning,False,True
U01780,Technology,Developer,Europe,Individual Contributor,2024-03-05,2026-02-05,2,2026-02-03,2026-02-13,Self-Paced eLearning,False,True
U01781,Retail Banking,Relationship Manager,US - Northeast,Individual Contributor,2022-08-08,2026-02-27,2,2026-02-26,,Live Virtual,False,True
U01782,Wealth Management,Associate,Europe,Individual Contributor,2018-01-12,2026-04-04,4,2026-04-03,2026-04-22,Self-Paced eLearning,False,True
U01783,Retail Banking,Relationship Manager,US - Northeast,Individual Contributor,2023-10-12,2026-03-05,3,2026-02-28,2026-03-15,In-Person Workshop,False,True
U01784,Retail Banking,Analyst,Europe,Individual Contributor,2018-04-24,2026-02-22,2,2026-02-15,2026-03-01,Live Virtual,False,True
U01785,Retail Banking,Associate,Canada - West,Individual Contributor,2021-06-11,2026-01-29,1,2026-01-23,,Manager-Led Briefing,False,True
U01786,Wealth Management,Relationship Manager,Canada - East,Individual Contributor,2022-09-16,2026-05-10,5,2026-05-05,2026-05-15,Manager-Led Briefing,False,True
U01787,Operations,Operations Specialist,Canada - West,Individual Contributor,2016-03-22,2026-03-18,3,2026-03-11,2026-03-27,In-Person Workshop,False,True
U01788,Commercial Banking,Associate,US - Northeast,Individual Contributor,2020-03-07,2026-01-22,1,2026-01-19,,Self-Paced eLearning,False,True
U01789,Wealth Management,Associate,Canada - West,Individual Contributor,2017-10-15,2026-03-30,4,2026-03-30,2026-04-15,Live Virtual,False,True
U01790,Retail Banking,Analyst,APAC,Individual Contributor,2025-08-17,2026-04-13,4,2026-04-08,,Live Virtual,False,True
U01791,Capital Markets,Associate,Canada - West,Individual Contributor,2024-05-01,2026-03-18,3,2026-03-11,2026-03-24,Self-Paced eLearning,False,True
U01792,Operations,Associate,Canada - East,Individual Contributor,2021-10-28,2026-05-13,5,2026-05-09,2026-05-27,Live Virtual,False,True
U01793,Retail Banking,Associate,Canada - East,Individual Contributor,2022-10-11,2026-01-24,1,2026-01-23,,In-Person Workshop,False,True
U01794,Commercial Banking,Analyst,US - Northeast,Individual Contributor,2023-11-10,2026-03-28,3,2026-03-25,2026-03-31,Self-Paced eLearning,False,True
U01795,Risk and Compliance,Director,Canada - West,Senior Leader,2023-09-27,2026-06-08,6,2026-06-08,2026-06-22,Live Virtual,True,True
U01796,Operations,Operations Specialist,US - Midwest,Individual Contributor,2025-03-30,2026-03-14,3,2026-03-08,2026-03-28,In-Person Workshop,False,True
U01797,Technology,Manager,Canada - West,People Manager,2017-03-05,2026-02-06,2,2026-02-01,2026-02-10,Manager-Led Briefing,True,True
U01798,Operations,Operations Specialist,Europe,Individual Contributor,2020-03-28,2026-05-09,5,2026-05-02,,Self-Paced eLearning,True,True
U01799,Technology,Developer,US - Northeast,Individual Contributor,2020-05-28,2026-01-22,1,2026-01-16,2026-01-28,Live Virtual,False,True
U01800,Commercial Banking,Relationship Manager,Canada - West,Individual Contributor,2016-10-22,2026-01-20,1,2026-01-20,2026-01-28,Self-Paced eLearning,True,True
U01801,Commercial Banking,Relationship Manager,Canada - East,Individual Contributor,2022-03-10,2026-06-07,6,2026-06-02,2026-06-06,In-Person Workshop,False,True
U01802,Commercial Banking,Relationship Manager,US - Northeast,Individual Contributor,2025-04-07,2026-01-25,1,2026-01-20,2026-02-02,Self-Paced eLearning,False,True
U01803,Retail Banking,Relationship Manager,US - Northeast,Individual Contributor,2023-01-05,2026-04-09,4,2026-04-07,2026-04-25,Live Virtual,False,True
U01804,Commercial Banking,Associate,Canada - East,Individual Contributor,2016-05-25,2026-03-08,3,2026-03-08,2026-03-26,Self-Paced eLearning,False,True
U01805,Commercial Banking,Analyst,Canada - West,Individual Contributor,2018-01-29,2026-01-11,1,2026-01-07,2026-01-27,Live Virtual,False,True
U01806,Commercial Banking,Analyst,Canada - East,Individual Contributor,2025-06-21,2026-01-06,1,2026-01-03,2026-01-21,In-Person Workshop,False,True
U01807,Retail Banking,Associate,US - Northeast,Individual Contributor,2025-12-01,2026-06-06,6,2026-06-02,2026-06-18,Live Virtual,False,True
U01808,Operations,Operations Specialist,Canada - West,Individual Contributor,2023-02-14,2026-03-13,3,2026-03-10,,Live Virtual,False,False
U01809,Operations,Operations Specialist,Europe,Individual Contributor,2019-08-29,2026-06-11,6,2026-06-05,2026-06-21,Self-Paced eLearning,True,True
U01810,Retail Banking,Analyst,APAC,Individual Contributor,2018-05-19,2026-03-07,3,2026-03-05,,Self-Paced eLearning,False,True
U01811,Retail Banking,Relationship Manager,Canada - East,Individual Contributor,2017-08-16,2026-03-28,3,2026-03-25,,Live Virtual,False,True
U01812,Operations,Operations Specialist,Canada - East,Individual Contributor,2022-11-14,2026-03-15,3,2026-03-12,2026-03-24,Live Virtual,False,True
U01813,Capital Markets,Analyst,Canada - East,Individual Contributor,2024-08-28,2026-04-05,4,2026-03-31,2026-04-07,In-Person Workshop,False,True
U01814,Retail Banking,Director,APAC,Senior Leader,2023-08-13,2026-03-22,3,2026-03-17,2026-04-07,Self-Paced eLearning,False,True
U01815,Wealth Management,Relationship Manager,Europe,Individual Contributor,2022-05-08,2026-03-16,3,2026-03-15,,Self-Paced eLearning,False,True
U01816,Technology,Manager,US - Northeast,People Manager,2020-03-09,2026-02-03,2,2026-01-31,2026-02-19,Self-Paced eLearning,False,True
U01817,Capital Markets,Associate,Europe,Individual Contributor,2018-07-13,2026-01-05,1,2026-01-01,2026-01-16,Self-Paced eLearning,True,True
U01818,Technology,Developer,Canada - East,Individual Contributor,2025-09-04,2026-01-26,1,2026-01-22,2026-02-04,Live Virtual,True,True
U01819,Technology,Developer,Canada - West,Individual Contributor,2019-10-17,2026-02-17,2,2026-02-13,2026-02-19,Live Virtual,False,True
U01820,Commercial Banking,Manager,Canada - West,People Manager,2019-08-20,2026-03-30,4,2026-03-24,2026-04-01,In-Person Workshop,True,True
U01821,Risk and Compliance,Risk Analyst,US - Northeast,Individual Contributor,2024-07-01,2026-05-11,5,2026-05-05,2026-05-11,In-Person Workshop,False,True
U01822,Technology,Manager,US - Northeast,People Manager,2019-10-31,2026-03-19,3,2026-03-12,2026-03-24,Self-Paced eLearning,True,True
U01823,Technology,Manager,US - Northeast,People Manager,2022-11-17,2026-01-17,1,2026-01-15,2026-01-30,In-Person Workshop,True,True
U01824,Commercial Banking,Director,Canada - West,Senior Leader,2023-02-17,2026-05-31,6,2026-05-26,2026-06-14,Live Virtual,False,True
U01825,Capital Markets,Developer,Canada - East,Individual Contributor,2023-05-20,2026-02-05,2,2026-02-03,2026-02-18,Self-Paced eLearning,False,True
U01826,Retail Banking,Associate,Canada - West,Individual Contributor,2021-09-18,2026-05-11,5,2026-05-07,,In-Person Workshop,False,True
U01827,Technology,Developer,Canada - West,Individual Contributor,2022-01-11,2026-02-12,2,2026-02-09,2026-03-02,Live Virtual,True,True
U01828,Technology,Developer,Canada - East,Individual Contributor,2022-01-19,2026-03-01,2,2026-03-01,2026-03-22,Self-Paced eLearning,True,True
U01829,Risk and Compliance,Associate,Canada - East,Individual Contributor,2024-12-11,2026-04-19,4,2026-04-16,2026-05-02,Live Virtual,False,True
U01830,Technology,Manager,US - Northeast,People Manager,2019-04-17,2026-01-16,1,2026-01-10,2026-01-14,Self-Paced eLearning,False,True
U01831,Technology,Analyst,US - Northeast,Individual Contributor,2017-04-19,2026-02-27,2,2026-02-22,2026-03-03,Live Virtual,False,True
U01832,Corporate Functions,Associate,Canada - East,Individual Contributor,2023-04-03,2026-05-21,5,2026-05-20,2026-05-28,In-Person Workshop,False,True
U01833,Operations,Analyst,Canada - West,Individual Contributor,2021-03-26,2026-04-08,4,2026-04-07,2026-04-24,Self-Paced eLearning,False,True
U01834,Retail Banking,Relationship Manager,Canada - West,Individual Contributor,2017-02-18,2026-04-27,5,2026-04-26,,Self-Paced eLearning,False,True
U01835,Retail Banking,Analyst,Canada - East,Individual Contributor,2025-03-02,2026-02-01,1,2026-01-25,2026-01-29,Live Virtual,False,True
U01836,Retail Banking,Relationship Manager,Europe,Individual Contributor,2024-05-18,2026-01-20,1,2026-01-20,2026-01-27,Live Virtual,False,True
U01837,Retail Banking,Manager,US - Midwest,People Manager,2018-01-05,2026-06-05,6,2026-06-04,2026-06-11,Live Virtual,False,True
U01838,Operations,Associate,Canada - West,Individual Contributor,2020-07-07,2026-01-14,1,2026-01-08,,Live Virtual,False,True
U01839,Capital Markets,Associate,US - Midwest,Individual Contributor,2017-03-14,2026-01-12,1,2026-01-10,,Self-Paced eLearning,False,True
U01840,Capital Markets,Analyst,US - Northeast,Individual Contributor,2022-10-06,2026-02-24,2,2026-02-20,2026-03-13,Self-Paced eLearning,True,True
U01841,Retail Banking,Director,US - Northeast,Senior Leader,2024-03-17,2026-06-16,6,2026-06-14,2026-06-17,Self-Paced eLearning,False,True
U01842,Technology,Director,Canada - East,Senior Leader,2016-07-16,2026-03-16,3,2026-03-14,2026-03-26,In-Person Workshop,False,True
U01843,Retail Banking,Relationship Manager,Canada - East,Individual Contributor,2017-02-20,2026-06-15,6,2026-06-12,,Self-Paced eLearning,True,True
U01844,Corporate Functions,Director,Canada - East,Senior Leader,2018-06-21,2026-04-05,4,2026-03-31,2026-04-08,Self-Paced eLearning,False,True
U01845,Retail Banking,Associate,Canada - East,Individual Contributor,2016-05-29,2026-01-22,1,2026-01-18,,Live Virtual,False,True
U01846,Commercial Banking,Analyst,Canada - East,Individual Contributor,2017-12-26,,4,2026-03-28,2026-04-14,Manager-Led Briefing,False,False
U01847,Operations,Associate,Canada - East,Individual Contributor,2020-02-10,2026-06-20,6,2026-06-18,,Self-Paced eLearning,True,True
U01848,Commercial Banking,Manager,US - Northeast,People Manager,2025-08-05,2026-04-05,4,2026-03-29,2026-04-10,Live Virtual,False,True
U01849,Operations,Manager,Canada - East,People Manager,2016-01-25,2026-04-27,5,2026-04-25,2026-05-10,Self-Paced eLearning,False,True
U01850,Capital Markets,Associate,Canada - West,Individual Contributor,2021-12-25,2026-06-09,6,2026-06-04,2026-06-09,Manager-Led Briefing,False,True
U01851,Retail Banking,Associate,APAC,Individual Contributor,2019-06-28,2026-02-08,2,2026-02-05,2026-02-22,Live Virtual,False,True
U01852,Risk and Compliance,Analyst,Europe,Individual Contributor,2022-11-26,2026-04-30,5,2026-04-27,2026-05-04,Self-Paced eLearning,False,True
U01853,Technology,Manager,Canada - East,People Manager,2024-10-21,2026-02-22,2,2026-02-17,2026-02-26,Live Virtual,True,True
U01854,Capital Markets,Developer,Europe,Individual Contributor,2021-11-04,2026-03-18,3,2026-03-18,,In-Person Workshop,False,True
U01855,Wealth Management,Relationship Manager,US - Midwest,Individual Contributor,2021-11-13,2026-02-19,2,2026-02-15,2026-02-22,Live Virtual,False,True
U01856,Corporate Functions,Director,Canada - West,Senior Leader,2018-11-01,2026-04-06,4,2026-03-30,2026-04-08,Live Virtual,False,True
U01857,Retail Banking,Associate,Europe,Individual Contributor,2018-01-26,2026-04-25,4,2026-04-25,2026-05-10,Self-Paced eLearning,False,True
U01858,Operations,Manager,Canada - East,People Manager,2021-08-29,2026-03-03,3,2026-02-28,,Live Virtual,False,True
U01859,Retail Banking,Manager,US - Northeast,People Manager,2016-06-30,2026-01-30,1,2026-01-29,2026-02-16,Live Virtual,,True
U01860,Retail Banking,Relationship Manager,US - Midwest,Individual Contributor,2022-05-13,2026-04-25,4,2026-04-23,,Live Virtual,False,True
U01861,Commercial Banking,Relationship Manager,US - Midwest,Individual Contributor,2023-07-07,2026-02-22,2,2026-02-18,2026-02-25,Live Virtual,True,True
U01862,Corporate Functions,Analyst,US - Northeast,Individual Contributor,2019-04-23,2026-01-11,1,2026-01-09,,Self-Paced eLearning,True,True
U01863,Corporate Functions,Analyst,Canada - East,Individual Contributor,2019-07-17,2026-04-27,5,2026-04-22,,Live Virtual,True,True
U01864,Technology,Developer,Canada - West,Individual Contributor,2016-04-17,2026-01-11,1,2026-01-04,2026-01-16,In-Person Workshop,False,True
U01865,Commercial Banking,Analyst,APAC,Individual Contributor,2019-09-03,2026-03-23,3,2026-03-17,2026-03-29,Live Virtual,False,True
U01866,Wealth Management,Associate,Canada - East,Individual Contributor,2019-01-01,2026-03-09,3,2026-03-03,2026-03-18,Live Virtual,False,True
U01867,Risk and Compliance,Associate,Canada - West,Individual Contributor,2024-07-22,2026-03-09,3,2026-03-09,2026-03-15,Self-Paced eLearning,False,True
U01868,Retail Banking,Associate,Europe,Individual Contributor,2020-08-23,2026-06-14,6,2026-06-07,2026-06-22,Self-Paced eLearning,False,True
U01869,Technology,Manager,Europe,People Manager,2024-03-15,2026-02-25,2,2026-02-20,2026-03-13,Live Virtual,False,True
U01870,Wealth Management,Associate,Canada - East,Individual Contributor,2025-08-06,2026-06-16,6,2026-06-11,2026-06-24,Self-Paced eLearning,True,True
U01871,Operations,Operations Specialist,US - Northeast,Individual Contributor,2020-05-24,2026-05-11,5,2026-05-09,2026-05-12,Self-Paced eLearning,False,True
U01872,Operations,Operations Specialist,Europe,Individual Contributor,2022-11-05,2026-04-14,4,2026-04-14,2026-05-02,Self-Paced eLearning,False,True
U01873,Corporate Functions,Manager,Canada - East,People Manager,2022-02-20,2026-02-21,2,2026-02-20,,Manager-Led Briefing,False,True
U01874,Corporate Functions,Analyst,Europe,Individual Contributor,2016-08-23,2026-02-23,2,2026-02-22,,In-Person Workshop,False,True
U01875,Risk and Compliance,Manager,Canada - West,People Manager,2021-02-27,2026-05-31,6,2026-05-25,2026-05-29,Manager-Led Briefing,False,True
U01876,Wealth Management,Analyst,Canada - West,Individual Contributor,2017-08-24,2026-02-02,2,2026-01-30,2026-02-07,Manager-Led Briefing,False,True
U01877,Retail Banking,Associate,Canada - East,Individual Contributor,2020-12-28,2026-04-02,4,2026-03-31,2026-04-05,Self-Paced eLearning,False,True
U01878,Operations,Associate,US - Northeast,Individual Contributor,2021-07-24,2026-02-13,2,2026-02-07,2026-02-16,Live Virtual,False,True
U01879,Technology,Associate,Europe,Individual Contributor,2016-09-04,2026-01-12,1,2026-01-05,2026-01-16,In-Person Workshop,True,True
U01880,Technology,Analyst,Canada - East,Individual Contributor,2019-12-24,2026-02-11,2,2026-02-10,2026-02-25,Self-Paced eLearning,False,True
U01881,Technology,Developer,Canada - East,Individual Contributor,2016-07-05,2026-01-17,1,2026-01-15,2026-01-27,Self-Paced eLearning,False,True
U01882,Commercial Banking,Analyst,APAC,Individual Contributor,2018-11-30,2026-03-16,3,2026-03-16,2026-03-29,Manager-Led Briefing,False,True
U01883,Operations,Manager,US - Northeast,People Manager,2020-04-28,2026-05-24,5,2026-05-21,2026-06-09,Self-Paced eLearning,False,True
U01884,Capital Markets,Analyst,Canada - East,Individual Contributor,2020-05-11,2026-03-20,3,2026-03-17,2026-03-27,Live Virtual,True,True
U01885,Operations,Director,Canada - West,Senior Leader,2025-04-09,2026-04-01,4,2026-03-31,2026-04-04,Self-Paced eLearning,False,True
U01886,Operations,Operations Specialist,Canada - East,Individual Contributor,2023-08-12,2026-03-31,4,2026-03-27,,Self-Paced eLearning,True,True
U01887,Retail Banking,Analyst,Canada - West,Individual Contributor,2021-03-19,2026-03-04,3,2026-02-28,,Live Virtual,False,True
U01888,Retail Banking,Associate,Canada - West,Individual Contributor,2017-05-09,2026-06-09,6,2026-06-04,,In-Person Workshop,False,True
U01889,Wealth Management,Relationship Manager,Canada - West,Individual Contributor,2020-12-22,2026-04-22,4,2026-04-19,2026-05-07,Self-Paced eLearning,False,True
U01890,Operations,Operations Specialist,Canada - East,Individual Contributor,2023-08-13,2026-01-25,1,2026-01-23,,In-Person Workshop,False,True
U01891,Retail Banking,Associate,APAC,Individual Contributor,2021-05-08,2026-02-16,2,2026-02-16,,Self-Paced eLearning,False,True
U01892,Capital Markets,Director,Canada - West,Senior Leader,2016-09-15,2026-02-22,2,2026-02-22,2026-03-11,Self-Paced eLearning,True,True
U01893,Technology,Developer,Canada - East,Individual Contributor,2021-07-06,2026-02-04,2,2026-01-28,2026-02-18,Live Virtual,False,True
U01894,Retail Banking,Relationship Manager,Canada - East,Individual Contributor,2025-01-20,2026-06-17,6,2026-06-14,,Manager-Led Briefing,False,False
U01895,Operations,Operations Specialist,Europe,Individual Contributor,2021-06-26,2026-05-18,5,2026-05-12,2026-05-28,Live Virtual,False,True
U01896,Retail Banking,Relationship Manager,Canada - West,Individual Contributor,2018-11-15,2026-03-24,3,2026-03-23,2026-04-03,In-Person Workshop,False,True
U01897,Commercial Banking,Relationship Manager,US - Northeast,Individual Contributor,2017-07-20,2026-03-07,3,2026-03-02,2026-03-21,Live Virtual,True,True
U01898,Retail Banking,Analyst,US - Northeast,Individual Contributor,2020-08-21,2026-03-01,2,2026-03-01,2026-03-06,Live Virtual,False,True
U01899,Retail Banking,Analyst,US - Midwest,Individual Contributor,2023-06-17,2026-01-18,1,2026-01-11,,Live Virtual,False,True
U01900,Retail Banking,Manager,Canada - East,People Manager,2020-09-06,2026-03-25,3,2026-03-24,2026-04-03,Manager-Led Briefing,False,True
U01901,Commercial Banking,Relationship Manager,Canada - East,Individual Contributor,2017-02-28,2026-04-28,5,2026-04-26,2026-05-02,Self-Paced eLearning,False,True
U01902,Retail Banking,Relationship Manager,Canada - West,Individual Contributor,2018-01-19,2026-04-08,4,2026-04-08,,In-Person Workshop,True,True
U01903,Wealth Management,Analyst,APAC,Individual Contributor,2022-06-24,2026-05-05,5,2026-04-30,2026-05-20,Live Virtual,False,True
U01904,Retail Banking,Relationship Manager,US - Midwest,Individual Contributor,2025-02-01,,3,2026-03-15,2026-04-04,Live Virtual,False,False
U01905,Commercial Banking,Manager,Canada - East,People Manager,2016-12-12,2026-05-10,5,2026-05-07,,Live Virtual,False,False
U01906,Operations,Manager,Canada - East,People Manager,2016-04-29,2026-03-27,3,2026-03-27,2026-04-04,Live Virtual,False,True
U01907,Operations,Manager,Canada - East,People Manager,2022-08-20,,5,2026-04-23,2026-05-06,Self-Paced eLearning,False,False
U01908,Retail Banking,Associate,US - Midwest,Individual Contributor,2022-12-10,2026-05-10,5,2026-05-06,2026-05-26,Live Virtual,False,True
U01909,Wealth Management,Relationship Manager,Europe,Individual Contributor,2016-06-13,2026-05-20,5,2026-05-19,2026-06-02,In-Person Workshop,False,True
U01910,Risk and Compliance,Manager,Canada - West,People Manager,2023-06-09,2026-04-17,4,2026-04-13,2026-04-20,Self-Paced eLearning,False,True
U01911,Retail Banking,Associate,APAC,Individual Contributor,2018-08-30,2026-01-29,1,2026-01-27,,In-Person Workshop,False,True
U01912,Retail Banking,Analyst,Europe,Individual Contributor,2016-12-05,2026-02-08,2,2026-02-02,2026-02-05,Self-Paced eLearning,False,True
U01913,Risk and Compliance,Associate,Canada - West,Individual Contributor,2018-08-02,,5,2026-05-17,2026-06-03,In-Person Workshop,False,False
U01914,Technology,Developer,Europe,Individual Contributor,2025-04-23,2026-01-19,1,2026-01-17,2026-01-27,Self-Paced eLearning,True,True
U01915,Retail Banking,Relationship Manager,US - Northeast,Individual Contributor,2021-08-14,2026-04-13,4,2026-04-11,2026-04-29,Live Virtual,,True
U01916,Retail Banking,Manager,US - Midwest,People Manager,2020-01-24,2026-01-08,1,2026-01-08,2026-01-18,In-Person Workshop,True,True
U01917,Commercial Banking,Manager,US - Northeast,People Manager,2025-08-30,2026-03-30,4,2026-03-25,2026-04-11,Live Virtual,False,True
U01918,Capital Markets,Analyst,Canada - East,Individual Contributor,2023-05-12,2026-01-16,1,2026-01-09,,Self-Paced eLearning,True,True
U01919,Commercial Banking,Associate,US - Northeast,Individual Contributor,2018-11-21,2026-02-18,2,2026-02-11,2026-02-25,Self-Paced eLearning,True,True
U01920,Corporate Functions,Analyst,US - Midwest,Individual Contributor,2020-04-01,2026-01-25,1,2026-01-23,2026-02-10,Manager-Led Briefing,False,True
U01921,Technology,Developer,Canada - West,Individual Contributor,2017-12-08,2026-02-27,2,2026-02-26,2026-03-12,Self-Paced eLearning,False,True
U01922,Operations,Operations Specialist,APAC,Individual Contributor,2025-09-09,2026-04-13,4,2026-04-10,,Self-Paced eLearning,True,True
U01923,Technology,Developer,Canada - East,Individual Contributor,2024-07-30,2026-01-11,1,2026-01-07,,Manager-Led Briefing,True,True
U01924,Operations,Manager,Canada - West,People Manager,2022-06-30,2026-04-14,4,2026-04-08,2026-04-27,Live Virtual,False,True
U01925,Retail Banking,Manager,Canada - East,People Manager,2020-05-26,2026-04-01,4,2026-03-31,,Self-Paced eLearning,False,True
U01926,Retail Banking,Analyst,Canada - West,Individual Contributor,2024-09-29,2026-05-09,5,2026-05-03,2026-05-17,Live Virtual,False,True
U01927,Operations,Associate,Canada - West,Individual Contributor,2017-12-05,2026-01-29,1,2026-01-26,2026-02-03,Live Virtual,False,True
U01928,Capital Markets,Manager,Canada - West,People Manager,2024-08-21,2026-01-24,1,2026-01-24,2026-02-09,Manager-Led Briefing,False,True
U01929,Retail Banking,Associate,Canada - East,Individual Contributor,2022-10-06,2026-01-09,1,2026-01-07,2026-01-22,Manager-Led Briefing,False,True
U01930,Operations,Operations Specialist,Canada - East,Individual Contributor,2017-06-10,2026-05-06,5,2026-05-03,2026-05-13,Live Virtual,False,True
U01931,Commercial Banking,Relationship Manager,US - Northeast,Individual Contributor,2023-04-21,2026-03-06,3,2026-03-04,2026-03-19,Live Virtual,True,True
U01932,Commercial Banking,Analyst,US - Midwest,Individual Contributor,2022-09-28,2026-04-04,4,2026-04-03,2026-04-20,Live Virtual,False,True
U01933,Capital Markets,Associate,Canada - East,Individual Contributor,2020-11-08,2026-03-22,3,2026-03-18,,Self-Paced eLearning,False,True
U01934,Wealth Management,Associate,Canada - East,Individual Contributor,2020-07-24,2026-03-08,3,2026-03-05,2026-03-24,In-Person Workshop,False,True
U01935,Capital Markets,Analyst,US - Northeast,Individual Contributor,2019-01-17,2026-01-23,1,2026-01-17,2026-01-26,Live Virtual,False,True
U01936,Retail Banking,Analyst,Europe,Individual Contributor,2017-03-04,2026-05-22,5,2026-05-22,,Live Virtual,False,True
U01937,Technology,Director,Canada - West,Senior Leader,2024-12-18,2026-02-04,2,2026-01-31,2026-02-19,Self-Paced eLearning,False,True
U01938,Commercial Banking,Analyst,Europe,Individual Contributor,2017-11-23,2026-04-21,4,2026-04-18,,Live Virtual,False,True
U01939,Retail Banking,Relationship Manager,Canada - East,Individual Contributor,2019-11-13,2026-02-15,2,2026-02-14,2026-02-19,In-Person Workshop,False,True
U01940,Retail Banking,Manager,US - Midwest,People Manager,2022-10-28,2026-01-29,1,2026-01-27,2026-02-07,Live Virtual,False,True
U01941,Retail Banking,Relationship Manager,Canada - West,Individual Contributor,2019-07-30,,6,2026-06-01,2026-06-13,Self-Paced eLearning,True,False
U01942,Operations,Operations Specialist,Canada - East,Individual Contributor,2017-02-18,2026-06-02,6,2026-06-01,2026-06-07,Live Virtual,False,True
U01943,Operations,Operations Specialist,Canada - East,Individual Contributor,2023-05-26,2026-05-19,5,2026-05-15,2026-05-24,Live Virtual,False,True
U01944,Retail Banking,Manager,US - Midwest,People Manager,2020-03-17,2026-05-14,5,2026-05-09,2026-05-19,Live Virtual,False,True
U01945,Wealth Management,Director,Canada - West,Senior Leader,2017-06-20,,2,2026-02-10,2026-02-24,Self-Paced eLearning,False,False
U01946,Risk and Compliance,Risk Analyst,Canada - East,Individual Contributor,2021-03-08,2026-06-18,6,2026-06-14,,Self-Paced eLearning,False,True
U01947,Retail Banking,Associate,US - Northeast,Individual Contributor,2019-01-05,2026-02-20,2,2026-02-15,,In-Person Workshop,True,True
U01948,Risk and Compliance,Analyst,Canada - East,Individual Contributor,2017-03-20,2026-03-11,3,2026-03-06,,Manager-Led Briefing,False,True
U01949,Retail Banking,Associate,Europe,Individual Contributor,2018-03-20,2026-03-04,3,2026-03-03,,Live Virtual,True,True
U01950,Risk and Compliance,Risk Analyst,Canada - East,Individual Contributor,2025-02-18,2026-06-12,6,2026-06-05,2026-06-22,Self-Paced eLearning,False,True
U01951,Corporate Functions,Operations Specialist,Canada - East,Individual Contributor,2025-09-18,2026-03-23,3,2026-03-23,,Self-Paced eLearning,False,True
U01952,Retail Banking,Associate,APAC,Individual Contributor,2018-08-09,2026-02-05,2,2026-02-02,,Live Virtual,False,True
U01953,Capital Markets,Director,US - Northeast,Senior Leader,2024-02-29,2026-01-31,1,2026-01-25,2026-02-11,Live Virtual,False,True
U01954,Corporate Functions,Analyst,US - Northeast,Individual Contributor,2022-05-15,2026-05-12,5,2026-05-08,,Manager-Led Briefing,False,False
U01955,Risk and Compliance,Associate,US - Northeast,Individual Contributor,2018-05-22,2026-04-04,4,2026-03-30,,Live Virtual,True,False
U01956,Corporate Functions,Director,Europe,Senior Leader,2018-03-30,2026-01-24,1,2026-01-19,2026-02-03,Self-Paced eLearning,False,True
U01957,Technology,Director,US - Northeast,Senior Leader,2025-04-27,2026-01-31,1,2026-01-25,,Self-Paced eLearning,True,True
U01958,Retail Banking,Analyst,Canada - East,Individual Contributor,2018-04-07,2026-01-26,1,2026-01-23,,Self-Paced eLearning,True,True
U01959,Wealth Management,Analyst,Canada - East,Individual Contributor,2017-11-21,2026-04-29,5,2026-04-26,2026-05-07,Self-Paced eLearning,False,True
U01960,Commercial Banking,Relationship Manager,US - Midwest,Individual Contributor,2019-04-17,2026-02-14,2,2026-02-08,,Self-Paced eLearning,False,True
U01961,Commercial Banking,Director,US - Midwest,Senior Leader,2021-05-14,2026-01-09,1,2026-01-08,2026-01-14,Self-Paced eLearning,True,True
U01962,Operations,Operations Specialist,APAC,Individual Contributor,2016-04-16,2026-04-08,4,2026-04-08,,In-Person Workshop,False,True
U01963,Technology,Analyst,Europe,Individual Contributor,2021-03-30,2026-02-22,2,2026-02-15,2026-02-27,Self-Paced eLearning,False,True
U01964,Retail Banking,Relationship Manager,US - Northeast,Individual Contributor,2016-07-27,2026-06-05,6,2026-06-03,,Manager-Led Briefing,False,True
U01965,Capital Markets,Manager,APAC,People Manager,2018-09-09,2026-02-09,2,2026-02-02,2026-02-23,Self-Paced eLearning,False,True
U01966,Retail Banking,Associate,US - Northeast,Individual Contributor,2020-11-08,2026-03-11,3,2026-03-07,2026-03-22,Self-Paced eLearning,False,True
U01967,Capital Markets,Analyst,Canada - West,Individual Contributor,2019-08-03,2026-02-23,2,2026-02-21,,Live Virtual,False,True
U01968,Wealth Management,Relationship Manager,Canada - East,Individual Contributor,2019-10-06,2026-01-22,1,2026-01-19,2026-02-02,In-Person Workshop,False,True
U01969,Technology,Developer,Canada - East,Individual Contributor,2022-06-18,2026-01-20,1,2026-01-18,2026-01-25,Live Virtual,True,False
U01970,Technology,Analyst,APAC,Individual Contributor,2017-11-20,2026-02-09,2,2026-02-04,,Self-Paced eLearning,True,True
U01971,Operations,Operations Specialist,US - Midwest,Individual Contributor,2016-09-10,2026-06-20,6,2026-06-19,2026-06-24,Live Virtual,False,True
U01972,Corporate Functions,Associate,US - Northeast,Individual Contributor,2022-11-03,2026-03-02,3,2026-03-01,,Live Virtual,True,False
U01973,Capital Markets,Analyst,US - Northeast,Individual Contributor,2022-06-15,2026-03-22,3,2026-03-15,2026-03-23,Manager-Led Briefing,True,True
U01974,Operations,Associate,US - Midwest,Individual Contributor,2019-01-01,2026-06-21,6,2026-06-16,2026-07-05,Manager-Led Briefing,False,True
U01975,Retail Banking,Analyst,Canada - West,Individual Contributor,2016-05-11,2026-03-25,3,2026-03-18,,Manager-Led Briefing,False,True
U01976,Retail Banking,Relationship Manager,Canada - East,Individual Contributor,2022-08-19,2026-01-18,1,2026-01-14,2026-01-30,Self-Paced eLearning,False,True
U01977,Technology,Developer,Canada - East,Individual Contributor,2016-11-13,2026-01-12,1,2026-01-12,2026-01-29,Live Virtual,False,True
U01978,Corporate Functions,Analyst,Europe,Individual Contributor,2020-08-09,2026-03-27,3,2026-03-25,,Self-Paced eLearning,False,True
U01979,Capital Markets,Manager,Canada - East,People Manager,2023-03-14,2026-01-21,1,2026-01-14,2026-01-28,Self-Paced eLearning,True,True
U01980,Retail Banking,Analyst,Canada - East,Individual Contributor,2019-10-03,2026-03-04,3,2026-03-01,2026-03-09,Live Virtual,False,True
U01981,Wealth Management,Relationship Manager,Canada - East,Individual Contributor,2021-12-22,2026-05-03,5,2026-05-02,2026-05-07,In-Person Workshop,False,True
U01982,Operations,Associate,APAC,Individual Contributor,2017-10-12,2026-05-21,5,2026-05-20,,Live Virtual,True,True
U01983,Wealth Management,Manager,US - Northeast,People Manager,2021-02-21,2026-02-12,2,2026-02-08,2026-02-27,Self-Paced eLearning,False,True
U01984,Retail Banking,Manager,US - Northeast,People Manager,2024-10-24,2026-06-10,6,2026-06-10,2026-06-18,Self-Paced eLearning,False,True
U01985,Commercial Banking,Director,APAC,Senior Leader,2021-11-14,2026-03-23,3,2026-03-20,,Manager-Led Briefing,False,True
U01986,Risk and Compliance,Risk Analyst,APAC,Individual Contributor,2020-01-18,,4,2026-04-16,2026-04-23,Self-Paced eLearning,False,False
U01987,Retail Banking,Analyst,Canada - East,Individual Contributor,2019-10-17,2026-02-19,2,2026-02-15,,Self-Paced eLearning,False,True
U01988,Commercial Banking,Analyst,Canada - East,Individual Contributor,2022-01-22,2026-04-13,4,2026-04-09,2026-04-23,Self-Paced eLearning,True,True
U01989,Corporate Functions,Analyst,US - Northeast,Individual Contributor,2020-01-10,2026-03-18,3,2026-03-12,2026-03-22,Live Virtual,False,True
U01990,Retail Banking,Associate,Canada - West,Individual Contributor,2018-04-06,2026-05-14,5,2026-05-08,,Self-Paced eLearning,False,True
U01991,Retail Banking,Associate,US - Midwest,Individual Contributor,2025-05-20,2026-04-22,4,2026-04-22,2026-05-13,Self-Paced eLearning,True,True
U01992,Commercial Banking,Director,US - Northeast,Senior Leader,2021-05-24,2026-03-18,3,2026-03-16,2026-03-19,Self-Paced eLearning,False,True
U01993,Operations,Analyst,Europe,Individual Contributor,2022-01-29,2026-06-06,6,2026-06-02,2026-06-11,Live Virtual,False,True
U01994,Retail Banking,Director,US - Midwest,Senior Leader,2018-09-02,2026-05-18,5,2026-05-14,2026-05-18,Manager-Led Briefing,False,True
U01995,Technology,Developer,Canada - East,Individual Contributor,2021-05-19,2026-03-10,3,2026-03-07,2026-03-12,Live Virtual,False,True
U01996,Capital Markets,Analyst,US - Northeast,Individual Contributor,2017-04-23,2026-03-02,3,2026-02-27,2026-03-17,Live Virtual,False,True
U01997,Operations,Operations Specialist,US - Northeast,Individual Contributor,2016-10-30,2026-06-15,6,2026-06-15,2026-07-03,Manager-Led Briefing,False,True
U01998,Operations,Operations Specialist,Canada - West,Individual Contributor,2023-01-11,2026-01-25,1,2026-01-20,2026-01-24,In-Person Workshop,True,True
U01999,Wealth Management,Analyst,APAC,Individual Contributor,2020-07-24,2026-04-04,4,2026-03-28,,Live Virtual,False,False
U02000,Technology,Director,Canada - East,Senior Leader,2019-11-02,2026-06-15,6,2026-06-15,2026-07-03,In-Person Workshop,False,True
U02001,Wealth Management,Relationship Manager,APAC,Individual Contributor,2023-09-12,2026-03-28,3,2026-03-22,2026-04-04,In-Person Workshop,False,True
U02002,Operations,Operations Specialist,Europe,Individual Contributor,2019-03-22,2026-06-05,6,2026-06-05,,Self-Paced eLearning,True,True
U02003,Corporate Functions,Operations Specialist,Canada - East,Individual Contributor,2018-04-05,2026-04-20,4,2026-04-14,,In-Person Workshop,False,True
U02004,Commercial Banking,Analyst,APAC,Individual Contributor,2018-03-22,2026-03-27,3,2026-03-20,,Self-Paced eLearning,False,True
U02005,Retail Banking,Relationship Manager,Europe,Individual Contributor,2017-01-13,2026-04-13,4,2026-04-06,,Self-Paced eLearning,True,True
U02006,Risk and Compliance,Risk Analyst,Canada - West,Individual Contributor,2025-11-02,2026-05-29,6,2026-05-25,2026-05-29,Live Virtual,False,True
U02007,Technology,Developer,Canada - East,Individual Contributor,2017-03-05,2026-02-11,2,2026-02-06,2026-02-17,Self-Paced eLearning,False,True
U02008,Retail Banking,Associate,US - Northeast,Individual Contributor,2023-05-26,2026-03-30,4,2026-03-28,,Live Virtual,False,True
U02009,Retail Banking,Manager,Canada - West,People Manager,2024-01-11,2026-05-05,5,2026-05-03,,In-Person Workshop,True,True
U02010,Commercial Banking,Analyst,Canada - East,Individual Contributor,2016-09-10,,3,2026-03-17,2026-03-22,Self-Paced eLearning,True,False
U02011,Retail Banking,Manager,US - Northeast,People Manager,2021-09-03,2026-06-09,6,2026-06-05,2026-06-13,Self-Paced eLearning,False,True
U02012,Operations,Operations Specialist,APAC,Individual Contributor,2016-11-05,2026-01-15,1,2026-01-09,2026-01-29,In-Person Workshop,False,True
U02013,Retail Banking,Relationship Manager,Canada - West,Individual Contributor,2017-08-06,2026-04-03,4,2026-03-28,,In-Person Workshop,False,True
U02014,Operations,Associate,APAC,Individual Contributor,2025-03-28,2026-06-03,6,2026-05-29,,Self-Paced eLearning,False,True
U02015,Operations,Operations Specialist,US - Northeast,Individual Contributor,2021-03-12,2026-01-07,1,2026-01-06,2026-01-17,Self-Paced eLearning,False,True
U02016,Technology,Developer,Canada - East,Individual Contributor,2019-05-25,2026-02-19,2,2026-02-13,2026-03-05,Manager-Led Briefing,True,True
U02017,Retail Banking,Associate,Canada - East,Individual Contributor,2018-07-27,2026-03-30,4,2026-03-30,2026-04-02,Self-Paced eLearning,False,True
U02018,Retail Banking,Manager,Canada - East,People Manager,2021-07-31,2026-03-07,3,2026-03-01,,Live Virtual,False,True
U02019,Commercial Banking,Relationship Manager,US - Northeast,Individual Contributor,2019-01-27,2026-03-09,3,2026-03-09,,In-Person Workshop,False,True
U02020,Operations,Operations Specialist,Canada - West,Individual Contributor,2024-05-03,2026-06-10,6,2026-06-05,2026-06-14,Manager-Led Briefing,True,True
U02021,Commercial Banking,Relationship Manager,US - Midwest,Individual Contributor,2017-08-02,2026-05-03,5,2026-04-30,2026-05-08,Live Virtual,False,True
U02022,Retail Banking,Associate,Canada - East,Individual Contributor,2023-06-06,2026-04-23,4,2026-04-19,,Self-Paced eLearning,False,True
U02023,Retail Banking,Manager,US - Northeast,People Manager,2020-01-10,2026-05-30,6,2026-05-26,,Self-Paced eLearning,False,True
U02024,Retail Banking,Associate,Europe,Individual Contributor,2016-12-07,2026-04-02,4,2026-03-28,2026-04-12,Live Virtual,False,False
U02025,Operations,Manager,US - Northeast,People Manager,2016-03-22,2026-02-18,2,2026-02-17,,Live Virtual,False,True
U02026,Operations,Manager,APAC,People Manager,2019-03-08,2026-04-12,4,2026-04-09,,Live Virtual,False,True
U02027,Wealth Management,Relationship Manager,Canada - West,Individual Contributor,2022-06-04,2026-01-12,1,2026-01-08,2026-01-22,Live Virtual,True,True
U02028,Operations,Associate,US - Northeast,Individual Contributor,2020-01-17,2026-03-28,3,2026-03-26,2026-04-07,In-Person Workshop,False,False
U02029,Technology,Director,Canada - West,Senior Leader,2023-04-04,2026-02-25,2,2026-02-19,2026-03-08,Self-Paced eLearning,False,True
U02030,Commercial Banking,Relationship Manager,US - Northeast,Individual Contributor,2021-07-14,2026-01-27,1,2026-01-26,2026-02-13,Self-Paced eLearning,False,True
U02031,Retail Banking,Relationship Manager,Canada - West,Individual Contributor,2022-05-12,2026-02-09,2,2026-02-03,,Self-Paced eLearning,False,True
U02032,Technology,Developer,US - Northeast,Individual Contributor,2024-03-21,2026-01-28,1,2026-01-28,2026-02-06,Self-Paced eLearning,False,True
U02033,Operations,Operations Specialist,Canada - East,Individual Contributor,2024-01-02,2026-02-28,2,2026-02-25,2026-03-03,In-Person Workshop,False,True
U02034,Operations,Manager,Canada - West,People Manager,2022-07-05,2026-04-20,4,2026-04-17,2026-04-25,In-Person Workshop,False,True
U02035,Retail Banking,Relationship Manager,Canada - West,Individual Contributor,2019-07-02,2026-05-31,6,2026-05-29,2026-06-04,Self-Paced eLearning,False,True
U02036,Wealth Management,Director,US - Midwest,Senior Leader,2018-10-05,2026-03-05,3,2026-03-01,,Self-Paced eLearning,False,True
U02037,Corporate Functions,Operations Specialist,Canada - West,Individual Contributor,2023-03-16,2026-04-29,5,2026-04-25,2026-05-14,Manager-Led Briefing,False,True
U02038,Retail Banking,Analyst,US - Midwest,Individual Contributor,2024-03-22,2026-03-03,3,2026-03-01,,Live Virtual,False,True
U02039,Commercial Banking,Relationship Manager,Canada - East,Individual Contributor,2025-10-04,2026-01-17,1,2026-01-16,,Live Virtual,True,True
U02040,Capital Markets,Analyst,Canada - East,Individual Contributor,2024-10-30,2026-03-15,3,2026-03-11,2026-04-01,Self-Paced eLearning,False,True
U02041,Operations,Operations Specialist,Canada - East,Individual Contributor,2024-05-14,2026-06-19,6,2026-06-12,,Self-Paced eLearning,False,True
U02042,Wealth Management,Relationship Manager,US - Northeast,Individual Contributor,2018-07-18,2026-05-23,5,2026-05-22,2026-05-29,Self-Paced eLearning,False,True
U02043,Commercial Banking,Analyst,Canada - East,Individual Contributor,2023-12-26,2026-02-21,2,2026-02-19,2026-02-24,In-Person Workshop,False,True
U02044,Risk and Compliance,Risk Analyst,Europe,Individual Contributor,2018-08-13,2026-03-15,3,2026-03-10,,Self-Paced eLearning,False,True
U02045,Corporate Functions,Director,Canada - East,Senior Leader,2022-06-06,2026-04-25,4,2026-04-19,2026-05-06,In-Person Workshop,False,True
U02046,Retail Banking,Associate,Canada - East,Individual Contributor,2021-03-11,2026-05-01,5,2026-04-27,,Manager-Led Briefing,False,True
U02047,Operations,Analyst,US - Midwest,Individual Contributor,2023-01-30,2026-03-04,3,2026-03-04,2026-03-20,Live Virtual,False,True
U02048,Technology,Manager,Canada - East,People Manager,2021-05-03,2026-02-02,2,2026-02-01,2026-02-09,Live Virtual,False,True
U02049,Retail Banking,Associate,Canada - West,Individual Contributor,2024-04-02,2026-04-25,4,2026-04-24,2026-05-06,Live Virtual,False,True
U02050,Operations,Operations Specialist,Canada - West,Individual Contributor,2018-06-23,2026-02-05,2,2026-02-04,2026-02-22,Manager-Led Briefing,False,True
U02051,Corporate Functions,Analyst,Canada - West,Individual Contributor,2019-06-20,2026-04-17,4,2026-04-17,2026-04-27,In-Person Workshop,False,True
U02052,Retail Banking,Relationship Manager,US - Northeast,Individual Contributor,2018-02-20,2026-03-14,3,2026-03-13,2026-03-31,In-Person Workshop,False,True
U02053,Operations,Operations Specialist,Europe,Individual Contributor,2020-06-03,2026-04-27,5,2026-04-20,2026-04-24,In-Person Workshop,True,True
U02054,Wealth Management,Relationship Manager,Canada - West,Individual Contributor,2025-06-21,2026-02-09,2,2026-02-04,2026-02-23,Live Virtual,False,True
U02055,Operations,Operations Specialist,Canada - West,Individual Contributor,2021-04-20,2026-01-06,1,2026-01-06,,Self-Paced eLearning,False,True
U02056,Technology,Manager,Canada - West,People Manager,2024-04-19,2026-01-05,1,2026-01-05,2026-01-13,Live Virtual,False,True
U02057,Corporate Functions,Associate,APAC,Individual Contributor,2023-08-19,2026-03-15,3,2026-03-15,2026-04-04,Self-Paced eLearning,False,True
U02058,Technology,Developer,APAC,Individual Contributor,2021-03-30,2026-04-20,4,2026-04-13,2026-04-18,Self-Paced eLearning,False,True
U02059,Retail Banking,Associate,Europe,Individual Contributor,2020-12-01,2026-06-18,6,2026-06-13,2026-06-27,Live Virtual,False,True
U02060,Retail Banking,Relationship Manager,Canada - East,Individual Contributor,2024-01-18,2026-02-20,2,2026-02-14,,Live Virtual,False,True
U02061,Corporate Functions,Manager,Europe,People Manager,2017-12-26,2026-04-09,4,2026-04-07,2026-04-18,Self-Paced eLearning,False,True
U02062,Retail Banking,Relationship Manager,Canada - East,Individual Contributor,2018-01-22,2026-01-20,1,2026-01-17,2026-02-06,Self-Paced eLearning,False,True
U02063,Technology,Analyst,APAC,Individual Contributor,2025-02-10,2026-01-18,1,2026-01-12,2026-02-01,Manager-Led Briefing,False,True
U02064,Retail Banking,Associate,APAC,Individual Contributor,2018-07-23,2026-06-18,6,2026-06-17,,In-Person Workshop,False,True
U02065,Operations,Manager,Canada - West,People Manager,2020-09-21,2026-05-12,5,2026-05-07,,Self-Paced eLearning,False,True
U02066,Risk and Compliance,Analyst,US - Northeast,Individual Contributor,2023-06-04,2026-04-18,4,2026-04-11,,Self-Paced eLearning,False,True
U02067,Technology,Developer,US - Midwest,Individual Contributor,2017-02-19,2026-01-21,1,2026-01-14,2026-02-01,Self-Paced eLearning,False,True
U02068,Corporate Functions,Analyst,Canada - West,Individual Contributor,2020-03-14,2026-04-10,4,2026-04-03,,Live Virtual,False,True
U02069,Retail Banking,Relationship Manager,US - Northeast,Individual Contributor,2025-01-01,2026-01-30,1,2026-01-25,2026-02-09,Live Virtual,False,True
U02070,Technology,Associate,US - Northeast,Individual Contributor,2020-06-07,2026-03-15,3,2026-03-08,2026-03-28,Live Virtual,True,True
U02071,Wealth Management,Analyst,US - Northeast,Individual Contributor,2024-02-01,2026-05-05,5,2026-05-03,2026-05-15,In-Person Workshop,False,True
U02072,Operations,Manager,US - Northeast,People Manager,2021-05-05,2026-04-27,5,2026-04-21,2026-05-12,Self-Paced eLearning,False,True
U02073,Retail Banking,Associate,US - Midwest,Individual Contributor,2022-04-08,2026-06-15,6,2026-06-12,2026-06-25,Live Virtual,False,True
U02074,Wealth Management,Analyst,US - Northeast,Individual Contributor,2024-04-17,2026-02-09,2,2026-02-05,,In-Person Workshop,False,False
U02075,Operations,Director,US - Midwest,Senior Leader,2024-01-06,2026-04-09,4,2026-04-05,,In-Person Workshop,False,True
U02076,Technology,Analyst,Canada - West,Individual Contributor,2022-05-31,2026-03-19,3,2026-03-19,,Live Virtual,False,True
U02077,Corporate Functions,Director,Canada - East,Senior Leader,2021-01-23,2026-06-06,6,2026-06-01,,Live Virtual,False,True
U02078,Retail Banking,Relationship Manager,Canada - East,Individual Contributor,2016-05-04,2026-05-16,5,2026-05-09,2026-05-27,Self-Paced eLearning,False,True
U02079,Operations,Operations Specialist,Europe,Individual Contributor,2016-06-03,2026-04-18,4,2026-04-15,2026-05-02,Self-Paced eLearning,False,True
U02080,Retail Banking,Associate,Canada - West,Individual Contributor,2019-11-07,2026-03-21,3,2026-03-14,2026-03-25,Live Virtual,False,True
U02081,Operations,Operations Specialist,Canada - West,Individual Contributor,2017-06-13,2026-06-15,6,2026-06-13,2026-07-04,Self-Paced eLearning,False,True
U02082,Retail Banking,Relationship Manager,Canada - East,Individual Contributor,2024-12-09,2026-03-01,2,2026-03-01,2026-03-10,Live Virtual,False,True
U02083,Commercial Banking,Manager,Canada - West,People Manager,2020-05-12,2026-04-19,4,2026-04-15,2026-05-05,Live Virtual,False,True
U02084,Retail Banking,Analyst,US - Northeast,Individual Contributor,2016-12-05,2026-01-08,1,2026-01-01,,Self-Paced eLearning,False,True
U02085,Commercial Banking,Analyst,US - Northeast,Individual Contributor,2020-10-11,2026-03-13,3,2026-03-07,,Live Virtual,False,True
U02086,Retail Banking,Relationship Manager,US - Midwest,Individual Contributor,2022-04-05,2026-05-02,5,2026-04-28,2026-05-07,Live Virtual,False,True
U02087,Operations,Operations Specialist,Canada - East,Individual Contributor,2025-09-11,2026-06-11,6,2026-06-11,,In-Person Workshop,False,True
U02088,Operations,Operations Specialist,Canada - East,Individual Contributor,2019-12-15,2026-02-17,2,2026-02-17,2026-03-03,Manager-Led Briefing,False,True
U02089,Capital Markets,Analyst,Canada - East,Individual Contributor,2017-02-16,2026-04-22,4,2026-04-17,,Live Virtual,False,True
U02090,Technology,Developer,Europe,Individual Contributor,2024-09-26,2026-01-24,1,2026-01-24,2026-02-08,Manager-Led Briefing,True,True
U02091,Operations,Operations Specialist,Europe,Individual Contributor,2019-12-28,2026-06-08,6,2026-06-01,2026-06-22,Live Virtual,False,True
U02092,Wealth Management,Associate,Canada - West,Individual Contributor,2018-02-16,2026-01-17,1,2026-01-17,2026-01-22,In-Person Workshop,False,True
U02093,Technology,Analyst,US - Midwest,Individual Contributor,2018-06-04,2026-01-13,1,2026-01-06,2026-01-11,In-Person Workshop,False,True
U02094,Retail Banking,Associate,Canada - East,Individual Contributor,2018-06-06,2026-04-11,4,2026-04-07,2026-04-15,Self-Paced eLearning,False,True
U02095,Risk and Compliance,Manager,US - Midwest,People Manager,2023-08-05,2026-03-28,3,2026-03-23,2026-03-31,In-Person Workshop,False,True
U02096,Operations,Operations Specialist,US - Northeast,Individual Contributor,2019-10-15,2026-03-29,3,2026-03-27,,Self-Paced eLearning,False,True
U02097,Retail Banking,Analyst,US - Northeast,Individual Contributor,2016-04-07,2026-02-04,2,2026-02-04,,Live Virtual,False,True
U02098,Technology,Developer,Canada - East,Individual Contributor,2022-10-01,2026-01-15,1,2026-01-11,2026-01-22,Self-Paced eLearning,False,True
U02099,Retail Banking,Relationship Manager,US - Midwest,Individual Contributor,2016-02-09,2026-05-16,5,2026-05-11,2026-05-29,In-Person Workshop,False,True
U02100,Retail Banking,Relationship Manager,US - Northeast,Individual Contributor,2016-03-18,2026-02-20,2,2026-02-20,,In-Person Workshop,True,True
U02101,Capital Markets,Associate,Canada - West,Individual Contributor,2018-02-09,2026-01-06,1,2026-01-05,2026-01-20,Manager-Led Briefing,False,True
U02102,Retail Banking,Manager,US - Northeast,People Manager,2019-08-20,2026-02-13,2,2026-02-08,,Self-Paced eLearning,False,True
U02103,Wealth Management,Relationship Manager,Canada - East,Individual Contributor,2023-05-18,2026-03-09,3,2026-03-03,2026-03-15,Self-Paced eLearning,False,True
U02104,Risk and Compliance,Risk Analyst,Canada - West,Individual Contributor,2017-01-20,2026-05-17,5,2026-05-12,2026-05-15,Self-Paced eLearning,False,True
U02105,Commercial Banking,Associate,US - Northeast,Individual Contributor,2016-07-17,2026-02-12,2,2026-02-08,,Manager-Led Briefing,True,True
U02106,Capital Markets,Analyst,Canada - East,Individual Contributor,2023-12-20,2026-03-02,3,2026-03-02,2026-03-20,Self-Paced eLearning,False,True
U02107,Capital Markets,Associate,Canada - East,Individual Contributor,2019-06-16,2026-01-11,1,2026-01-10,2026-01-18,Live Virtual,False,True
U02108,Corporate Functions,Manager,Canada - West,People Manager,2021-02-14,2026-05-21,5,2026-05-19,2026-06-05,Self-Paced eLearning,False,True
U02109,Operations,Associate,Canada - East,Individual Contributor,2019-04-18,2026-01-26,1,2026-01-26,2026-02-05,Live Virtual,False,True
U02110,Retail Banking,Associate,US - Midwest,Individual Contributor,2022-01-14,2026-05-16,5,2026-05-13,2026-05-28,Self-Paced eLearning,False,True
U02111,Technology,Developer,Canada - West,Individual Contributor,2022-07-15,2026-04-11,4,2026-04-10,,Self-Paced eLearning,True,True
U02112,Technology,Director,Europe,Senior Leader,2022-07-21,2026-02-19,2,2026-02-18,2026-03-06,Self-Paced eLearning,False,True
U02113,Retail Banking,Relationship Manager,US - Northeast,Individual Contributor,2020-10-10,2026-04-13,4,2026-04-13,2026-04-30,Live Virtual,False,True
U02114,Commercial Banking,Relationship Manager,Canada - East,Individual Contributor,2022-08-21,2026-05-18,5,2026-05-14,2026-06-02,Self-Paced eLearning,False,True
U02115,Retail Banking,Relationship Manager,Canada - East,Individual Contributor,2019-04-24,2026-05-04,5,2026-05-03,,In-Person Workshop,False,True
U02116,Risk and Compliance,Risk Analyst,Canada - West,Individual Contributor,2019-09-15,2026-02-05,2,2026-02-05,2026-02-26,In-Person Workshop,False,True
U02117,Retail Banking,Associate,APAC,Individual Contributor,2016-10-18,2026-06-11,6,2026-06-04,2026-06-20,Manager-Led Briefing,False,True
U02118,Retail Banking,Associate,US - Northeast,Individual Contributor,2019-02-25,2026-02-13,2,2026-02-13,2026-02-22,Manager-Led Briefing,False,True
U02119,Retail Banking,Associate,US - Midwest,Individual Contributor,2016-08-11,2026-06-07,6,2026-06-07,,Self-Paced eLearning,False,True
U02120,Retail Banking,Analyst,Canada - East,Individual Contributor,2017-09-13,2026-02-08,2,2026-02-04,,Live Virtual,False,True
U02121,Retail Banking,Associate,APAC,Individual Contributor,2018-05-28,2026-02-15,2,2026-02-15,,Self-Paced eLearning,False,True
U02122,Retail Banking,Manager,Europe,People Manager,2022-07-02,2026-03-19,3,2026-03-15,2026-03-29,Live Virtual,False,True
U02123,Retail Banking,Relationship Manager,Canada - West,Individual Contributor,2018-12-17,2026-05-20,5,2026-05-20,,Self-Paced eLearning,False,True
U02124,Retail Banking,Associate,US - Northeast,Individual Contributor,2019-04-19,2026-01-21,1,2026-01-20,2026-01-30,In-Person Workshop,False,True
U02125,Operations,Manager,US - Northeast,People Manager,2025-03-25,2026-03-27,3,2026-03-22,,Self-Paced eLearning,False,True
U02126,Operations,Associate,Canada - East,Individual Contributor,2024-01-09,2026-04-24,4,2026-04-23,2026-05-03,Live Virtual,False,True
U02127,Operations,Operations Specialist,US - Northeast,Individual Contributor,2020-05-26,2026-04-19,4,2026-04-15,2026-04-26,Manager-Led Briefing,False,True
U02128,Operations,Manager,Europe,People Manager,2022-01-30,2026-03-20,3,2026-03-20,,Self-Paced eLearning,False,True
U02129,Retail Banking,Relationship Manager,US - Northeast,Individual Contributor,2016-12-30,2026-03-31,4,2026-03-28,2026-04-09,Self-Paced eLearning,False,True
U02130,Retail Banking,Relationship Manager,Canada - East,Individual Contributor,2024-08-23,2026-04-16,4,2026-04-14,,Self-Paced eLearning,False,True
U02131,Retail Banking,Associate,US - Midwest,Individual Contributor,2024-08-31,2026-03-01,2,2026-02-25,2026-03-15,Live Virtual,False,True
U02132,Capital Markets,Analyst,Canada - East,Individual Contributor,2021-09-25,2026-03-24,3,2026-03-21,,Live Virtual,False,True
U02133,Corporate Functions,Director,Europe,Senior Leader,2018-06-21,2026-03-30,4,2026-03-28,,Manager-Led Briefing,False,True
U02134,Risk and Compliance,Risk Analyst,APAC,Individual Contributor,2025-11-16,2026-06-08,6,2026-06-07,2026-06-16,Live Virtual,False,True
U02135,Technology,Analyst,Europe,Individual Contributor,2018-01-15,2026-01-06,1,2026-01-04,2026-01-20,Self-Paced eLearning,False,True
U02136,Technology,Director,US - Northeast,Senior Leader,2019-04-06,2026-04-15,4,2026-04-10,,Live Virtual,True,True
U02137,Operations,Operations Specialist,US - Northeast,Individual Contributor,2024-05-17,2026-01-30,1,2026-01-27,2026-02-04,Self-Paced eLearning,False,True
U02138,Capital Markets,Analyst,Canada - East,Individual Contributor,2018-10-31,2026-04-23,4,2026-04-18,2026-04-29,Live Virtual,False,True
U02139,Capital Markets,Associate,US - Midwest,Individual Contributor,2022-08-18,2026-01-13,1,2026-01-11,2026-01-22,Self-Paced eLearning,False,True
U02140,Wealth Management,Director,Canada - East,Senior Leader,2020-05-14,2026-02-07,2,2026-02-03,,Self-Paced eLearning,False,True
U02141,Risk and Compliance,Associate,Canada - West,Individual Contributor,2021-10-29,2026-05-24,5,2026-05-17,2026-06-01,Live Virtual,False,True
U02142,Operations,Operations Specialist,Europe,Individual Contributor,2017-10-21,2026-02-22,2,2026-02-18,2026-03-01,Self-Paced eLearning,True,True
U02143,Capital Markets,Analyst,Canada - East,Individual Contributor,2021-11-15,2026-04-09,4,2026-04-07,,Live Virtual,False,True
U02144,Wealth Management,Relationship Manager,Canada - West,Individual Contributor,2021-02-10,2026-01-25,1,2026-01-20,2026-02-02,Manager-Led Briefing,,True
U02145,Operations,Operations Specialist,Europe,Individual Contributor,2018-12-04,2026-05-20,5,2026-05-18,,Self-Paced eLearning,False,True
U02146,Risk and Compliance,Risk Analyst,Canada - East,Individual Contributor,2019-07-06,2026-05-22,5,2026-05-19,2026-06-09,Live Virtual,False,True
U02147,Retail Banking,Relationship Manager,Europe,Individual Contributor,2021-01-06,2026-02-04,2,2026-01-28,2026-02-15,Self-Paced eLearning,False,True
U02148,Corporate Functions,Manager,Europe,People Manager,2017-04-20,2026-05-05,5,2026-05-02,2026-05-19,Self-Paced eLearning,False,True
U02149,Capital Markets,Associate,Canada - East,Individual Contributor,2025-03-24,2026-01-07,1,2026-01-05,2026-01-11,Manager-Led Briefing,True,True
U02150,Retail Banking,Associate,Canada - West,Individual Contributor,2024-07-14,,3,2026-03-18,2026-03-26,Live Virtual,False,False
U02151,Commercial Banking,Relationship Manager,US - Northeast,Individual Contributor,2024-03-07,2026-03-08,3,2026-03-05,2026-03-21,Manager-Led Briefing,False,True
U02152,Retail Banking,Relationship Manager,US - Midwest,Individual Contributor,2020-10-03,2026-03-14,3,2026-03-07,2026-03-28,Live Virtual,False,True
U02153,Capital Markets,Associate,Canada - West,Individual Contributor,2023-09-29,2026-01-11,1,2026-01-04,2026-01-08,Live Virtual,False,True
U02154,Wealth Management,Analyst,Canada - East,Individual Contributor,2021-07-22,2026-02-07,2,2026-02-04,2026-02-19,Live Virtual,False,True
U02155,Commercial Banking,Relationship Manager,US - Northeast,Individual Contributor,2020-12-20,2026-03-12,3,2026-03-06,2026-03-09,Self-Paced eLearning,False,True
U02156,Wealth Management,Associate,US - Northeast,Individual Contributor,2019-10-31,2026-01-23,1,2026-01-19,2026-02-05,Self-Paced eLearning,False,True
U02157,Retail Banking,Relationship Manager,US - Northeast,Individual Contributor,2018-10-26,2026-01-19,1,2026-01-12,,Manager-Led Briefing,False,True
U02158,Retail Banking,Director,Canada - East,Senior Leader,2025-04-28,2026-03-15,3,2026-03-10,,Self-Paced eLearning,False,True
U02159,Operations,Director,APAC,Senior Leader,2018-01-08,2026-02-16,2,2026-02-13,2026-02-28,Self-Paced eLearning,False,True
U02160,Retail Banking,Manager,Europe,People Manager,2022-03-04,2026-04-10,4,2026-04-04,,Self-Paced eLearning,True,True
U02161,Operations,Analyst,APAC,Individual Contributor,2020-11-14,2026-05-12,5,2026-05-09,,Live Virtual,False,True
U02162,Retail Banking,Relationship Manager,Canada - West,Individual Contributor,2018-07-26,2026-04-19,4,2026-04-12,,Live Virtual,False,True
U02163,Operations,Analyst,Europe,Individual Contributor,2018-04-21,2026-03-02,3,2026-02-24,,Self-Paced eLearning,False,True
U02164,Operations,Operations Specialist,US - Northeast,Individual Contributor,2022-03-29,2026-06-15,6,2026-06-12,,Live Virtual,False,True
U02165,Risk and Compliance,Associate,US - Northeast,Individual Contributor,2021-07-26,2026-06-19,6,2026-06-18,,Live Virtual,False,True
U02166,Retail Banking,Analyst,Canada - West,Individual Contributor,2020-06-09,2026-05-26,6,2026-05-20,,Manager-Led Briefing,False,True
U02167,Risk and Compliance,Risk Analyst,Canada - East,Individual Contributor,2025-02-18,2026-05-08,5,2026-05-07,2026-05-17,Manager-Led Briefing,False,True
U02168,Operations,Operations Specialist,Canada - East,Individual Contributor,2022-11-04,2026-06-16,6,2026-06-09,2026-06-14,Live Virtual,False,True
U02169,Operations,Operations Specialist,Canada - West,Individual Contributor,2024-07-26,2026-03-10,3,2026-03-08,2026-03-13,Self-Paced eLearning,False,True
U02170,Technology,Developer,US - Northeast,Individual Contributor,2018-03-04,2026-02-13,2,2026-02-10,2026-02-13,Live Virtual,False,True
U02171,Operations,Associate,US - Northeast,Individual Contributor,2020-09-07,2026-02-12,2,2026-02-12,2026-02-22,Self-Paced eLearning,False,True
U02172,Retail Banking,Analyst,US - Northeast,Individual Contributor,2024-10-24,2026-03-02,3,2026-02-24,,Self-Paced eLearning,False,True
U02173,Technology,Analyst,US - Northeast,Individual Contributor,2020-02-18,2026-01-08,1,2026-01-06,2026-01-27,Self-Paced eLearning,False,True
U02174,Retail Banking,Associate,Canada - East,Individual Contributor,2024-05-12,2026-04-27,5,2026-04-27,2026-05-08,Live Virtual,False,True
U02175,Operations,Operations Specialist,Europe,Individual Contributor,2024-10-22,2026-01-24,1,2026-01-24,,Live Virtual,False,True
U02176,Technology,Director,Europe,Senior Leader,2023-01-08,2026-02-01,1,2026-01-29,2026-02-08,Self-Paced eLearning,False,True
U02177,Operations,Operations Specialist,Canada - West,Individual Contributor,2019-04-28,2026-01-05,1,2025-12-30,,In-Person Workshop,False,True
U02178,Wealth Management,Associate,Canada - East,Individual Contributor,2016-03-23,2026-04-24,4,2026-04-24,2026-05-08,Self-Paced eLearning,False,True
U02179,Retail Banking,Manager,Europe,People Manager,2016-10-09,2026-03-16,3,2026-03-11,,Live Virtual,False,False
U02180,Corporate Functions,Operations Specialist,US - Northeast,Individual Contributor,2016-03-16,2026-01-16,1,2026-01-16,2026-01-20,Self-Paced eLearning,False,True
U02181,Wealth Management,Relationship Manager,Europe,Individual Contributor,2019-09-16,2026-03-18,3,2026-03-14,2026-03-28,Self-Paced eLearning,True,True
U02182,Corporate Functions,Manager,Canada - East,People Manager,2023-11-24,2026-03-02,3,2026-02-25,2026-03-08,Self-Paced eLearning,False,True
U02183,Wealth Management,Relationship Manager,Canada - East,Individual Contributor,2023-01-11,2026-03-03,3,2026-02-27,2026-03-10,Live Virtual,False,True
U02184,Retail Banking,Relationship Manager,Europe,Individual Contributor,2025-10-20,2026-02-28,2,2026-02-24,2026-03-12,Self-Paced eLearning,False,True
U02185,Technology,Manager,APAC,People Manager,2023-02-23,2026-02-02,2,2026-02-01,2026-02-18,Self-Paced eLearning,False,True
U02186,Retail Banking,Relationship Manager,US - Midwest,Individual Contributor,2021-05-17,2026-04-01,4,2026-03-25,2026-04-14,Self-Paced eLearning,False,True
U02187,Wealth Management,Director,Canada - East,Senior Leader,2017-01-23,2026-05-18,5,2026-05-16,2026-06-02,Live Virtual,False,True
U02188,Commercial Banking,Relationship Manager,Canada - West,Individual Contributor,2023-05-06,2026-02-12,2,2026-02-11,,Live Virtual,False,True
U02189,Retail Banking,Relationship Manager,Canada - West,Individual Contributor,2017-03-16,2026-04-09,4,2026-04-04,2026-04-12,In-Person Workshop,False,True
U02190,Risk and Compliance,Analyst,Canada - East,Individual Contributor,2021-11-14,2026-04-07,4,2026-04-01,2026-04-22,Live Virtual,False,True
U02191,Retail Banking,Associate,APAC,Individual Contributor,2017-10-28,2026-05-10,5,2026-05-06,,Self-Paced eLearning,False,True
U02192,Technology,Associate,US - Northeast,Individual Contributor,2017-07-04,2026-01-21,1,2026-01-16,2026-01-25,Live Virtual,False,True
U02193,Capital Markets,Director,US - Northeast,Senior Leader,2021-10-05,2026-04-01,4,2026-03-25,,Self-Paced eLearning,False,True
U02194,Retail Banking,Manager,US - Northeast,People Manager,2019-11-13,2026-03-08,3,2026-03-03,2026-03-15,In-Person Workshop,False,True
U02195,Commercial Banking,Manager,Canada - West,People Manager,2025-05-05,2026-01-09,1,2026-01-09,,In-Person Workshop,False,True
U02196,Wealth Management,Relationship Manager,Europe,Individual Contributor,2017-08-25,2026-03-22,3,2026-03-15,2026-03-19,Live Virtual,False,True
U02197,Retail Banking,Relationship Manager,Europe,Individual Contributor,2016-11-10,2026-05-22,5,2026-05-20,2026-06-07,Self-Paced eLearning,False,True
U02198,Technology,Analyst,Canada - East,Individual Contributor,2020-10-11,2026-03-28,3,2026-03-26,2026-04-07,Manager-Led Briefing,False,True
U02199,Retail Banking,Analyst,Canada - East,Individual Contributor,2018-12-10,2026-04-01,4,2026-03-28,,Self-Paced eLearning,True,True
U02200,Commercial Banking,Director,Canada - West,Senior Leader,2024-08-09,2026-01-28,1,2026-01-22,,In-Person Workshop,False,True
U02201,Retail Banking,Associate,Canada - West,Individual Contributor,2017-06-02,2026-06-02,6,2026-05-30,,In-Person Workshop,False,True
U02202,Risk and Compliance,Risk Analyst,Canada - West,Individual Contributor,2020-04-05,2026-03-09,3,2026-03-06,2026-03-23,Self-Paced eLearning,False,True
U02203,Risk and Compliance,Risk Analyst,Canada - West,Individual Contributor,2024-09-19,2026-05-23,5,2026-05-16,,Self-Paced eLearning,False,True
U02204,Retail Banking,Associate,Canada - East,Individual Contributor,2024-11-25,2026-04-13,4,2026-04-12,2026-04-15,Live Virtual,,True
U02205,Operations,Manager,APAC,People Manager,2024-06-03,2026-02-28,2,2026-02-22,2026-03-08,Live Virtual,False,True
U02206,Commercial Banking,Associate,US - Northeast,Individual Contributor,2019-07-05,2026-02-27,2,2026-02-23,2026-03-05,Live Virtual,False,True
U02207,Capital Markets,Director,Europe,Senior Leader,2020-06-06,2026-01-20,1,2026-01-15,2026-01-29,Self-Paced eLearning,False,True
U02208,Operations,Associate,US - Midwest,Individual Contributor,2021-02-25,2026-03-10,3,2026-03-07,2026-03-20,Live Virtual,False,True
U02209,Retail Banking,Relationship Manager,US - Northeast,Individual Contributor,2021-04-17,2026-01-05,1,2026-01-03,,Manager-Led Briefing,False,True
U02210,Retail Banking,Director,Canada - East,Senior Leader,2016-03-01,2026-02-09,2,2026-02-08,,Self-Paced eLearning,False,True
U02211,Corporate Functions,Analyst,Canada - East,Individual Contributor,2017-07-17,2026-06-15,6,2026-06-13,,Self-Paced eLearning,True,True
U02212,Operations,Director,Canada - West,Senior Leader,2021-03-16,2026-04-25,4,2026-04-23,,Self-Paced eLearning,False,True
U02213,Risk and Compliance,Risk Analyst,US - Northeast,Individual Contributor,2016-11-04,2026-05-23,5,2026-05-20,2026-05-26,Self-Paced eLearning,True,True
U02214,Technology,Analyst,Canada - East,Individual Contributor,2023-08-12,2026-01-28,1,2026-01-21,2026-02-03,Self-Paced eLearning,False,True
U02215,Risk and Compliance,Risk Analyst,Canada - West,Individual Contributor,2019-12-23,2026-05-09,5,2026-05-02,,Self-Paced eLearning,False,True
U02216,Retail Banking,Relationship Manager,Canada - East,Individual Contributor,2020-05-22,2026-04-19,4,2026-04-15,2026-04-19,Self-Paced eLearning,False,True
U02217,Retail Banking,Associate,US - Midwest,Individual Contributor,2016-03-23,2026-04-16,4,2026-04-13,,Self-Paced eLearning,False,True
U02218,Risk and Compliance,Analyst,Europe,Individual Contributor,2023-12-10,2026-04-01,4,2026-03-25,2026-03-29,Self-Paced eLearning,False,True
U02219,Corporate Functions,Director,US - Midwest,Senior Leader,2021-10-07,2026-04-20,4,2026-04-14,2026-04-22,In-Person Workshop,True,True
U02220,Operations,Manager,Europe,People Manager,2022-11-17,2026-04-16,4,2026-04-15,2026-05-06,Live Virtual,False,True
U02221,Operations,Operations Specialist,Canada - East,Individual Contributor,2019-07-13,2026-05-01,5,2026-04-30,2026-05-17,Live Virtual,False,True
U02222,Operations,Operations Specialist,Canada - East,Individual Contributor,2017-10-07,2026-01-10,1,2026-01-05,2026-01-22,Live Virtual,False,True
U02223,Operations,Manager,US - Midwest,People Manager,2021-12-06,2026-02-09,2,2026-02-09,2026-02-22,Manager-Led Briefing,False,True
U02224,Retail Banking,Relationship Manager,Canada - West,Individual Contributor,2023-09-10,2026-01-18,1,2026-01-17,2026-01-22,Self-Paced eLearning,True,True
U02225,Risk and Compliance,Associate,Canada - East,Individual Contributor,2024-03-02,2026-06-13,6,2026-06-09,,Live Virtual,False,True
U02226,Retail Banking,Associate,US - Northeast,Individual Contributor,2024-10-07,2026-03-27,3,2026-03-22,,Self-Paced eLearning,False,True
U02227,Capital Markets,Manager,Canada - East,People Manager,2019-06-05,2026-05-02,5,2026-04-27,2026-05-06,Self-Paced eLearning,True,True
U02228,Retail Banking,Manager,US - Northeast,People Manager,2023-05-21,2026-03-15,3,2026-03-09,,Self-Paced eLearning,False,True
U02229,Retail Banking,Relationship Manager,US - Northeast,Individual Contributor,2022-09-03,2026-03-21,3,2026-03-19,2026-04-07,Self-Paced eLearning,False,True
U02230,Commercial Banking,Manager,US - Northeast,People Manager,2022-07-30,2026-02-02,2,2026-02-01,2026-02-15,In-Person Workshop,False,True
U02231,Operations,Operations Specialist,Canada - East,Individual Contributor,2020-10-04,2026-06-10,6,2026-06-07,,Self-Paced eLearning,False,True
U02232,Commercial Banking,Relationship Manager,Europe,Individual Contributor,2024-05-19,2026-04-03,4,2026-04-01,2026-04-07,Manager-Led Briefing,False,True
U02233,Retail Banking,Relationship Manager,Canada - East,Individual Contributor,2022-03-19,2026-01-14,1,2026-01-09,,Self-Paced eLearning,True,True
U02234,Corporate Functions,Associate,Canada - West,Individual Contributor,2019-05-07,2026-01-20,1,2026-01-19,,Self-Paced eLearning,False,True
U02235,Capital Markets,Developer,APAC,Individual Contributor,2016-10-28,2026-02-11,2,2026-02-10,2026-02-18,In-Person Workshop,False,True
U02236,Risk and Compliance,Director,Canada - East,Senior Leader,2025-01-17,2026-04-28,5,2026-04-24,2026-04-28,Self-Paced eLearning,False,True
U02237,Retail Banking,Relationship Manager,US - Midwest,Individual Contributor,2021-04-04,2026-04-12,4,2026-04-09,2026-04-27,In-Person Workshop,False,True
U02238,Operations,Analyst,US - Northeast,Individual Contributor,2022-08-27,2026-04-27,5,2026-04-26,2026-05-04,Self-Paced eLearning,False,True
U02239,Operations,Operations Specialist,Canada - East,Individual Contributor,2022-08-26,2026-03-12,3,2026-03-08,,Live Virtual,True,False
U02240,Technology,Analyst,Europe,Individual Contributor,2022-07-21,2026-01-18,1,2026-01-15,2026-01-19,Live Virtual,False,True
U02241,Operations,Associate,US - Northeast,Individual Contributor,2020-07-31,2026-05-01,5,2026-04-30,2026-05-19,Self-Paced eLearning,False,True
U02242,Retail Banking,Analyst,Canada - East,Individual Contributor,2018-01-20,2026-04-07,4,2026-04-05,2026-04-22,Self-Paced eLearning,False,False
U02243,Operations,Operations Specialist,Canada - West,Individual Contributor,2024-08-27,2026-02-01,1,2026-02-01,2026-02-20,Live Virtual,False,True
U02244,Retail Banking,Relationship Manager,Canada - West,Individual Contributor,2016-08-10,2026-06-19,6,2026-06-16,2026-06-21,Live Virtual,False,True
U02245,Operations,Operations Specialist,Canada - West,Individual Contributor,2017-02-03,2026-03-21,3,2026-03-14,,Self-Paced eLearning,False,False
U02246,Retail Banking,Relationship Manager,Canada - East,Individual Contributor,2019-02-13,2026-06-09,6,2026-06-08,,In-Person Workshop,False,True
U02247,Retail Banking,Analyst,US - Northeast,Individual Contributor,2022-05-12,2026-03-21,3,2026-03-17,,Self-Paced eLearning,False,True
U02248,Commercial Banking,Analyst,Canada - East,Individual Contributor,2024-07-03,2026-03-31,4,2026-03-29,,In-Person Workshop,False,False
U02249,Operations,Operations Specialist,Canada - East,Individual Contributor,2017-10-15,2026-02-13,2,2026-02-09,2026-02-19,In-Person Workshop,False,True
U02250,Operations,Associate,Canada - East,Individual Contributor,2025-04-05,2026-04-17,4,2026-04-16,2026-04-27,Live Virtual,False,True
U02251,Technology,Analyst,APAC,Individual Contributor,2024-05-27,2026-03-10,3,2026-03-09,,Self-Paced eLearning,False,True
U02252,Capital Markets,Analyst,Canada - East,Individual Contributor,2023-05-12,2026-01-18,1,2026-01-15,2026-01-26,Live Virtual,False,True
U02253,Operations,Operations Specialist,Europe,Individual Contributor,2016-12-16,2026-02-20,2,2026-02-13,2026-02-28,Live Virtual,False,True
U02254,Commercial Banking,Relationship Manager,APAC,Individual Contributor,2023-05-28,2026-02-19,2,2026-02-19,2026-03-03,Manager-Led Briefing,False,True
U02255,Corporate Functions,Manager,US - Northeast,People Manager,2023-08-26,2026-03-28,3,2026-03-23,,Manager-Led Briefing,False,True
U02256,Technology,Associate,Canada - West,Individual Contributor,2021-03-18,2026-01-05,1,2025-12-30,2026-01-07,Self-Paced eLearning,False,True
U02257,Risk and Compliance,Director,Canada - East,Senior Leader,2024-03-22,2026-04-27,5,2026-04-24,2026-05-06,Manager-Led Briefing,False,True
U02258,Wealth Management,Relationship Manager,US - Northeast,Individual Contributor,2024-07-07,,3,2026-02-27,2026-03-13,In-Person Workshop,False,False
U02259,Retail Banking,Relationship Manager,US - Midwest,Individual Contributor,2017-07-27,2026-05-04,5,2026-05-01,2026-05-05,Live Virtual,False,True
U02260,Operations,Associate,Canada - East,Individual Contributor,2018-09-19,2026-04-27,5,2026-04-24,,Self-Paced eLearning,False,True
U02261,Commercial Banking,Relationship Manager,Canada - East,Individual Contributor,2023-06-14,2026-05-28,6,2026-05-23,,Live Virtual,False,True
U02262,Corporate Functions,Analyst,US - Northeast,Individual Contributor,2020-10-08,2026-04-20,4,2026-04-18,2026-04-22,Live Virtual,False,True
U02263,Operations,Operations Specialist,Canada - West,Individual Contributor,2025-10-14,2026-04-11,4,2026-04-07,2026-04-12,Self-Paced eLearning,,True
U02264,Retail Banking,Manager,Canada - West,People Manager,2019-08-12,2026-02-13,2,2026-02-08,,Self-Paced eLearning,False,True
U02265,Technology,Developer,US - Midwest,Individual Contributor,2017-03-03,2026-02-05,2,2026-02-01,2026-02-13,Live Virtual,False,True
U02266,Retail Banking,Associate,US - Northeast,Individual Contributor,2023-06-25,2026-06-09,6,2026-06-04,2026-06-17,Self-Paced eLearning,False,True
U02267,Capital Markets,Analyst,Europe,Individual Contributor,2021-05-04,2026-02-25,2,2026-02-22,2026-03-01,Self-Paced eLearning,False,True
U02268,Technology,Developer,US - Northeast,Individual Contributor,2016-10-07,2026-01-30,1,2026-01-27,2026-02-09,Manager-Led Briefing,False,True
U02269,Capital Markets,Manager,US - Midwest,People Manager,2016-12-11,2026-02-08,2,2026-02-04,2026-02-18,Self-Paced eLearning,False,True
U02270,Risk and Compliance,Risk Analyst,Europe,Individual Contributor,2024-06-15,2026-04-06,4,2026-04-02,2026-04-06,Self-Paced eLearning,False,True
U02271,Commercial Banking,Relationship Manager,Canada - East,Individual Contributor,2016-12-14,2026-04-23,4,2026-04-16,,Live Virtual,True,True
U02272,Commercial Banking,Director,Canada - West,Senior Leader,2024-11-26,2026-03-22,3,2026-03-20,2026-04-09,Live Virtual,False,True
U02273,Capital Markets,Associate,US - Northeast,Individual Contributor,2017-05-25,2026-01-15,1,2026-01-14,,Live Virtual,True,True
U02274,Wealth Management,Manager,Canada - East,People Manager,2023-07-23,2026-03-28,3,2026-03-28,2026-04-12,In-Person Workshop,False,True
U02275,Risk and Compliance,Risk Analyst,Canada - East,Individual Contributor,2021-11-21,2026-04-11,4,2026-04-04,2026-04-25,Live Virtual,True,True
U02276,Retail Banking,Analyst,US - Midwest,Individual Contributor,2016-07-27,2026-02-17,2,2026-02-13,2026-02-19,Self-Paced eLearning,False,True
U02277,Technology,Analyst,Europe,Individual Contributor,2022-09-24,2026-02-24,2,2026-02-24,2026-03-03,In-Person Workshop,False,True
U02278,Retail Banking,Relationship Manager,US - Northeast,Individual Contributor,2019-04-21,2026-01-29,1,2026-01-24,,Live Virtual,False,True
U02279,Risk and Compliance,Risk Analyst,APAC,Individual Contributor,2020-07-18,2026-04-29,5,2026-04-27,2026-05-09,Manager-Led Briefing,False,True
U02280,Commercial Banking,Manager,APAC,People Manager,2021-08-29,2026-05-30,6,2026-05-27,,Live Virtual,False,True
U02281,Operations,Operations Specialist,Canada - East,Individual Contributor,2025-08-05,2026-02-26,2,2026-02-22,,Self-Paced eLearning,False,True
U02282,Retail Banking,Relationship Manager,APAC,Individual Contributor,2019-11-08,2026-02-12,2,2026-02-11,2026-02-16,Self-Paced eLearning,False,True
U02283,Operations,Manager,US - Northeast,People Manager,2017-02-03,2026-06-12,6,2026-06-05,2026-06-10,Live Virtual,False,True
U02284,Capital Markets,Manager,Canada - West,People Manager,2022-08-15,2026-04-24,4,2026-04-20,2026-05-05,Self-Paced eLearning,False,True
U02285,Retail Banking,Manager,Europe,People Manager,2017-11-08,2026-05-26,6,2026-05-23,2026-05-26,Self-Paced eLearning,False,True
U02286,Retail Banking,Associate,US - Northeast,Individual Contributor,2024-12-15,2026-03-15,3,2026-03-13,,Self-Paced eLearning,False,True
U02287,Risk and Compliance,Manager,Canada - East,People Manager,2021-10-30,2026-05-09,5,2026-05-05,2026-05-09,Self-Paced eLearning,False,True
U02288,Capital Markets,Associate,Canada - West,Individual Contributor,2022-06-17,2026-02-08,2,2026-02-08,2026-02-22,Self-Paced eLearning,False,True
U02289,Retail Banking,Associate,US - Midwest,Individual Contributor,2023-05-06,2026-03-16,3,2026-03-16,2026-04-06,In-Person Workshop,False,True
U02290,Operations,Operations Specialist,Canada - East,Individual Contributor,2016-07-31,2026-05-29,6,2026-05-22,2026-06-02,Live Virtual,False,True
U02291,Corporate Functions,Analyst,Europe,Individual Contributor,2020-08-09,2026-03-26,3,2026-03-25,,In-Person Workshop,False,True
U02292,Capital Markets,Director,Europe,Senior Leader,2017-05-31,,1,2026-01-11,2026-01-17,Live Virtual,False,False
U02293,Commercial Banking,Analyst,Canada - West,Individual Contributor,2025-09-16,2026-02-13,2,2026-02-06,,Live Virtual,,True
U02294,Operations,Manager,US - Northeast,People Manager,2019-03-06,2026-06-08,6,2026-06-01,2026-06-20,Self-Paced eLearning,False,True
U02295,Operations,Operations Specialist,US - Northeast,Individual Contributor,2018-09-20,2026-02-25,2,2026-02-25,,Self-Paced eLearning,False,True
U02296,Retail Banking,Manager,APAC,People Manager,2017-09-11,2026-03-31,4,2026-03-24,2026-04-12,Self-Paced eLearning,False,True
U02297,Capital Markets,Analyst,Canada - West,Individual Contributor,2025-07-05,2026-01-29,1,2026-01-25,2026-02-09,Manager-Led Briefing,False,True
U02298,Retail Banking,Associate,Canada - West,Individual Contributor,2018-12-10,2026-01-28,1,2026-01-26,,Live Virtual,False,True
U02299,Retail Banking,Analyst,Europe,Individual Contributor,2023-12-22,2026-03-19,3,2026-03-14,,Self-Paced eLearning,False,True
U02300,Capital Markets,Manager,Canada - East,People Manager,2018-08-24,2026-02-08,2,2026-02-01,2026-02-11,Manager-Led Briefing,False,True
U02301,Corporate Functions,Associate,US - Northeast,Individual Contributor,2022-06-05,2026-03-02,3,2026-02-24,2026-03-09,Self-Paced eLearning,True,True
U02302,Capital Markets,Manager,Canada - East,People Manager,2019-04-04,2026-02-14,2,2026-02-14,2026-02-19,Live Virtual,False,True
U02303,Technology,Manager,Canada - East,People Manager,2025-01-25,2026-01-31,1,2026-01-29,2026-02-05,Self-Paced eLearning,True,True
U02304,Technology,Manager,US - Northeast,People Manager,2021-02-27,2026-01-28,1,2026-01-26,2026-02-09,In-Person Workshop,False,True
U02305,Operations,Operations Specialist,Canada - East,Individual Contributor,2020-08-10,2026-02-04,2,2026-01-28,,Self-Paced eLearning,False,True
U02306,Operations,Operations Specialist,Canada - East,Individual Contributor,2021-10-21,2026-03-05,3,2026-03-05,2026-03-20,Self-Paced eLearning,False,True
U02307,Technology,Developer,Canada - East,Individual Contributor,2019-05-01,2026-01-28,1,2026-01-25,2026-02-03,In-Person Workshop,True,True
U02308,Operations,Operations Specialist,Canada - East,Individual Contributor,2021-01-28,2026-04-05,4,2026-04-02,2026-04-11,In-Person Workshop,False,True
U02309,Commercial Banking,Relationship Manager,Europe,Individual Contributor,2024-08-28,2026-02-01,1,2026-01-30,2026-02-19,Live Virtual,False,True
U02310,Risk and Compliance,Analyst,US - Northeast,Individual Contributor,2025-04-11,2026-04-17,4,2026-04-11,2026-04-21,Manager-Led Briefing,False,True
U02311,Corporate Functions,Operations Specialist,US - Northeast,Individual Contributor,2016-04-15,2026-04-11,4,2026-04-08,,Live Virtual,False,True
U02312,Retail Banking,Relationship Manager,Europe,Individual Contributor,2022-06-23,2026-05-05,5,2026-05-02,2026-05-08,Live Virtual,False,True
U02313,Operations,Operations Specialist,Canada - East,Individual Contributor,2025-01-05,2026-03-28,3,2026-03-26,,Live Virtual,False,True
U02314,Retail Banking,Manager,Canada - West,People Manager,2017-05-31,2026-02-27,2,2026-02-25,2026-03-05,Self-Paced eLearning,False,True
U02315,Operations,Analyst,Europe,Individual Contributor,2020-09-14,2026-04-12,4,2026-04-09,,Self-Paced eLearning,True,True
U02316,Operations,Manager,Canada - West,People Manager,2022-09-24,2026-03-30,4,2026-03-29,2026-04-09,Self-Paced eLearning,False,True
U02317,Retail Banking,Relationship Manager,Europe,Individual Contributor,2025-05-30,2026-04-06,4,2026-04-06,,Self-Paced eLearning,False,True
U02318,Capital Markets,Analyst,Canada - East,Individual Contributor,2024-12-05,2026-03-08,3,2026-03-05,2026-03-11,Self-Paced eLearning,True,True
U02319,Technology,Analyst,Canada - West,Individual Contributor,2017-02-21,2026-02-03,2,2026-02-02,2026-02-06,Live Virtual,False,True
U02320,Risk and Compliance,Risk Analyst,Canada - East,Individual Contributor,2025-03-11,2026-03-02,3,2026-03-02,2026-03-10,Self-Paced eLearning,False,True
U02321,Retail Banking,Associate,Canada - East,Individual Contributor,2025-04-15,2026-03-23,3,2026-03-20,2026-04-03,In-Person Workshop,False,True
U02322,Retail Banking,Associate,US - Northeast,Individual Contributor,2025-05-21,2026-06-07,6,2026-06-07,,Self-Paced eLearning,False,True
U02323,Operations,Operations Specialist,Canada - East,Individual Contributor,2020-05-31,2026-04-09,4,2026-04-04,,Self-Paced eLearning,False,True
U02324,Retail Banking,Associate,Canada - West,Individual Contributor,2024-11-15,2026-02-13,2,2026-02-13,2026-02-28,Live Virtual,False,True
U02325,Retail Banking,Associate,US - Northeast,Individual Contributor,2020-09-08,2026-05-12,5,2026-05-05,,Live Virtual,False,True
U02326,Corporate Functions,Director,APAC,Senior Leader,2021-09-17,2026-02-20,2,2026-02-20,2026-03-07,Live Virtual,False,True
U02327,Retail Banking,Associate,US - Midwest,Individual Contributor,2017-03-03,2026-04-13,4,2026-04-12,2026-04-24,In-Person Workshop,False,True
U02328,Retail Banking,Associate,Canada - East,Individual Contributor,2024-09-15,2026-04-11,4,2026-04-08,,In-Person Workshop,True,True
U02329,Technology,Manager,Europe,People Manager,2020-09-28,2026-01-20,1,2026-01-13,,Self-Paced eLearning,False,True
U02330,Technology,Analyst,US - Midwest,Individual Contributor,2022-07-20,2026-03-05,3,2026-02-27,,Live Virtual,False,True
U02331,Commercial Banking,Relationship Manager,US - Northeast,Individual Contributor,2020-03-18,2026-05-13,5,2026-05-09,,Self-Paced eLearning,True,True
U02332,Operations,Operations Specialist,Canada - West,Individual Contributor,2024-06-01,2026-03-12,3,2026-03-12,,Live Virtual,False,True
U02333,Wealth Management,Relationship Manager,Canada - West,Individual Contributor,2021-06-03,2026-06-12,6,2026-06-08,,Self-Paced eLearning,False,True
U02334,Retail Banking,Analyst,Europe,Individual Contributor,2024-08-19,2026-02-20,2,2026-02-15,2026-02-18,In-Person Workshop,False,True
U02335,Operations,Operations Specialist,Canada - East,Individual Contributor,2018-04-29,2026-05-28,6,2026-05-27,2026-05-31,Live Virtual,False,True
U02336,Commercial Banking,Manager,APAC,People Manager,2021-11-14,2026-06-02,6,2026-06-01,2026-06-20,Live Virtual,True,True
U02337,Risk and Compliance,Manager,Canada - East,People Manager,2020-10-18,2026-05-19,5,2026-05-19,,Self-Paced eLearning,False,True
U02338,Operations,Operations Specialist,US - Northeast,Individual Contributor,2025-09-13,2026-05-31,6,2026-05-30,,Live Virtual,False,True
U02339,Technology,Developer,Canada - West,Individual Contributor,2022-10-25,2026-02-01,1,2026-01-30,,Self-Paced eLearning,False,True
U02340,Retail Banking,Relationship Manager,Canada - West,Individual Contributor,2024-07-03,2026-01-20,1,2026-01-13,2026-01-28,In-Person Workshop,False,True
U02341,Retail Banking,Associate,Canada - East,Individual Contributor,2017-03-18,2026-05-29,6,2026-05-28,2026-06-09,Live Virtual,False,True
U02342,Retail Banking,Associate,Europe,Individual Contributor,2022-01-11,2026-06-05,6,2026-06-01,,Self-Paced eLearning,False,True
U02343,Capital Markets,Analyst,Canada - West,Individual Contributor,2024-02-20,2026-01-29,1,2026-01-24,2026-02-14,Self-Paced eLearning,False,True
U02344,Operations,Associate,Canada - West,Individual Contributor,2017-08-01,2026-03-03,3,2026-02-24,2026-03-17,Self-Paced eLearning,False,True
U02345,Capital Markets,Associate,Canada - East,Individual Contributor,2020-07-13,2026-05-23,5,2026-05-23,2026-06-03,Live Virtual,False,True
U02346,Retail Banking,Relationship Manager,Canada - East,Individual Contributor,2017-03-29,2026-04-24,4,2026-04-24,2026-05-07,Manager-Led Briefing,True,True
U02347,Risk and Compliance,Risk Analyst,Canada - East,Individual Contributor,2025-04-10,2026-06-08,6,2026-06-06,2026-06-09,Self-Paced eLearning,False,True
U02348,Wealth Management,Relationship Manager,Canada - West,Individual Contributor,2017-01-22,2026-03-02,3,2026-03-01,,In-Person Workshop,True,True
U02349,Retail Banking,Manager,Canada - West,People Manager,2023-02-12,2026-03-04,3,2026-02-26,,Live Virtual,False,True
U02350,Retail Banking,Analyst,Canada - East,Individual Contributor,2024-04-20,2026-03-28,3,2026-03-24,2026-04-07,Self-Paced eLearning,True,True
U02351,Retail Banking,Relationship Manager,Europe,Individual Contributor,2019-03-08,2026-01-29,1,2026-01-23,2026-02-12,In-Person Workshop,True,True
U02352,Wealth Management,Associate,APAC,Individual Contributor,2019-12-01,2026-03-11,3,2026-03-07,2026-03-23,Live Virtual,False,True
U02353,Retail Banking,Relationship Manager,Canada - East,Individual Contributor,2020-12-24,2026-05-29,6,2026-05-22,2026-06-03,Live Virtual,True,True
U02354,Technology,Manager,Canada - East,People Manager,2021-01-03,2026-01-27,1,2026-01-27,2026-01-30,In-Person Workshop,True,True
U02355,Operations,Operations Specialist,US - Northeast,Individual Contributor,2025-06-16,2026-05-01,5,2026-04-29,,Self-Paced eLearning,True,True
U02356,Wealth Management,Associate,US - Midwest,Individual Contributor,2025-06-18,2026-03-07,3,2026-03-01,,Live Virtual,False,True
U02357,Technology,Director,Canada - East,Senior Leader,2020-04-16,2026-01-15,1,2026-01-10,2026-01-21,Live Virtual,False,True
U02358,Technology,Analyst,US - Northeast,Individual Contributor,2022-10-16,2026-03-22,3,2026-03-18,2026-03-25,In-Person Workshop,False,True
U02359,Corporate Functions,Associate,APAC,Individual Contributor,2018-12-18,2026-04-27,5,2026-04-22,2026-05-12,Self-Paced eLearning,False,True
U02360,Retail Banking,Relationship Manager,Canada - East,Individual Contributor,2023-03-12,2026-04-26,4,2026-04-21,2026-04-26,Live Virtual,False,False
U02361,Wealth Management,Director,Canada - East,Senior Leader,2017-06-09,2026-03-22,3,2026-03-20,2026-03-27,Live Virtual,False,True
U02362,Retail Banking,Director,Canada - West,Senior Leader,2018-08-16,2026-06-17,6,2026-06-16,2026-06-22,Self-Paced eLearning,False,True
U02363,Technology,Analyst,Europe,Individual Contributor,2017-12-17,2026-01-07,1,2026-01-05,2026-01-14,Self-Paced eLearning,False,False
U02364,Risk and Compliance,Manager,Canada - West,People Manager,2022-11-08,2026-04-07,4,2026-03-31,,Live Virtual,True,True
U02365,Commercial Banking,Relationship Manager,Europe,Individual Contributor,2022-05-04,2026-04-12,4,2026-04-05,2026-04-15,Self-Paced eLearning,False,True
U02366,Commercial Banking,Relationship Manager,US - Northeast,Individual Contributor,2016-08-19,2026-01-26,1,2026-01-26,2026-02-09,Live Virtual,False,True
U02367,Retail Banking,Relationship Manager,Canada - West,Individual Contributor,2019-07-02,2026-04-15,4,2026-04-13,,Live Virtual,False,True
U02368,Operations,Operations Specialist,Europe,Individual Contributor,2022-09-13,2026-02-14,2,2026-02-13,,Self-Paced eLearning,False,True
U02369,Operations,Manager,Europe,People Manager,2024-02-02,2026-06-04,6,2026-05-28,2026-06-10,Manager-Led Briefing,False,True
U02370,Technology,Associate,Europe,Individual Contributor,2019-05-26,2026-03-27,3,2026-03-24,2026-04-07,Live Virtual,False,True
U02371,Technology,Analyst,US - Northeast,Individual Contributor,2019-06-01,2026-03-08,3,2026-03-06,2026-03-20,In-Person Workshop,False,True
U02372,Operations,Analyst,Canada - East,Individual Contributor,2021-01-18,2026-05-22,5,2026-05-15,2026-06-03,Live Virtual,False,True
U02373,Operations,Operations Specialist,APAC,Individual Contributor,2017-01-01,2026-03-27,3,2026-03-20,2026-03-29,Live Virtual,False,True
U02374,Retail Banking,Relationship Manager,Canada - East,Individual Contributor,2019-10-26,2026-03-31,4,2026-03-27,,Self-Paced eLearning,False,True
U02375,Operations,Operations Specialist,Canada - West,Individual Contributor,2022-06-09,2026-04-06,4,2026-03-31,,In-Person Workshop,False,True
U02376,Retail Banking,Relationship Manager,US - Northeast,Individual Contributor,2022-10-03,2026-03-06,3,2026-03-01,,Live Virtual,False,True
U02377,Risk and Compliance,Risk Analyst,Europe,Individual Contributor,2017-12-21,2026-05-09,5,2026-05-06,2026-05-09,Manager-Led Briefing,True,True
U02378,Commercial Banking,Associate,Europe,Individual Contributor,2024-04-28,2026-04-23,4,2026-04-16,2026-05-06,Live Virtual,False,True
U02379,Retail Banking,Associate,APAC,Individual Contributor,2022-11-08,2026-02-20,2,2026-02-20,,Self-Paced eLearning,True,True
U02380,Commercial Banking,Associate,Canada - West,Individual Contributor,2022-05-26,2026-02-19,2,2026-02-16,2026-02-23,Self-Paced eLearning,False,True
U02381,Wealth Management,Relationship Manager,US - Midwest,Individual Contributor,2024-04-06,2026-01-28,1,2026-01-25,,Self-Paced eLearning,True,True
U02382,Retail Banking,Analyst,Europe,Individual Contributor,2022-07-05,2026-04-07,4,2026-04-05,,In-Person Workshop,False,True
U02383,Retail Banking,Relationship Manager,Canada - West,Individual Contributor,2017-08-04,2026-02-18,2,2026-02-17,2026-02-26,In-Person Workshop,False,True
U02384,Retail Banking,Relationship Manager,Europe,Individual Contributor,2022-10-06,2026-05-17,5,2026-05-12,2026-05-23,In-Person Workshop,False,True
U02385,Retail Banking,Relationship Manager,Canada - East,Individual Contributor,2020-11-05,2026-04-07,4,2026-04-05,2026-04-16,Self-Paced eLearning,False,True
U02386,Capital Markets,Associate,APAC,Individual Contributor,2016-06-27,2026-01-08,1,2026-01-01,,Self-Paced eLearning,False,True
U02387,Corporate Functions,Analyst,Canada - West,Individual Contributor,2017-05-25,2026-04-03,4,2026-03-28,2026-04-18,Self-Paced eLearning,False,True
U02388,Retail Banking,Relationship Manager,US - Northeast,Individual Contributor,2024-07-04,2026-06-20,6,2026-06-14,,Live Virtual,False,True
U02389,Capital Markets,Director,Canada - West,Senior Leader,2022-04-23,2026-03-29,3,2026-03-27,,Live Virtual,False,True
U02390,Retail Banking,Associate,Canada - West,Individual Contributor,2024-04-24,2026-02-09,2,2026-02-05,2026-02-14,In-Person Workshop,False,True
U02391,Commercial Banking,Relationship Manager,Canada - East,Individual Contributor,2024-07-18,2026-03-08,3,2026-03-05,2026-03-23,In-Person Workshop,False,True
U02392,Capital Markets,Analyst,Canada - East,Individual Contributor,2017-10-05,2026-03-02,3,2026-02-26,2026-03-07,Self-Paced eLearning,True,True
U02393,Operations,Manager,Canada - East,People Manager,2020-02-14,2026-05-07,5,2026-05-04,2026-05-15,Live Virtual,False,True
U02394,Retail Banking,Relationship Manager,Canada - West,Individual Contributor,2021-10-03,2026-03-15,3,2026-03-12,,Live Virtual,False,True
U02395,Commercial Banking,Associate,US - Northeast,Individual Contributor,2019-09-05,2026-05-13,5,2026-05-12,,Self-Paced eLearning,False,True
U02396,Corporate Functions,Analyst,Europe,Individual Contributor,2021-05-22,2026-03-30,4,2026-03-30,,Self-Paced eLearning,False,True
U02397,Retail Banking,Associate,APAC,Individual Contributor,2023-05-30,2026-04-14,4,2026-04-08,2026-04-28,Self-Paced eLearning,False,True
U02398,Retail Banking,Analyst,US - Northeast,Individual Contributor,2020-09-13,2026-02-04,2,2026-02-01,2026-02-21,In-Person Workshop,False,True
U02399,Retail Banking,Associate,US - Midwest,Individual Contributor,2024-06-25,2026-01-28,1,2026-01-28,2026-02-06,In-Person Workshop,True,True
U02400,Technology,Analyst,Canada - East,Individual Contributor,2025-01-12,2026-03-25,3,2026-03-23,2026-04-11,Self-Paced eLearning,False,True
U02401,Commercial Banking,Analyst,Europe,Individual Contributor,2016-09-08,2026-04-05,4,2026-03-30,2026-04-04,Self-Paced eLearning,False,True
U02402,Wealth Management,Relationship Manager,US - Northeast,Individual Contributor,2024-08-31,2026-04-07,4,2026-04-07,2026-04-10,Self-Paced eLearning,False,True
U02403,Capital Markets,Manager,Canada - West,People Manager,2024-09-30,2026-03-18,3,2026-03-16,2026-03-19,Live Virtual,False,True
U02404,Risk and Compliance,Risk Analyst,Canada - West,Individual Contributor,2016-08-28,2026-05-19,5,2026-05-14,2026-05-20,Live Virtual,False,True
U02405,Wealth Management,Manager,APAC,People Manager,2016-05-18,2026-05-25,6,2026-05-21,2026-06-05,Live Virtual,False,True
U02406,Retail Banking,Manager,APAC,People Manager,2023-05-23,2026-01-13,1,2026-01-09,,Self-Paced eLearning,True,True
U02407,Technology,Manager,Canada - East,People Manager,2024-01-26,2026-03-10,3,2026-03-09,2026-03-17,In-Person Workshop,False,True
U02408,Operations,Operations Specialist,Canada - West,Individual Contributor,2020-08-14,2026-04-27,5,2026-04-25,,In-Person Workshop,True,True
U02409,Operations,Associate,Canada - East,Individual Contributor,2017-05-29,2026-03-13,3,2026-03-12,2026-04-02,Self-Paced eLearning,False,True
U02410,Risk and Compliance,Risk Analyst,Canada - West,Individual Contributor,2016-04-10,2026-05-14,5,2026-05-13,2026-05-26,Live Virtual,False,True
U02411,Commercial Banking,Analyst,Canada - East,Individual Contributor,2023-02-15,2026-05-19,5,2026-05-17,2026-06-07,In-Person Workshop,False,True
U02412,Corporate Functions,Analyst,Canada - East,Individual Contributor,2017-09-17,2026-05-24,5,2026-05-21,2026-05-29,Live Virtual,False,True
U02413,Operations,Manager,US - Midwest,People Manager,2025-11-08,2026-05-03,5,2026-04-26,,Self-Paced eLearning,False,True
U02414,Technology,Analyst,US - Northeast,Individual Contributor,2025-05-19,2026-01-29,1,2026-01-29,2026-02-13,Self-Paced eLearning,False,True
U02415,Technology,Developer,Canada - West,Individual Contributor,2021-12-28,2026-01-05,1,2026-01-01,2026-01-09,In-Person Workshop,True,True
U02416,Retail Banking,Manager,Canada - West,People Manager,2022-08-28,,2,2026-02-21,,Self-Paced eLearning,False,False
U02417,Retail Banking,Relationship Manager,Europe,Individual Contributor,2019-12-03,2026-05-27,6,2026-05-21,,Self-Paced eLearning,False,True
U02418,Technology,Analyst,US - Northeast,Individual Contributor,2025-05-19,2026-01-19,1,2026-01-19,2026-01-22,Manager-Led Briefing,True,True
U02419,Retail Banking,Relationship Manager,Canada - West,Individual Contributor,2017-12-01,2026-06-15,6,2026-06-08,2026-06-29,Live Virtual,False,True
U02420,Risk and Compliance,Risk Analyst,US - Midwest,Individual Contributor,2019-06-08,2026-06-12,6,2026-06-11,2026-06-27,Live Virtual,True,True
U02421,Retail Banking,Manager,Canada - East,People Manager,2022-04-10,2026-04-01,4,2026-03-27,,Self-Paced eLearning,False,True
U02422,Retail Banking,Associate,Canada - East,Individual Contributor,2020-05-12,2026-04-06,4,2026-04-06,,In-Person Workshop,False,True
U02423,Capital Markets,Associate,Canada - East,Individual Contributor,2021-07-15,2026-02-23,2,2026-02-19,,Live Virtual,True,True
U02424,Retail Banking,Associate,US - Northeast,Individual Contributor,2020-03-16,2026-04-01,4,2026-03-31,,Live Virtual,True,True
U02425,Risk and Compliance,Analyst,US - Midwest,Individual Contributor,2023-06-20,,1,2026-01-26,,Manager-Led Briefing,True,False
U02426,Capital Markets,Associate,Canada - West,Individual Contributor,2020-09-14,2026-03-11,3,2026-03-04,2026-03-23,Self-Paced eLearning,True,False
U02427,Retail Banking,Associate,US - Northeast,Individual Contributor,2022-01-26,2026-02-21,2,2026-02-17,,Live Virtual,False,True
U02428,Commercial Banking,Relationship Manager,Canada - East,Individual Contributor,2018-06-26,2026-01-23,1,2026-01-22,2026-01-31,Live Virtual,False,False
U02429,Commercial Banking,Relationship Manager,Canada - West,Individual Contributor,2022-01-12,2026-05-24,5,2026-05-23,,Self-Paced eLearning,False,True
U02430,Capital Markets,Associate,US - Northeast,Individual Contributor,2016-05-13,2026-05-27,6,2026-05-25,2026-06-04,Self-Paced eLearning,False,True
U02431,Wealth Management,Relationship Manager,US - Northeast,Individual Contributor,2024-10-28,2026-03-19,3,2026-03-14,2026-03-26,Self-Paced eLearning,False,True
U02432,Capital Markets,Analyst,Canada - East,Individual Contributor,2020-03-04,2026-02-21,2,2026-02-16,,Live Virtual,True,True
U02433,Commercial Banking,Director,US - Midwest,Senior Leader,2024-01-26,2026-03-19,3,2026-03-18,2026-04-07,Live Virtual,False,True
U02434,Operations,Director,Canada - East,Senior Leader,2017-02-28,2026-03-15,3,2026-03-11,2026-03-27,Live Virtual,False,True
U02435,Commercial Banking,Director,Canada - East,Senior Leader,2017-04-14,2026-03-01,2,2026-02-22,,Self-Paced eLearning,False,True
U02436,Corporate Functions,Associate,APAC,Individual Contributor,2020-03-27,2026-04-06,4,2026-04-04,,Live Virtual,False,True
U02437,Commercial Banking,Associate,Canada - East,Individual Contributor,2023-02-24,2026-05-06,5,2026-05-01,2026-05-10,Live Virtual,True,True
U02438,Commercial Banking,Analyst,Europe,Individual Contributor,2017-03-26,2026-04-29,5,2026-04-26,,Self-Paced eLearning,False,True
U02439,Operations,Operations Specialist,Canada - East,Individual Contributor,2024-04-04,2026-03-01,2,2026-03-01,,Live Virtual,False,True
U02440,Capital Markets,Associate,Canada - West,Individual Contributor,2017-01-20,2026-02-25,2,2026-02-25,2026-03-02,Self-Paced eLearning,False,True
U02441,Corporate Functions,Director,Europe,Senior Leader,2022-12-31,2026-02-10,2,2026-02-09,,Live Virtual,False,True
U02442,Retail Banking,Associate,Canada - West,Individual Contributor,2018-11-12,2026-01-14,1,2026-01-13,,In-Person Workshop,True,True
U02443,Retail Banking,Director,Europe,Senior Leader,2025-07-25,2026-02-28,2,2026-02-28,,Live Virtual,False,True
U02444,Technology,Developer,US - Midwest,Individual Contributor,2017-05-22,2026-02-15,2,2026-02-11,2026-02-17,Manager-Led Briefing,False,True
U02445,Technology,Developer,APAC,Individual Contributor,2021-05-24,2026-03-07,3,2026-03-01,2026-03-11,Live Virtual,False,True
U02446,Technology,Developer,US - Midwest,Individual Contributor,2023-12-08,2026-01-11,1,2026-01-10,,Self-Paced eLearning,True,True
U02447,Retail Banking,Manager,Canada - East,People Manager,2021-08-19,2026-01-18,1,2026-01-15,,Live Virtual,True,True
U02448,Operations,Analyst,US - Northeast,Individual Contributor,2025-09-12,2026-03-04,3,2026-03-02,2026-03-16,Live Virtual,False,True
U02449,Commercial Banking,Analyst,US - Northeast,Individual Contributor,2023-12-07,2026-06-10,6,2026-06-08,2026-06-17,Self-Paced eLearning,True,True
U02450,Commercial Banking,Relationship Manager,Europe,Individual Contributor,2016-05-21,2026-05-18,5,2026-05-11,2026-05-15,In-Person Workshop,False,True
U02451,Commercial Banking,Analyst,APAC,Individual Contributor,2023-12-11,2026-02-09,2,2026-02-04,,Self-Paced eLearning,False,True
U02452,Capital Markets,Associate,Canada - West,Individual Contributor,2017-06-06,2026-02-19,2,2026-02-13,2026-02-28,Live Virtual,False,True
U02453,Commercial Banking,Associate,US - Midwest,Individual Contributor,2024-05-15,2026-04-25,4,2026-04-20,2026-05-04,Self-Paced eLearning,False,True
U02454,Wealth Management,Manager,US - Northeast,People Manager,2023-04-22,2026-04-01,4,2026-03-30,2026-04-03,Live Virtual,False,True
U02455,Commercial Banking,Relationship Manager,Canada - East,Individual Contributor,2025-11-21,2026-05-07,5,2026-05-03,2026-05-08,Self-Paced eLearning,False,True
U02456,Technology,Director,Canada - West,Senior Leader,2023-11-28,,2,2026-01-30,2026-02-19,Self-Paced eLearning,True,False
U02457,Commercial Banking,Analyst,APAC,Individual Contributor,2017-11-21,2026-04-05,4,2026-04-02,2026-04-10,Live Virtual,False,True
U02458,Retail Banking,Manager,Canada - East,People Manager,2019-02-04,2026-02-16,2,2026-02-09,2026-02-22,Self-Paced eLearning,False,True
U02459,Retail Banking,Associate,Europe,Individual Contributor,2025-05-05,2026-01-06,1,2026-01-01,2026-01-06,Live Virtual,False,True
U02460,Technology,Analyst,US - Midwest,Individual Contributor,2022-11-21,2026-05-09,5,2026-05-03,2026-05-15,Manager-Led Briefing,True,True
U02461,Risk and Compliance,Manager,US - Northeast,People Manager,2019-12-03,,4,2026-04-12,2026-04-30,In-Person Workshop,True,False
U02462,Commercial Banking,Analyst,US - Northeast,Individual Contributor,2025-11-03,2026-05-25,6,2026-05-24,2026-06-02,In-Person Workshop,False,True
U02463,Retail Banking,Relationship Manager,Canada - East,Individual Contributor,2025-11-02,2026-02-06,2,2026-01-31,2026-02-13,Live Virtual,False,True
U02464,Commercial Banking,Analyst,US - Midwest,Individual Contributor,2024-04-27,2026-06-07,6,2026-06-02,,Self-Paced eLearning,False,True
U02465,Retail Banking,Relationship Manager,Canada - East,Individual Contributor,2018-02-03,2026-04-27,5,2026-04-21,2026-04-30,Self-Paced eLearning,False,True
U02466,Capital Markets,Manager,Canada - West,People Manager,2024-03-31,2026-02-04,2,2026-02-02,,Live Virtual,True,True
U02467,Wealth Management,Relationship Manager,Canada - West,Individual Contributor,2018-01-19,2026-05-16,5,2026-05-13,2026-05-26,Self-Paced eLearning,False,True
U02468,Commercial Banking,Relationship Manager,Canada - West,Individual Contributor,2019-10-12,2026-02-26,2,2026-02-26,,Live Virtual,False,True
U02469,Commercial Banking,Manager,Europe,People Manager,2019-03-19,2026-05-03,5,2026-04-26,2026-05-17,Live Virtual,False,True
U02470,Operations,Associate,Canada - East,Individual Contributor,2024-11-21,2026-05-27,6,2026-05-27,2026-06-07,Live Virtual,False,True
U02471,Operations,Manager,Canada - West,People Manager,2020-02-09,2026-05-14,5,2026-05-13,,Live Virtual,True,True
U02472,Risk and Compliance,Analyst,Canada - West,Individual Contributor,2016-11-02,2026-03-31,4,2026-03-31,2026-04-10,Live Virtual,False,True
U02473,Capital Markets,Associate,Europe,Individual Contributor,2022-01-26,2026-01-26,1,2026-01-21,,Self-Paced eLearning,False,True
U02474,Technology,Analyst,US - Northeast,Individual Contributor,2023-09-12,2026-02-08,2,2026-02-07,2026-02-25,Manager-Led Briefing,False,True
U02475,Operations,Associate,Canada - West,Individual Contributor,2018-10-01,2026-01-31,1,2026-01-24,,Self-Paced eLearning,False,True
U02476,Retail Banking,Associate,Canada - East,Individual Contributor,2023-10-23,2026-04-05,4,2026-03-29,2026-04-19,Live Virtual,False,True
U02477,Retail Banking,Relationship Manager,US - Midwest,Individual Contributor,2018-11-13,2026-01-28,1,2026-01-26,,Live Virtual,False,True
U02478,Retail Banking,Relationship Manager,Canada - East,Individual Contributor,2021-01-13,2026-06-10,6,2026-06-09,2026-06-23,In-Person Workshop,False,True
U02479,Operations,Associate,Canada - East,Individual Contributor,2025-10-01,2026-02-19,2,2026-02-14,2026-03-04,Self-Paced eLearning,False,True
U02480,Corporate Functions,Analyst,Canada - West,Individual Contributor,2016-03-20,2026-05-13,5,2026-05-06,2026-05-16,Self-Paced eLearning,False,True
U02481,Technology,Developer,US - Northeast,Individual Contributor,2018-03-18,2026-01-16,1,2026-01-14,2026-01-23,Self-Paced eLearning,True,True
U02482,Retail Banking,Associate,US - Northeast,Individual Contributor,2024-01-01,2026-03-13,3,2026-03-06,,Self-Paced eLearning,False,True
U02483,Retail Banking,Relationship Manager,US - Northeast,Individual Contributor,2024-09-20,2026-05-01,5,2026-04-25,,In-Person Workshop,True,True
U02484,Operations,Manager,Canada - East,People Manager,2016-03-24,2026-06-03,6,2026-05-27,2026-06-02,Live Virtual,False,True
U02485,Wealth Management,Associate,APAC,Individual Contributor,2023-05-27,2026-04-25,4,2026-04-19,2026-04-25,Self-Paced eLearning,False,True
U02486,Operations,Manager,Canada - West,People Manager,2020-11-10,2026-03-14,3,2026-03-07,,Live Virtual,False,True
U02487,Capital Markets,Associate,Canada - East,Individual Contributor,2016-08-02,2026-01-09,1,2026-01-05,2026-01-19,In-Person Workshop,False,True
U02488,Wealth Management,Manager,US - Midwest,People Manager,2024-10-15,2026-06-02,6,2026-05-30,,Self-Paced eLearning,False,True
U02489,Retail Banking,Relationship Manager,Canada - East,Individual Contributor,2024-09-14,2026-03-19,3,2026-03-15,,Live Virtual,False,True
U02490,Commercial Banking,Analyst,Canada - West,Individual Contributor,2023-07-06,2026-05-03,5,2026-05-02,2026-05-11,Live Virtual,False,True
U02491,Corporate Functions,Analyst,Canada - East,Individual Contributor,2025-01-25,2026-06-12,6,2026-06-06,,Self-Paced eLearning,False,True
U02492,Operations,Operations Specialist,US - Northeast,Individual Contributor,2018-03-23,,2,2026-02-18,2026-03-03,Manager-Led Briefing,False,False
U02493,Retail Banking,Relationship Manager,Europe,Individual Contributor,2024-08-18,2026-02-24,2,2026-02-23,2026-03-15,Self-Paced eLearning,False,False
U02494,Risk and Compliance,Risk Analyst,US - Northeast,Individual Contributor,2024-10-06,2026-06-17,6,2026-06-13,2026-07-01,Live Virtual,False,True
U02495,Risk and Compliance,Risk Analyst,APAC,Individual Contributor,2021-06-20,,6,2026-05-28,,Self-Paced eLearning,True,False
U02496,Technology,Manager,Canada - West,People Manager,2024-05-13,2026-02-18,2,2026-02-15,2026-02-23,Live Virtual,False,True
U02497,Technology,Developer,Canada - East,Individual Contributor,2017-06-12,2026-01-22,1,2026-01-17,2026-01-31,Live Virtual,False,True
U02498,Retail Banking,Relationship Manager,US - Northeast,Individual Contributor,2024-10-21,2026-02-26,2,2026-02-24,,Manager-Led Briefing,False,True
U02499,Wealth Management,Associate,Canada - West,Individual Contributor,2025-07-23,2026-01-20,1,2026-01-13,2026-02-01,In-Person Workshop,False,True
U02500,Technology,Developer,APAC,Individual Contributor,2024-10-21,2026-02-17,2,2026-02-16,2026-03-08,In-Person Workshop,True,True
U02501,Retail Banking,Relationship Manager,US - Northeast,Individual Contributor,2016-04-02,2026-04-06,4,2026-04-06,,Self-Paced eLearning,False,True
U02502,Commercial Banking,Associate,APAC,Individual Contributor,2019-06-08,2026-01-13,1,2026-01-12,2026-01-27,Self-Paced eLearning,False,True
U02503,Corporate Functions,Manager,Canada - East,People Manager,2024-10-09,2026-03-24,3,2026-03-21,2026-03-30,Live Virtual,False,True
U02504,Wealth Management,Relationship Manager,Canada - West,Individual Contributor,2016-08-30,2026-03-12,3,2026-03-05,2026-03-09,Self-Paced eLearning,False,True
U02505,Retail Banking,Associate,Canada - East,Individual Contributor,2019-04-27,2026-02-11,2,2026-02-08,2026-02-25,Live Virtual,True,True
U02506,Retail Banking,Manager,APAC,People Manager,2023-08-20,2026-02-13,2,2026-02-08,2026-02-20,Live Virtual,False,True
U02507,Corporate Functions,Analyst,US - Northeast,Individual Contributor,2019-08-08,2026-03-26,3,2026-03-26,2026-04-02,Manager-Led Briefing,True,True
U02508,Risk and Compliance,Associate,Canada - East,Individual Contributor,2025-05-04,2026-04-04,4,2026-04-04,2026-04-08,Live Virtual,False,True
U02509,Technology,Manager,US - Northeast,People Manager,2019-09-13,2026-01-05,1,2025-12-31,,Live Virtual,False,True
U02510,Commercial Banking,Manager,Europe,People Manager,2020-09-01,2026-04-18,4,2026-04-15,2026-04-30,In-Person Workshop,False,True
U02511,Technology,Associate,US - Northeast,Individual Contributor,2020-04-26,2026-03-28,3,2026-03-22,2026-04-02,Self-Paced eLearning,True,True
U02512,Operations,Manager,APAC,People Manager,2018-02-16,2026-04-02,4,2026-03-29,,In-Person Workshop,False,True
U02513,Retail Banking,Analyst,Canada - West,Individual Contributor,2023-02-15,2026-06-07,6,2026-06-07,2026-06-28,In-Person Workshop,False,True
U02514,Retail Banking,Relationship Manager,Europe,Individual Contributor,2023-02-11,2026-05-25,6,2026-05-20,,Self-Paced eLearning,False,True
U02515,Retail Banking,Associate,Canada - East,Individual Contributor,2024-08-30,2026-05-31,6,2026-05-25,2026-06-02,Live Virtual,True,True
U02516,Wealth Management,Relationship Manager,Canada - East,Individual Contributor,2016-05-25,2026-05-12,5,2026-05-07,2026-05-20,In-Person Workshop,False,True
U02517,Retail Banking,Associate,US - Northeast,Individual Contributor,2024-08-08,2026-03-06,3,2026-03-06,,Live Virtual,False,True
U02518,Retail Banking,Relationship Manager,Canada - West,Individual Contributor,2016-04-23,2026-02-15,2,2026-02-15,2026-02-24,Self-Paced eLearning,False,True
U02519,Technology,Analyst,US - Midwest,Individual Contributor,2023-08-12,2026-01-19,1,2026-01-15,2026-01-26,Self-Paced eLearning,False,True
U02520,Retail Banking,Associate,Europe,Individual Contributor,2021-12-31,2026-05-25,6,2026-05-20,2026-06-06,In-Person Workshop,False,True
U02521,Retail Banking,Relationship Manager,Canada - East,Individual Contributor,2024-10-04,2026-06-01,6,2026-05-26,,Self-Paced eLearning,False,True
U02522,Technology,Developer,Canada - East,Individual Contributor,2021-09-18,2026-01-26,1,2026-01-24,2026-02-02,Manager-Led Briefing,False,True
U02523,Operations,Manager,Canada - West,People Manager,2025-05-31,2026-03-25,3,2026-03-18,,Self-Paced eLearning,False,True
U02524,Commercial Banking,Associate,Canada - East,Individual Contributor,2019-08-09,2026-04-21,4,2026-04-15,2026-05-02,Self-Paced eLearning,False,True
U02525,Risk and Compliance,Director,US - Northeast,Senior Leader,2024-03-06,2026-04-07,4,2026-03-31,2026-04-05,Live Virtual,False,True
U02526,Retail Banking,Associate,Canada - East,Individual Contributor,2024-02-16,2026-02-19,2,2026-02-19,,In-Person Workshop,False,True
U02527,Risk and Compliance,Risk Analyst,Canada - West,Individual Contributor,2020-09-18,2026-06-11,6,2026-06-07,2026-06-25,Self-Paced eLearning,False,True
U02528,Risk and Compliance,Manager,US - Northeast,People Manager,2019-08-12,2026-04-03,4,2026-03-31,,Self-Paced eLearning,False,False
U02529,Wealth Management,Relationship Manager,US - Northeast,Individual Contributor,2024-05-20,2026-01-11,1,2026-01-08,2026-01-18,Live Virtual,True,True
U02530,Commercial Banking,Associate,Canada - East,Individual Contributor,2020-11-23,2026-04-13,4,2026-04-08,2026-04-25,Live Virtual,False,True
U02531,Commercial Banking,Relationship Manager,Canada - West,Individual Contributor,2025-01-26,2026-03-07,3,2026-03-04,,Self-Paced eLearning,False,True
U02532,Commercial Banking,Associate,US - Midwest,Individual Contributor,2018-03-07,2026-05-05,5,2026-04-28,2026-05-12,Live Virtual,False,True
U02533,Commercial Banking,Analyst,Canada - East,Individual Contributor,2025-03-27,2026-02-15,2,2026-02-11,2026-03-02,Self-Paced eLearning,False,True
U02534,Retail Banking,Relationship Manager,APAC,Individual Contributor,2018-05-13,2026-06-01,6,2026-06-01,,In-Person Workshop,False,True
U02535,Corporate Functions,Operations Specialist,US - Midwest,Individual Contributor,2018-06-22,2026-01-09,1,2026-01-02,,Live Virtual,True,True
U02536,Commercial Banking,Manager,APAC,People Manager,2023-12-10,,2,2026-02-04,2026-02-25,Live Virtual,False,False
U02537,Wealth Management,Associate,Canada - West,Individual Contributor,2017-10-29,2026-02-20,2,2026-02-19,2026-02-28,Live Virtual,False,True
U02538,Operations,Operations Specialist,Canada - East,Individual Contributor,2018-11-19,2026-05-25,6,2026-05-23,,Live Virtual,False,True
U02539,Retail Banking,Relationship Manager,Canada - West,Individual Contributor,2023-06-03,2026-04-07,4,2026-04-05,2026-04-21,In-Person Workshop,False,True
U02540,Technology,Developer,Canada - West,Individual Contributor,2020-03-25,2026-01-16,1,2026-01-13,2026-01-26,Self-Paced eLearning,False,True
U02541,Technology,Manager,Europe,People Manager,2020-12-16,2026-01-25,1,2026-01-20,2026-01-29,Live Virtual,False,True
U02542,Operations,Operations Specialist,APAC,Individual Contributor,2019-07-02,2026-05-08,5,2026-05-05,,Self-Paced eLearning,False,False
U02543,Operations,Analyst,Canada - West,Individual Contributor,2025-04-22,,4,2026-04-15,2026-05-04,Self-Paced eLearning,True,False
U02544,Retail Banking,Associate,Canada - East,Individual Contributor,2023-04-13,2026-06-14,6,2026-06-10,2026-06-30,Self-Paced eLearning,True,True
U02545,Technology,Developer,Canada - East,Individual Contributor,2017-12-15,2026-04-21,4,2026-04-17,2026-04-20,Self-Paced eLearning,True,True
U02546,Operations,Operations Specialist,Europe,Individual Contributor,2024-10-26,2026-01-08,1,2026-01-05,2026-01-17,Self-Paced eLearning,False,True
U02547,Corporate Functions,Associate,Canada - West,Individual Contributor,2025-09-29,2026-03-16,3,2026-03-15,,Live Virtual,False,True
U02548,Retail Banking,Relationship Manager,Europe,Individual Contributor,2021-04-25,2026-02-09,2,2026-02-08,2026-02-21,Live Virtual,,True
U02549,Operations,Manager,Canada - West,People Manager,2020-05-10,2026-06-10,6,2026-06-07,,Manager-Led Briefing,False,True
U02550,Operations,Associate,US - Northeast,Individual Contributor,2024-09-02,2026-01-30,1,2026-01-26,2026-02-16,Manager-Led Briefing,False,True
U02551,Technology,Developer,US - Midwest,Individual Contributor,2021-02-06,2026-02-25,2,2026-02-22,2026-03-01,In-Person Workshop,False,True
U02552,Technology,Developer,Canada - East,Individual Contributor,2016-11-27,2026-01-16,1,2026-01-16,2026-02-05,Self-Paced eLearning,True,True
U02553,Commercial Banking,Associate,Europe,Individual Contributor,2017-10-19,2026-02-25,2,2026-02-18,,Self-Paced eLearning,False,True
U02554,Corporate Functions,Associate,Canada - East,Individual Contributor,2020-10-27,2026-03-14,3,2026-03-09,2026-03-28,Manager-Led Briefing,False,False
U02555,Operations,Operations Specialist,Canada - West,Individual Contributor,2017-03-31,2026-02-15,2,2026-02-11,2026-02-22,Self-Paced eLearning,False,True
U02556,Commercial Banking,Relationship Manager,APAC,Individual Contributor,2020-12-07,2026-03-17,3,2026-03-17,2026-03-28,Self-Paced eLearning,False,True
U02557,Retail Banking,Analyst,Canada - East,Individual Contributor,2024-02-21,2026-05-14,5,2026-05-12,2026-05-24,Live Virtual,False,True
U02558,Retail Banking,Associate,US - Midwest,Individual Contributor,2017-03-16,2026-06-05,6,2026-06-03,,Live Virtual,False,True
U02559,Technology,Developer,US - Northeast,Individual Contributor,2021-06-23,2026-02-11,2,2026-02-05,2026-02-12,Live Virtual,True,True
U02560,Retail Banking,Manager,US - Midwest,People Manager,2020-02-16,2026-02-09,2,2026-02-04,,Self-Paced eLearning,False,True
U02561,Commercial Banking,Analyst,US - Northeast,Individual Contributor,2020-06-23,2026-02-03,2,2026-02-02,2026-02-09,Live Virtual,False,True
U02562,Commercial Banking,Relationship Manager,APAC,Individual Contributor,2018-02-20,2026-04-17,4,2026-04-13,,Self-Paced eLearning,False,True
U02563,Capital Markets,Associate,US - Northeast,Individual Contributor,2024-01-09,2026-01-24,1,2026-01-22,2026-01-29,Self-Paced eLearning,False,True
U02564,Technology,Associate,Canada - East,Individual Contributor,2018-02-03,2026-04-05,4,2026-03-29,2026-04-19,In-Person Workshop,False,True
U02565,Commercial Banking,Analyst,US - Midwest,Individual Contributor,2017-09-17,2026-03-13,3,2026-03-13,2026-03-23,Live Virtual,False,True
U02566,Operations,Operations Specialist,Canada - East,Individual Contributor,2020-05-11,2026-02-04,2,2026-01-29,,Self-Paced eLearning,False,True
U02567,Retail Banking,Relationship Manager,US - Midwest,Individual Contributor,2023-05-06,2026-03-29,3,2026-03-27,2026-04-03,Self-Paced eLearning,False,True
U02568,Retail Banking,Relationship Manager,US - Northeast,Individual Contributor,2017-12-25,2026-06-18,6,2026-06-14,2026-06-19,Self-Paced eLearning,False,True
U02569,Commercial Banking,Associate,Canada - East,Individual Contributor,2016-03-03,2026-05-03,5,2026-05-02,2026-05-17,In-Person Workshop,False,True
U02570,Corporate Functions,Associate,US - Northeast,Individual Contributor,2017-01-28,2026-05-03,5,2026-04-27,2026-05-14,Self-Paced eLearning,False,True
U02571,Retail Banking,Associate,US - Northeast,Individual Contributor,2019-08-20,2026-02-21,2,2026-02-20,,Live Virtual,False,True
U02572,Technology,Developer,Canada - East,Individual Contributor,2024-06-18,2026-03-12,3,2026-03-09,2026-03-26,Live Virtual,True,True
U02573,Capital Markets,Analyst,Canada - East,Individual Contributor,2020-01-17,2026-02-25,2,2026-02-18,2026-02-28,In-Person Workshop,False,False
U02574,Wealth Management,Associate,US - Midwest,Individual Contributor,2017-07-18,2026-02-04,2,2026-02-01,2026-02-21,Manager-Led Briefing,False,True
U02575,Technology,Developer,Canada - West,Individual Contributor,2020-04-16,2026-02-09,2,2026-02-07,2026-02-25,Live Virtual,False,True
U02576,Commercial Banking,Relationship Manager,Canada - East,Individual Contributor,2016-07-14,2026-03-17,3,2026-03-16,2026-04-02,Self-Paced eLearning,False,True
U02577,Commercial Banking,Director,US - Midwest,Senior Leader,2019-09-11,2026-06-04,6,2026-05-29,2026-06-17,Self-Paced eLearning,True,True
U02578,Wealth Management,Relationship Manager,US - Northeast,Individual Contributor,2024-12-20,2026-05-20,5,2026-05-13,2026-05-19,Live Virtual,False,True
U02579,Retail Banking,Analyst,Canada - East,Individual Contributor,2016-08-06,2026-02-21,2,2026-02-16,,Live Virtual,False,True
U02580,Risk and Compliance,Director,Canada - West,Senior Leader,2019-09-01,2026-06-19,6,2026-06-17,2026-06-26,In-Person Workshop,False,True
U02581,Retail Banking,Director,Canada - West,Senior Leader,2023-08-07,2026-04-14,4,2026-04-07,2026-04-25,In-Person Workshop,False,True
U02582,Wealth Management,Associate,US - Northeast,Individual Contributor,2021-08-18,2026-05-02,5,2026-04-26,2026-05-10,Live Virtual,False,True
U02583,Retail Banking,Associate,Canada - East,Individual Contributor,2020-12-31,2026-02-11,2,2026-02-09,,Self-Paced eLearning,False,True
U02584,Retail Banking,Manager,US - Northeast,People Manager,2021-04-24,2026-05-02,5,2026-04-30,,Self-Paced eLearning,False,True
U02585,Retail Banking,Relationship Manager,Canada - West,Individual Contributor,2019-12-22,2026-01-24,1,2026-01-22,2026-02-11,Self-Paced eLearning,False,True
U02586,Operations,Associate,US - Northeast,Individual Contributor,2020-06-15,2026-01-31,1,2026-01-30,2026-02-06,In-Person Workshop,False,True
U02587,Operations,Operations Specialist,Europe,Individual Contributor,2025-03-29,2026-04-24,4,2026-04-24,2026-05-10,Self-Paced eLearning,False,True
U02588,Retail Banking,Analyst,US - Northeast,Individual Contributor,2018-04-20,2026-04-09,4,2026-04-06,,Self-Paced eLearning,False,True
U02589,Operations,Operations Specialist,US - Northeast,Individual Contributor,2025-04-06,2026-04-07,4,2026-04-01,,Live Virtual,,True
U02590,Operations,Operations Specialist,Canada - West,Individual Contributor,2019-01-07,2026-04-02,4,2026-03-28,2026-04-03,Live Virtual,False,True
U02591,Capital Markets,Director,Canada - East,Senior Leader,2019-08-11,2026-04-02,4,2026-04-01,2026-04-20,Manager-Led Briefing,False,True
U02592,Risk and Compliance,Risk Analyst,Canada - East,Individual Contributor,2017-11-17,2026-03-23,3,2026-03-17,2026-03-31,Self-Paced eLearning,True,True
U02593,Commercial Banking,Analyst,US - Midwest,Individual Contributor,2025-05-19,2026-03-11,3,2026-03-05,2026-03-14,Self-Paced eLearning,True,True
U02594,Retail Banking,Relationship Manager,Canada - East,Individual Contributor,2022-08-27,2026-03-09,3,2026-03-02,2026-03-18,In-Person Workshop,False,True
U02595,Operations,Associate,Canada - East,Individual Contributor,2019-06-13,2026-03-04,3,2026-02-26,2026-03-12,In-Person Workshop,False,True
U02596,Risk and Compliance,Risk Analyst,US - Northeast,Individual Contributor,2024-07-14,2026-01-29,1,2026-01-26,2026-02-02,In-Person Workshop,False,True
U02597,Retail Banking,Relationship Manager,Europe,Individual Contributor,2018-10-13,2026-01-22,1,2026-01-20,2026-01-24,Live Virtual,True,True
U02598,Operations,Operations Specialist,Europe,Individual Contributor,2023-04-29,2026-03-03,3,2026-02-28,,In-Person Workshop,False,True
U02599,Corporate Functions,Manager,Canada - West,People Manager,2022-07-19,2026-02-20,2,2026-02-18,,Live Virtual,False,True
U02600,Corporate Functions,Analyst,APAC,Individual Contributor,2021-09-28,2026-02-08,2,2026-02-08,,Self-Paced eLearning,False,True
U02601,Operations,Associate,Canada - East,Individual Contributor,2022-06-13,2026-06-02,6,2026-06-01,2026-06-07,Live Virtual,False,True
U02602,Commercial Banking,Relationship Manager,Canada - East,Individual Contributor,2018-08-24,2026-03-30,4,2026-03-30,2026-04-07,Live Virtual,False,True
U02603,Operations,Operations Specialist,Canada - East,Individual Contributor,2021-05-18,2026-04-07,4,2026-04-06,,Live Virtual,,True
U02604,Capital Markets,Manager,US - Northeast,People Manager,2024-03-31,2026-02-03,2,2026-02-02,2026-02-10,In-Person Workshop,False,True
U02605,Retail Banking,Relationship Manager,Canada - East,Individual Contributor,2025-01-28,,6,2026-06-08,2026-06-11,Manager-Led Briefing,False,False
U02606,Retail Banking,Associate,Canada - East,Individual Contributor,2018-01-16,2026-03-01,2,2026-03-01,,Self-Paced eLearning,False,True
U02607,Commercial Banking,Analyst,Europe,Individual Contributor,2019-03-11,2026-02-26,2,2026-02-21,2026-03-01,Self-Paced eLearning,False,True
U02608,Retail Banking,Manager,US - Northeast,People Manager,2021-10-04,2026-01-05,1,2025-12-30,,Self-Paced eLearning,False,True
U02609,Commercial Banking,Analyst,Canada - West,Individual Contributor,2022-12-04,2026-01-06,1,2026-01-03,2026-01-15,Self-Paced eLearning,False,True
U02610,Operations,Manager,Europe,People Manager,2025-07-11,2026-05-20,5,2026-05-15,,Live Virtual,False,True
U02611,Risk and Compliance,Analyst,Canada - East,Individual Contributor,2019-10-01,2026-05-14,5,2026-05-13,,Live Virtual,False,True
U02612,Wealth Management,Relationship Manager,US - Midwest,Individual Contributor,2023-06-18,2026-03-17,3,2026-03-17,2026-04-05,Manager-Led Briefing,False,True
U02613,Technology,Manager,US - Northeast,People Manager,2018-05-14,2026-02-01,1,2026-01-28,2026-02-14,Live Virtual,False,True
U02614,Capital Markets,Analyst,Europe,Individual Contributor,2018-09-20,2026-02-13,2,2026-02-08,2026-02-18,Live Virtual,False,False
U02615,Retail Banking,Manager,US - Northeast,People Manager,2022-02-13,2026-06-12,6,2026-06-06,2026-06-20,In-Person Workshop,False,True
U02616,Technology,Developer,Canada - East,Individual Contributor,2020-08-10,2026-01-28,1,2026-01-24,2026-02-09,In-Person Workshop,True,True
U02617,Retail Banking,Manager,Europe,People Manager,2020-04-24,2026-02-05,2,2026-02-02,2026-02-18,Live Virtual,True,True
U02618,Risk and Compliance,Analyst,APAC,Individual Contributor,2021-02-07,2026-04-29,5,2026-04-27,2026-05-07,Self-Paced eLearning,True,True
U02619,Wealth Management,Associate,US - Northeast,Individual Contributor,2020-06-05,2026-03-16,3,2026-03-10,,Manager-Led Briefing,True,True
U02620,Risk and Compliance,Manager,US - Northeast,People Manager,2025-10-27,2026-05-13,5,2026-05-08,2026-05-15,Self-Paced eLearning,False,True
U02621,Risk and Compliance,Manager,Europe,People Manager,2023-08-12,2026-04-14,4,2026-04-12,2026-04-22,Self-Paced eLearning,False,True
U02622,Corporate Functions,Director,US - Northeast,Senior Leader,2021-10-21,2026-03-28,3,2026-03-22,2026-04-12,Manager-Led Briefing,False,True
U02623,Retail Banking,Relationship Manager,Canada - West,Individual Contributor,2025-11-09,2026-01-19,1,2026-01-14,2026-02-02,Manager-Led Briefing,False,True
U02624,Risk and Compliance,Risk Analyst,Europe,Individual Contributor,2022-10-24,2026-05-01,5,2026-04-24,2026-05-01,Self-Paced eLearning,False,True
U02625,Technology,Developer,APAC,Individual Contributor,2020-03-24,2026-01-25,1,2026-01-25,2026-02-08,In-Person Workshop,False,True
U02626,Operations,Director,Europe,Senior Leader,2019-01-04,2026-03-05,3,2026-03-05,2026-03-26,Self-Paced eLearning,True,True
U02627,Technology,Analyst,APAC,Individual Contributor,2020-12-02,2026-01-10,1,2026-01-10,2026-01-17,Self-Paced eLearning,True,True
U02628,Operations,Operations Specialist,US - Northeast,Individual Contributor,2023-10-25,2026-06-10,6,2026-06-07,2026-06-18,Self-Paced eLearning,False,True
U02629,Operations,Associate,Canada - East,Individual Contributor,2018-10-29,2026-05-04,5,2026-04-29,,Self-Paced eLearning,False,True
U02630,Retail Banking,Director,Canada - West,Senior Leader,2017-05-01,2026-05-03,5,2026-04-28,2026-05-10,Live Virtual,False,True
U02631,Retail Banking,Relationship Manager,US - Northeast,Individual Contributor,2021-09-14,2026-06-01,6,2026-05-26,,Manager-Led Briefing,False,True
U02632,Technology,Director,Canada - East,Senior Leader,2019-02-24,2026-02-10,2,2026-02-07,2026-02-13,Manager-Led Briefing,True,True
U02633,Risk and Compliance,Analyst,Canada - East,Individual Contributor,2024-02-06,2026-06-03,6,2026-05-31,2026-06-11,Live Virtual,True,True
U02634,Commercial Banking,Analyst,APAC,Individual Contributor,2017-12-20,2026-06-14,6,2026-06-08,2026-06-15,Live Virtual,False,True
U02635,Technology,Developer,Canada - East,Individual Contributor,2025-05-02,2026-01-15,1,2026-01-11,2026-01-26,Self-Paced eLearning,False,True
U02636,Operations,Operations Specialist,US - Northeast,Individual Contributor,2023-03-11,2026-06-20,6,2026-06-14,,Self-Paced eLearning,False,True
U02637,Technology,Developer,Canada - East,Individual Contributor,2021-04-27,2026-01-10,1,2026-01-05,2026-01-11,Live Virtual,False,True
U02638,Retail Banking,Relationship Manager,Canada - East,Individual Contributor,2021-12-19,2026-03-15,3,2026-03-13,2026-03-18,Live Virtual,False,True
U02639,Wealth Management,Analyst,US - Northeast,Individual Contributor,2022-10-19,2026-04-04,4,2026-04-03,2026-04-21,Live Virtual,False,True
U02640,Retail Banking,Analyst,Canada - East,Individual Contributor,2024-05-13,2026-06-09,6,2026-06-04,,Self-Paced eLearning,True,True
U02641,Capital Markets,Analyst,US - Northeast,Individual Contributor,2017-08-17,2026-03-11,3,2026-03-04,2026-03-20,Live Virtual,False,True
U02642,Capital Markets,Analyst,Canada - East,Individual Contributor,2021-08-20,2026-01-31,1,2026-01-30,2026-02-03,Self-Paced eLearning,True,True
U02643,Technology,Developer,US - Northeast,Individual Contributor,2018-03-22,2026-03-01,2,2026-02-28,2026-03-14,In-Person Workshop,False,True
U02644,Risk and Compliance,Analyst,APAC,Individual Contributor,2023-08-22,2026-06-19,6,2026-06-18,,In-Person Workshop,False,True
U02645,Operations,Analyst,US - Northeast,Individual Contributor,2023-03-14,2026-04-12,4,2026-04-12,2026-04-17,Live Virtual,False,True
U02646,Risk and Compliance,Analyst,US - Northeast,Individual Contributor,2024-04-16,2026-06-09,6,2026-06-02,2026-06-13,In-Person Workshop,False,True
U02647,Capital Markets,Analyst,Europe,Individual Contributor,2022-06-07,2026-02-09,2,2026-02-09,2026-02-26,Self-Paced eLearning,False,True
U02648,Wealth Management,Associate,Canada - East,Individual Contributor,2025-02-01,2026-05-28,6,2026-05-26,2026-06-15,Self-Paced eLearning,False,True
U02649,Commercial Banking,Analyst,Canada - West,Individual Contributor,2016-03-12,2026-04-12,4,2026-04-10,2026-04-23,Live Virtual,False,True
U02650,Wealth Management,Analyst,APAC,Individual Contributor,2016-02-26,2026-02-02,2,2026-01-30,2026-02-08,Self-Paced eLearning,False,True
U02651,Corporate Functions,Operations Specialist,US - Northeast,Individual Contributor,2022-01-29,2026-02-20,2,2026-02-13,2026-03-04,In-Person Workshop,False,True
U02652,Operations,Operations Specialist,US - Northeast,Individual Contributor,2020-10-04,2026-03-20,3,2026-03-19,2026-04-05,Self-Paced eLearning,False,True
U02653,Wealth Management,Relationship Manager,Canada - East,Individual Contributor,2017-09-04,2026-02-07,2,2026-02-05,2026-02-26,Self-Paced eLearning,False,True
U02654,Capital Markets,Associate,US - Midwest,Individual Contributor,2024-01-21,2026-03-15,3,2026-03-15,,Live Virtual,False,True
U02655,Operations,Operations Specialist,US - Midwest,Individual Contributor,2017-09-03,2026-04-25,4,2026-04-24,2026-04-27,Self-Paced eLearning,True,True
U02656,Risk and Compliance,Analyst,US - Midwest,Individual Contributor,2025-06-05,2026-05-28,6,2026-05-28,2026-06-08,Self-Paced eLearning,True,True
U02657,Operations,Director,Canada - East,Senior Leader,2025-11-21,2026-01-24,1,2026-01-18,2026-01-30,Self-Paced eLearning,True,True
U02658,Technology,Developer,Canada - East,Individual Contributor,2019-08-29,2026-02-11,2,2026-02-04,2026-02-22,Live Virtual,False,True
U02659,Retail Banking,Relationship Manager,US - Northeast,Individual Contributor,2019-05-03,,1,2026-01-07,,Self-Paced eLearning,False,False
U02660,Retail Banking,Associate,Canada - West,Individual Contributor,2024-04-11,2026-06-14,6,2026-06-07,2026-06-19,Live Virtual,False,True
U02661,Wealth Management,Relationship Manager,Canada - East,Individual Contributor,2023-08-30,2026-02-22,2,2026-02-18,2026-02-22,Live Virtual,True,True
U02662,Operations,Operations Specialist,US - Northeast,Individual Contributor,2020-10-25,2026-04-06,4,2026-04-03,,Self-Paced eLearning,True,True
U02663,Operations,Associate,Europe,Individual Contributor,2025-09-09,2026-02-27,2,2026-02-22,2026-03-06,Self-Paced eLearning,False,True
U02664,Retail Banking,Associate,Canada - East,Individual Contributor,2020-07-29,2026-01-06,1,2026-01-03,,Live Virtual,False,True
U02665,Technology,Developer,APAC,Individual Contributor,2021-07-01,2026-01-05,1,2025-12-31,2026-01-07,Self-Paced eLearning,True,True
U02666,Wealth Management,Analyst,Europe,Individual Contributor,2025-05-30,2026-04-16,4,2026-04-12,2026-04-15,Manager-Led Briefing,False,True
U02667,Risk and Compliance,Risk Analyst,Canada - West,Individual Contributor,2021-06-21,2026-05-01,5,2026-04-24,,In-Person Workshop,False,True
U02668,Retail Banking,Relationship Manager,Europe,Individual Contributor,2022-01-21,2026-02-17,2,2026-02-16,,Self-Paced eLearning,False,True
U02669,Technology,Director,Canada - West,Senior Leader,2025-08-25,,3,2026-02-28,2026-03-03,Live Virtual,True,False
U02670,Technology,Developer,Canada - East,Individual Contributor,2020-05-23,2026-02-23,2,2026-02-23,2026-02-27,Live Virtual,True,True
U02671,Commercial Banking,Director,Canada - East,Senior Leader,2021-11-29,2026-04-11,4,2026-04-04,,Self-Paced eLearning,False,True
U02672,Operations,Manager,US - Northeast,People Manager,2025-02-11,2026-05-08,5,2026-05-01,,Live Virtual,False,False
U02673,Operations,Operations Specialist,APAC,Individual Contributor,2021-02-20,2026-05-19,5,2026-05-18,,Self-Paced eLearning,False,True
U02674,Technology,Associate,US - Northeast,Individual Contributor,2021-10-06,2026-01-15,1,2026-01-08,2026-01-19,Self-Paced eLearning,False,True
U02675,Commercial Banking,Relationship Manager,Canada - East,Individual Contributor,2018-06-14,2026-01-09,1,2026-01-07,2026-01-19,Self-Paced eLearning,False,True
U02676,Technology,Manager,Europe,People Manager,2019-11-30,2026-01-17,1,2026-01-17,2026-02-03,Live Virtual,False,True
U02677,Technology,Developer,Canada - East,Individual Contributor,2024-06-09,2026-01-31,1,2026-01-27,2026-02-16,Self-Paced eLearning,True,True
U02678,Wealth Management,Analyst,US - Northeast,Individual Contributor,2025-10-13,2026-03-19,3,2026-03-15,,Self-Paced eLearning,False,True
U02679,Capital Markets,Associate,Europe,Individual Contributor,2024-08-29,2026-03-17,3,2026-03-14,2026-03-18,Manager-Led Briefing,False,True
U02680,Operations,Manager,US - Midwest,People Manager,2019-03-13,2026-02-25,2,2026-02-25,,In-Person Workshop,False,True
U02681,Wealth Management,Relationship Manager,Canada - West,Individual Contributor,2024-10-04,2026-04-16,4,2026-04-09,,Live Virtual,False,True
U02682,Wealth Management,Analyst,Canada - East,Individual Contributor,2022-08-11,2026-04-12,4,2026-04-05,,Manager-Led Briefing,False,True
U02683,Retail Banking,Manager,US - Midwest,People Manager,2024-10-18,2026-04-13,4,2026-04-06,2026-04-20,Manager-Led Briefing,False,True
U02684,Commercial Banking,Relationship Manager,APAC,Individual Contributor,2018-01-16,2026-02-09,2,2026-02-02,,In-Person Workshop,False,True
U02685,Operations,Manager,Europe,People Manager,2018-04-16,2026-01-15,1,2026-01-11,2026-01-15,Self-Paced eLearning,False,True
U02686,Capital Markets,Analyst,Canada - West,Individual Contributor,2019-01-09,2026-01-11,1,2026-01-06,,Self-Paced eLearning,False,True
U02687,Retail Banking,Relationship Manager,Canada - East,Individual Contributor,2017-01-30,2026-04-11,4,2026-04-05,2026-04-26,Self-Paced eLearning,False,True
U02688,Commercial Banking,Relationship Manager,Canada - West,Individual Contributor,2016-10-23,2026-02-22,2,2026-02-15,2026-02-18,Live Virtual,False,True
U02689,Retail Banking,Relationship Manager,Europe,Individual Contributor,2019-10-25,2026-02-10,2,2026-02-10,2026-02-16,Self-Paced eLearning,False,True
U02690,Technology,Developer,Europe,Individual Contributor,2019-05-04,2026-05-08,5,2026-05-03,2026-05-06,Self-Paced eLearning,True,True
U02691,Corporate Functions,Analyst,APAC,Individual Contributor,2019-08-23,2026-05-15,5,2026-05-14,2026-06-04,Self-Paced eLearning,False,True
U02692,Operations,Operations Specialist,US - Northeast,Individual Contributor,2025-09-10,2026-05-02,5,2026-04-26,2026-05-11,Self-Paced eLearning,False,True
U02693,Risk and Compliance,Risk Analyst,US - Midwest,Individual Contributor,2016-05-01,2026-05-23,5,2026-05-23,2026-06-06,Self-Paced eLearning,False,True
U02694,Corporate Functions,Manager,Canada - East,People Manager,2022-11-04,2026-03-13,3,2026-03-12,,Self-Paced eLearning,False,True
U02695,Risk and Compliance,Risk Analyst,Canada - East,Individual Contributor,2016-03-06,2026-03-13,3,2026-03-10,,In-Person Workshop,False,True
U02696,Retail Banking,Analyst,US - Northeast,Individual Contributor,2024-03-17,2026-02-22,2,2026-02-22,,Live Virtual,False,True
U02697,Wealth Management,Manager,Canada - East,People Manager,2020-03-15,2026-05-21,5,2026-05-21,,Self-Paced eLearning,False,True
U02698,Retail Banking,Relationship Manager,US - Northeast,Individual Contributor,2025-04-23,2026-03-24,3,2026-03-19,,Self-Paced eLearning,False,True
U02699,Operations,Associate,US - Northeast,Individual Contributor,2018-10-08,2026-02-19,2,2026-02-14,,Self-Paced eLearning,False,True
U02700,Risk and Compliance,Risk Analyst,Canada - West,Individual Contributor,2021-06-30,2026-05-01,5,2026-05-01,2026-05-12,Live Virtual,False,True
U02701,Commercial Banking,Relationship Manager,Canada - East,Individual Contributor,2020-12-16,2026-04-06,4,2026-04-05,2026-04-16,In-Person Workshop,False,True
U02702,Technology,Manager,US - Northeast,People Manager,2024-07-26,2026-01-24,1,2026-01-23,2026-02-12,Self-Paced eLearning,False,True
U02703,Operations,Manager,Canada - East,People Manager,2017-10-25,2026-03-19,3,2026-03-15,,Live Virtual,False,True
U02704,Wealth Management,Relationship Manager,Europe,Individual Contributor,2018-03-06,2026-02-08,2,2026-02-03,2026-02-09,Manager-Led Briefing,False,True
U02705,Capital Markets,Director,US - Northeast,Senior Leader,2024-02-06,2026-01-31,1,2026-01-31,2026-02-15,Live Virtual,False,True
U02706,Technology,Developer,Canada - West,Individual Contributor,2021-09-05,2026-03-27,3,2026-03-26,2026-04-07,In-Person Workshop,True,True
U02707,Risk and Compliance,Risk Analyst,Europe,Individual Contributor,2020-08-23,2026-03-25,3,2026-03-24,2026-03-31,Self-Paced eLearning,False,True
U02708,Retail Banking,Associate,Europe,Individual Contributor,2016-07-23,2026-03-25,3,2026-03-19,,Self-Paced eLearning,False,True
U02709,Retail Banking,Associate,US - Northeast,Individual Contributor,2021-04-03,2026-06-20,6,2026-06-17,2026-06-27,Live Virtual,False,True
U02710,Commercial Banking,Manager,APAC,People Manager,2018-05-20,2026-02-05,2,2026-02-04,2026-02-12,In-Person Workshop,False,True
U02711,Corporate Functions,Analyst,Europe,Individual Contributor,2018-03-20,2026-05-25,6,2026-05-25,2026-05-31,Self-Paced eLearning,False,True
U02712,Retail Banking,Associate,US - Midwest,Individual Contributor,2018-12-28,2026-06-08,6,2026-06-08,,Live Virtual,False,True
U02713,Retail Banking,Analyst,US - Northeast,Individual Contributor,2021-01-20,2026-04-18,4,2026-04-15,2026-04-26,Live Virtual,False,True
U02714,Retail Banking,Manager,US - Midwest,People Manager,2020-03-09,2026-05-02,5,2026-04-27,2026-05-08,Self-Paced eLearning,False,True
U02715,Risk and Compliance,Risk Analyst,Canada - East,Individual Contributor,2022-08-21,2026-04-05,4,2026-04-03,2026-04-11,Self-Paced eLearning,False,True
U02716,Retail Banking,Associate,US - Northeast,Individual Contributor,2023-05-17,2026-02-14,2,2026-02-08,2026-03-01,Manager-Led Briefing,False,True
U02717,Technology,Developer,Canada - West,Individual Contributor,2017-09-13,2026-02-15,2,2026-02-13,2026-03-02,In-Person Workshop,False,True
U02718,Corporate Functions,Analyst,Canada - East,Individual Contributor,2017-11-04,2026-04-02,4,2026-04-02,2026-04-17,In-Person Workshop,False,True
U02719,Retail Banking,Analyst,Europe,Individual Contributor,2024-03-27,2026-05-25,6,2026-05-21,,In-Person Workshop,False,True
U02720,Technology,Developer,Canada - East,Individual Contributor,2021-06-13,2026-01-07,1,2026-01-02,2026-01-18,Live Virtual,False,True
U02721,Technology,Manager,US - Midwest,People Manager,2024-05-12,2026-03-23,3,2026-03-20,2026-04-05,Live Virtual,True,True
U02722,Wealth Management,Relationship Manager,Canada - West,Individual Contributor,2020-09-27,2026-01-29,1,2026-01-29,,Self-Paced eLearning,False,True
U02723,Operations,Operations Specialist,Canada - East,Individual Contributor,2020-02-26,2026-05-06,5,2026-05-04,2026-05-11,Live Virtual,False,True
U02724,Operations,Associate,Canada - East,Individual Contributor,2024-04-23,2026-02-19,2,2026-02-14,,In-Person Workshop,False,True
U02725,Retail Banking,Associate,Europe,Individual Contributor,2020-01-30,2026-02-05,2,2026-01-31,,Self-Paced eLearning,False,True
U02726,Capital Markets,Developer,US - Northeast,Individual Contributor,2019-04-30,2026-01-12,1,2026-01-09,2026-01-16,Manager-Led Briefing,False,True
U02727,Wealth Management,Analyst,APAC,Individual Contributor,2022-07-23,2026-03-07,3,2026-03-01,2026-03-18,Self-Paced eLearning,False,True
U02728,Retail Banking,Analyst,Canada - East,Individual Contributor,2025-11-19,2026-05-23,5,2026-05-20,,In-Person Workshop,False,True
U02729,Operations,Associate,Canada - East,Individual Contributor,2016-12-09,2026-04-12,4,2026-04-09,2026-04-28,In-Person Workshop,False,True
U02730,Risk and Compliance,Risk Analyst,Canada - East,Individual Contributor,2021-11-16,2026-05-09,5,2026-05-08,2026-05-20,Self-Paced eLearning,False,True
U02731,Retail Banking,Relationship Manager,Canada - West,Individual Contributor,2025-08-18,2026-05-06,5,2026-05-06,2026-05-20,In-Person Workshop,True,True
U02732,Operations,Operations Specialist,Canada - West,Individual Contributor,2021-12-04,2026-06-03,6,2026-05-28,2026-06-01,In-Person Workshop,False,True
U02733,Technology,Developer,Canada - West,Individual Contributor,2018-06-02,,2,2026-02-22,2026-02-26,Manager-Led Briefing,True,False
U02734,Operations,Operations Specialist,Europe,Individual Contributor,2021-09-21,2026-01-09,1,2026-01-05,2026-01-10,Live Virtual,False,True
U02735,Retail Banking,Analyst,Europe,Individual Contributor,2021-12-13,2026-04-01,4,2026-03-28,2026-04-14,In-Person Workshop,False,True
U02736,Technology,Developer,Europe,Individual Contributor,2019-06-04,2026-03-15,3,2026-03-08,2026-03-17,Live Virtual,True,True
U02737,Retail Banking,Associate,Europe,Individual Contributor,2017-10-10,2026-02-19,2,2026-02-16,2026-02-23,Live Virtual,False,True
U02738,Technology,Manager,Canada - East,People Manager,2018-03-18,2026-03-03,3,2026-02-26,2026-03-05,Self-Paced eLearning,True,True
U02739,Capital Markets,Analyst,APAC,Individual Contributor,2025-11-22,2026-02-27,2,2026-02-20,2026-03-11,Live Virtual,False,False
U02740,Technology,Analyst,Canada - East,Individual Contributor,2017-08-25,2026-02-25,2,2026-02-25,,Manager-Led Briefing,True,True
U02741,Retail Banking,Analyst,Europe,Individual Contributor,2022-06-21,2026-04-23,4,2026-04-19,2026-05-04,Live Virtual,True,True
U02742,Wealth Management,Analyst,Canada - East,Individual Contributor,2023-10-21,2026-06-21,6,2026-06-20,,Live Virtual,True,True
U02743,Retail Banking,Relationship Manager,Canada - West,Individual Contributor,2018-11-16,2026-03-31,4,2026-03-31,2026-04-21,Live Virtual,False,True
U02744,Capital Markets,Manager,Canada - East,People Manager,2023-02-03,2026-01-26,1,2026-01-26,2026-02-05,Live Virtual,False,True
U02745,Operations,Associate,Canada - East,Individual Contributor,2021-07-31,2026-04-05,4,2026-03-31,2026-04-09,Self-Paced eLearning,False,True
U02746,Wealth Management,Associate,APAC,Individual Contributor,2023-05-24,2026-03-29,3,2026-03-25,2026-04-09,Self-Paced eLearning,False,True
U02747,Retail Banking,Relationship Manager,Canada - West,Individual Contributor,2017-06-14,2026-03-17,3,2026-03-14,2026-03-19,In-Person Workshop,False,True
U02748,Retail Banking,Associate,Canada - West,Individual Contributor,2019-12-18,2026-02-21,2,2026-02-19,2026-03-08,Live Virtual,False,True
U02749,Technology,Developer,Canada - West,Individual Contributor,2018-12-22,2026-02-23,2,2026-02-23,2026-02-27,Self-Paced eLearning,False,True
U02750,Retail Banking,Relationship Manager,Canada - East,Individual Contributor,2022-11-18,2026-04-21,4,2026-04-14,2026-05-01,Live Virtual,,True
U02751,Retail Banking,Associate,US - Northeast,Individual Contributor,2017-02-18,2026-04-18,4,2026-04-17,,Self-Paced eLearning,False,False
U02752,Capital Markets,Analyst,Canada - East,Individual Contributor,2019-01-09,2026-01-31,1,2026-01-29,2026-02-11,Manager-Led Briefing,True,True
U02753,Wealth Management,Associate,US - Northeast,Individual Contributor,2020-11-08,2026-04-23,4,2026-04-20,,Live Virtual,False,True
U02754,Retail Banking,Relationship Manager,Canada - West,Individual Contributor,2021-04-02,2026-01-30,1,2026-01-27,,Self-Paced eLearning,True,True
U02755,Risk and Compliance,Risk Analyst,US - Midwest,Individual Contributor,2020-02-11,2026-05-03,5,2026-04-29,2026-05-17,In-Person Workshop,False,True
U02756,Wealth Management,Associate,Canada - West,Individual Contributor,2022-06-06,2026-05-22,5,2026-05-20,,Live Virtual,False,True
U02757,Risk and Compliance,Risk Analyst,US - Northeast,Individual Contributor,2025-05-12,2026-02-15,2,2026-02-08,2026-02-26,Self-Paced eLearning,False,True
U02758,Commercial Banking,Analyst,US - Midwest,Individual Contributor,2023-01-31,2026-04-20,4,2026-04-20,2026-05-06,Live Virtual,False,True
U02759,Commercial Banking,Analyst,APAC,Individual Contributor,2025-03-06,2026-05-08,5,2026-05-06,,Live Virtual,False,True
U02760,Technology,Developer,Canada - East,Individual Contributor,2021-10-27,2026-01-19,1,2026-01-17,2026-02-04,Live Virtual,False,True
U02761,Commercial Banking,Relationship Manager,US - Northeast,Individual Contributor,2022-06-09,2026-03-21,3,2026-03-15,2026-04-01,Self-Paced eLearning,False,True
U02762,Risk and Compliance,Risk Analyst,Europe,Individual Contributor,2019-08-12,2026-04-10,4,2026-04-03,2026-04-17,Self-Paced eLearning,True,True
U02763,Retail Banking,Relationship Manager,US - Northeast,Individual Contributor,2023-10-13,2026-01-24,1,2026-01-18,2026-02-02,Self-Paced eLearning,False,True
U02764,Operations,Director,Canada - West,Senior Leader,2016-08-07,2026-01-21,1,2026-01-15,,In-Person Workshop,False,True
U02765,Retail Banking,Relationship Manager,Europe,Individual Contributor,2016-02-23,2026-02-13,2,2026-02-07,,Live Virtual,False,True
U02766,Corporate Functions,Analyst,Canada - West,Individual Contributor,2021-07-26,2026-02-12,2,2026-02-06,2026-02-27,Self-Paced eLearning,False,True
U02767,Operations,Operations Specialist,US - Northeast,Individual Contributor,2019-09-25,2026-02-26,2,2026-02-26,,Live Virtual,False,True
U02768,Commercial Banking,Relationship Manager,US - Midwest,Individual Contributor,2016-11-16,2026-05-01,5,2026-04-28,2026-05-15,In-Person Workshop,False,True
U02769,Wealth Management,Relationship Manager,US - Northeast,Individual Contributor,2023-10-06,2026-04-10,4,2026-04-03,2026-04-14,Self-Paced eLearning,False,True
U02770,Corporate Functions,Associate,Canada - East,Individual Contributor,2023-03-09,2026-03-14,3,2026-03-10,2026-03-27,Self-Paced eLearning,False,True
U02771,Retail Banking,Manager,Canada - West,People Manager,2020-07-31,2026-03-24,3,2026-03-21,2026-03-26,In-Person Workshop,False,True
U02772,Wealth Management,Relationship Manager,Canada - East,Individual Contributor,2025-06-21,2026-04-03,4,2026-04-01,,Live Virtual,False,True
U02773,Risk and Compliance,Analyst,Canada - West,Individual Contributor,2016-08-03,2026-02-13,2,2026-02-13,2026-03-04,Live Virtual,False,True
U02774,Retail Banking,Associate,Canada - East,Individual Contributor,2016-03-11,2026-01-26,1,2026-01-21,,Self-Paced eLearning,True,True
U02775,Capital Markets,Analyst,US - Northeast,Individual Contributor,2017-02-23,2026-01-10,1,2026-01-06,2026-01-24,In-Person Workshop,False,True
U02776,Operations,Operations Specialist,Canada - West,Individual Contributor,2020-12-22,2026-06-04,6,2026-05-29,,Live Virtual,False,True
U02777,Commercial Banking,Relationship Manager,Canada - East,Individual Contributor,2025-09-25,2026-03-20,3,2026-03-13,2026-03-27,Manager-Led Briefing,False,True
U02778,Technology,Analyst,APAC,Individual Contributor,2020-09-22,2026-02-18,2,2026-02-15,2026-02-21,Self-Paced eLearning,False,True
U02779,Retail Banking,Analyst,Canada - East,Individual Contributor,2022-06-07,2026-01-16,1,2026-01-09,2026-01-21,Manager-Led Briefing,True,True
U02780,Retail Banking,Manager,Canada - East,People Manager,2022-04-11,,2,2026-01-29,,Self-Paced eLearning,False,False
U02781,Retail Banking,Associate,Canada - West,Individual Contributor,2020-03-30,2026-04-24,4,2026-04-22,2026-05-06,Self-Paced eLearning,False,True
U02782,Retail Banking,Director,Canada - West,Senior Leader,2018-09-25,2026-06-12,6,2026-06-10,2026-06-16,Live Virtual,False,True
U02783,Commercial Banking,Relationship Manager,Canada - East,Individual Contributor,2019-09-28,2026-04-12,4,2026-04-11,,Self-Paced eLearning,True,True
U02784,Operations,Operations Specialist,Canada - East,Individual Contributor,2024-02-04,2026-05-10,5,2026-05-10,,Self-Paced eLearning,False,True
U02785,Retail Banking,Analyst,Canada - East,Individual Contributor,2022-07-23,2026-03-15,3,2026-03-12,,Self-Paced eLearning,False,True
U02786,Commercial Banking,Associate,Canada - East,Individual Contributor,2020-02-07,2026-02-08,2,2026-02-04,2026-02-08,Manager-Led Briefing,False,True
U02787,Commercial Banking,Manager,Canada - East,People Manager,2020-07-30,2026-01-20,1,2026-01-16,2026-01-26,Manager-Led Briefing,False,True
U02788,Technology,Developer,APAC,Individual Contributor,2021-12-07,2026-01-11,1,2026-01-05,2026-01-17,Live Virtual,False,True
U02789,Risk and Compliance,Associate,US - Northeast,Individual Contributor,2020-04-08,2026-06-10,6,2026-06-07,2026-06-26,Self-Paced eLearning,False,True
U02790,Operations,Manager,US - Midwest,People Manager,2024-01-28,2026-04-27,5,2026-04-24,2026-05-12,Live Virtual,False,True
U02791,Wealth Management,Analyst,Europe,Individual Contributor,2023-02-17,2026-05-16,5,2026-05-14,2026-05-26,Live Virtual,False,True
U02792,Retail Banking,Relationship Manager,US - Northeast,Individual Contributor,2016-04-04,2026-03-09,3,2026-03-02,2026-03-12,In-Person Workshop,False,True
U02793,Capital Markets,Associate,Canada - East,Individual Contributor,2020-06-21,2026-01-24,1,2026-01-23,2026-02-05,Self-Paced eLearning,False,True
U02794,Corporate Functions,Analyst,US - Midwest,Individual Contributor,2019-11-22,2026-04-25,4,2026-04-19,2026-05-07,Manager-Led Briefing,False,True
U02795,Wealth Management,Relationship Manager,US - Midwest,Individual Contributor,2016-12-30,2026-04-08,4,2026-04-05,2026-04-20,Self-Paced eLearning,False,True
U02796,Technology,Developer,Canada - East,Individual Contributor,2019-07-08,2026-02-22,2,2026-02-16,,Self-Paced eLearning,False,True
U02797,Commercial Banking,Relationship Manager,Europe,Individual Contributor,2025-06-13,2026-02-26,2,2026-02-23,2026-03-07,Live Virtual,False,True
U02798,Operations,Operations Specialist,Canada - West,Individual Contributor,2022-03-28,2026-04-26,4,2026-04-26,2026-05-17,In-Person Workshop,False,True
U02799,Commercial Banking,Associate,US - Northeast,Individual Contributor,2020-10-14,2026-06-10,6,2026-06-10,2026-06-27,Self-Paced eLearning,False,False
U02800,Capital Markets,Director,Canada - East,Senior Leader,2019-01-26,2026-02-18,2,2026-02-18,2026-03-08,Self-Paced eLearning,False,True
U02801,Corporate Functions,Manager,Europe,People Manager,2019-02-01,2026-01-13,1,2026-01-13,2026-01-29,Self-Paced eLearning,False,True
U02802,Technology,Director,Canada - East,Senior Leader,2017-08-17,2026-02-21,2,2026-02-21,2026-03-08,In-Person Workshop,False,True
U02803,Retail Banking,Associate,Canada - West,Individual Contributor,2018-09-23,2026-04-30,5,2026-04-29,,Live Virtual,False,True
U02804,Commercial Banking,Associate,US - Midwest,Individual Contributor,2017-08-19,2026-03-29,3,2026-03-29,2026-04-13,Live Virtual,True,True
U02805,Retail Banking,Associate,Canada - East,Individual Contributor,2022-10-16,2026-03-25,3,2026-03-22,,In-Person Workshop,False,True
U02806,Retail Banking,Relationship Manager,US - Northeast,Individual Contributor,2019-12-20,2026-03-13,3,2026-03-13,,Live Virtual,False,True
U02807,Operations,Manager,APAC,People Manager,2019-10-12,2026-05-01,5,2026-04-25,2026-05-05,Self-Paced eLearning,False,True
U02808,Capital Markets,Manager,Canada - West,People Manager,2025-09-02,2026-01-05,1,2026-01-01,,Live Virtual,False,True
U02809,Retail Banking,Associate,Europe,Individual Contributor,2016-06-23,2026-04-07,4,2026-04-01,,In-Person Workshop,False,True
U02810,Retail Banking,Associate,Canada - East,Individual Contributor,2021-03-13,2026-01-30,1,2026-01-26,,Live Virtual,False,True
U02811,Retail Banking,Associate,Canada - East,Individual Contributor,2022-05-16,2026-01-20,1,2026-01-13,,Live Virtual,False,True
U02812,Risk and Compliance,Risk Analyst,US - Midwest,Individual Contributor,2020-12-04,2026-06-16,6,2026-06-15,2026-06-24,Self-Paced eLearning,True,True
U02813,Commercial Banking,Analyst,Canada - East,Individual Contributor,2023-01-12,2026-04-08,4,2026-04-08,2026-04-21,Self-Paced eLearning,False,True
U02814,Retail Banking,Associate,APAC,Individual Contributor,2025-02-04,2026-05-25,6,2026-05-23,2026-05-30,Live Virtual,False,True
U02815,Retail Banking,Relationship Manager,US - Northeast,Individual Contributor,2022-11-26,2026-01-07,1,2026-01-07,,Self-Paced eLearning,False,True
U02816,Technology,Director,US - Northeast,Senior Leader,2018-12-03,2026-02-22,2,2026-02-18,2026-03-05,Self-Paced eLearning,False,True
U02817,Operations,Associate,US - Northeast,Individual Contributor,2020-03-30,2026-03-30,4,2026-03-23,2026-04-08,Self-Paced eLearning,False,True
U02818,Commercial Banking,Relationship Manager,Canada - East,Individual Contributor,2025-03-31,2026-01-19,1,2026-01-12,2026-01-28,Self-Paced eLearning,False,True
U02819,Operations,Operations Specialist,US - Northeast,Individual Contributor,2019-12-24,2026-02-28,2,2026-02-21,2026-03-06,Live Virtual,False,True
U02820,Risk and Compliance,Risk Analyst,Canada - West,Individual Contributor,2018-10-03,2026-04-04,4,2026-04-04,,Self-Paced eLearning,False,True
U02821,Operations,Operations Specialist,Canada - East,Individual Contributor,2024-10-29,2026-05-17,5,2026-05-15,2026-05-20,Live Virtual,False,True
U02822,Commercial Banking,Associate,Canada - West,Individual Contributor,2020-09-12,2026-02-03,2,2026-02-02,2026-02-14,Self-Paced eLearning,False,True
U02823,Retail Banking,Director,Europe,Senior Leader,2017-10-18,2026-04-09,4,2026-04-02,,Self-Paced eLearning,False,False
U02824,Corporate Functions,Associate,APAC,Individual Contributor,2022-10-10,2026-02-14,2,2026-02-13,2026-02-27,Self-Paced eLearning,True,True
U02825,Corporate Functions,Manager,Canada - East,People Manager,2025-08-24,2026-04-21,4,2026-04-20,,Self-Paced eLearning,False,True
U02826,Capital Markets,Manager,US - Northeast,People Manager,2017-07-26,2026-03-21,3,2026-03-17,2026-03-21,Self-Paced eLearning,False,True
U02827,Technology,Developer,Canada - West,Individual Contributor,2016-09-19,2026-01-20,1,2026-01-15,2026-02-01,Self-Paced eLearning,False,True
U02828,Retail Banking,Relationship Manager,US - Midwest,Individual Contributor,2016-05-19,2026-03-18,3,2026-03-14,2026-03-23,Self-Paced eLearning,False,True
U02829,Wealth Management,Director,US - Northeast,Senior Leader,2025-08-21,2026-02-06,2,2026-01-30,,Live Virtual,False,True
U02830,Capital Markets,Manager,Canada - West,People Manager,2025-06-16,2026-05-10,5,2026-05-06,2026-05-14,Self-Paced eLearning,True,True
U02831,Retail Banking,Manager,Canada - East,People Manager,2018-10-04,2026-03-23,3,2026-03-18,2026-03-21,Manager-Led Briefing,False,True
U02832,Operations,Manager,US - Midwest,People Manager,2019-01-12,2026-04-09,4,2026-04-03,,In-Person Workshop,True,True
U02833,Technology,Manager,Canada - West,People Manager,2019-04-18,2026-01-27,1,2026-01-20,2026-02-02,Self-Paced eLearning,False,True
U02834,Wealth Management,Relationship Manager,Canada - East,Individual Contributor,2024-07-26,2026-06-13,6,2026-06-08,2026-06-13,Self-Paced eLearning,False,True
U02835,Commercial Banking,Analyst,US - Northeast,Individual Contributor,2016-08-21,2026-03-02,3,2026-02-23,2026-03-05,Live Virtual,True,True
U02836,Commercial Banking,Relationship Manager,Canada - East,Individual Contributor,2023-02-06,2026-03-01,2,2026-02-25,2026-03-07,Self-Paced eLearning,False,True
U02837,Commercial Banking,Relationship Manager,Canada - East,Individual Contributor,2022-09-28,2026-03-09,3,2026-03-04,2026-03-14,Live Virtual,False,True
U02838,Retail Banking,Relationship Manager,APAC,Individual Contributor,2025-07-18,2026-02-17,2,2026-02-17,,Self-Paced eLearning,True,True
U02839,Operations,Associate,Canada - East,Individual Contributor,2020-04-09,2026-01-31,1,2026-01-30,,Live Virtual,True,True
U02840,Retail Banking,Manager,Canada - East,People Manager,2017-05-09,2026-03-24,3,2026-03-18,2026-04-02,Manager-Led Briefing,True,True
U02841,Wealth Management,Relationship Manager,Canada - East,Individual Contributor,2018-02-09,2026-03-03,3,2026-02-25,2026-03-11,Live Virtual,False,True
U02842,Operations,Associate,Europe,Individual Contributor,2020-01-24,2026-03-11,3,2026-03-08,,Live Virtual,False,True
U02843,Operations,Operations Specialist,Canada - East,Individual Contributor,2023-09-05,2026-03-09,3,2026-03-02,,Self-Paced eLearning,False,True
U02844,Retail Banking,Associate,Canada - West,Individual Contributor,2019-05-01,2026-01-20,1,2026-01-19,2026-02-08,Live Virtual,True,True
U02845,Retail Banking,Manager,Canada - East,People Manager,2022-10-13,2026-05-10,5,2026-05-05,,Live Virtual,True,False
U02846,Commercial Banking,Associate,Europe,Individual Contributor,2022-07-18,2026-02-07,2,2026-02-07,2026-02-17,Live Virtual,True,True
U02847,Retail Banking,Relationship Manager,US - Northeast,Individual Contributor,2024-02-14,2026-03-03,3,2026-02-27,2026-03-02,Self-Paced eLearning,False,True
U02848,Retail Banking,Associate,US - Northeast,Individual Contributor,2019-02-02,2026-04-24,4,2026-04-24,2026-04-30,Self-Paced eLearning,False,True
U02849,Capital Markets,Associate,Europe,Individual Contributor,2024-01-21,2026-02-20,2,2026-02-13,2026-03-04,Manager-Led Briefing,True,True
U02850,Operations,Operations Specialist,Europe,Individual Contributor,2023-03-06,2026-05-10,5,2026-05-06,2026-05-12,Self-Paced eLearning,False,True
U02851,Operations,Operations Specialist,APAC,Individual Contributor,2017-07-02,2026-03-16,3,2026-03-14,2026-03-17,Live Virtual,True,True
U02852,Operations,Operations Specialist,Europe,Individual Contributor,2018-02-19,2026-04-01,4,2026-03-31,2026-04-18,Manager-Led Briefing,False,True
U02853,Wealth Management,Manager,US - Northeast,People Manager,2023-10-10,2026-04-19,4,2026-04-18,2026-05-02,Self-Paced eLearning,False,True
U02854,Operations,Manager,Canada - East,People Manager,2017-11-10,2026-05-28,6,2026-05-27,2026-06-09,Live Virtual,False,True
U02855,Capital Markets,Director,Canada - East,Senior Leader,2018-09-15,2026-02-08,2,2026-02-05,2026-02-09,Self-Paced eLearning,False,True
U02856,Risk and Compliance,Risk Analyst,Canada - West,Individual Contributor,2025-10-13,2026-04-17,4,2026-04-16,,Self-Paced eLearning,False,True
U02857,Commercial Banking,Analyst,Canada - East,Individual Contributor,2019-03-18,2026-03-28,3,2026-03-26,2026-03-29,Self-Paced eLearning,False,True
U02858,Operations,Manager,US - Northeast,People Manager,2023-06-02,2026-03-08,3,2026-03-03,,Self-Paced eLearning,False,True
U02859,Capital Markets,Associate,Europe,Individual Contributor,2023-03-31,2026-03-26,3,2026-03-24,2026-04-07,Live Virtual,False,True
U02860,Operations,Operations Specialist,Canada - East,Individual Contributor,2022-06-11,2026-02-01,1,2026-01-31,2026-02-10,Manager-Led Briefing,True,True
U02861,Operations,Associate,US - Midwest,Individual Contributor,2017-01-10,2026-02-16,2,2026-02-12,,Self-Paced eLearning,False,True
U02862,Technology,Manager,APAC,People Manager,2020-05-30,2026-01-29,1,2026-01-24,2026-02-08,Manager-Led Briefing,False,True
U02863,Operations,Operations Specialist,Canada - East,Individual Contributor,2022-05-04,2026-04-17,4,2026-04-13,,Live Virtual,False,True
U02864,Retail Banking,Relationship Manager,US - Northeast,Individual Contributor,2018-07-28,2026-01-16,1,2026-01-15,2026-02-04,Live Virtual,False,True
U02865,Operations,Director,APAC,Senior Leader,2025-11-21,2026-03-10,3,2026-03-05,,Live Virtual,True,True
U02866,Retail Banking,Associate,Canada - East,Individual Contributor,2018-11-14,2026-02-17,2,2026-02-13,2026-02-16,Self-Paced eLearning,False,True
U02867,Operations,Operations Specialist,US - Midwest,Individual Contributor,2021-10-15,2026-04-08,4,2026-04-08,,In-Person Workshop,False,True
U02868,Technology,Director,APAC,Senior Leader,2017-05-15,2026-02-06,2,2026-02-04,2026-02-25,Live Virtual,False,True
U02869,Risk and Compliance,Risk Analyst,Canada - West,Individual Contributor,2020-06-09,2026-04-10,4,2026-04-10,2026-04-24,Live Virtual,False,True
U02870,Retail Banking,Associate,US - Midwest,Individual Contributor,2024-12-22,2026-03-23,3,2026-03-16,,In-Person Workshop,False,True
U02871,Commercial Banking,Relationship Manager,Europe,Individual Contributor,2021-01-21,2026-05-04,5,2026-04-30,2026-05-12,Self-Paced eLearning,False,True
U02872,Operations,Manager,US - Northeast,People Manager,2025-04-29,2026-02-09,2,2026-02-03,2026-02-14,Live Virtual,False,True
U02873,Retail Banking,Relationship Manager,Canada - East,Individual Contributor,2021-03-16,2026-01-30,1,2026-01-25,2026-02-07,Self-Paced eLearning,False,True
U02874,Retail Banking,Associate,US - Northeast,Individual Contributor,2017-01-10,2026-05-25,6,2026-05-25,2026-06-12,Self-Paced eLearning,False,True
U02875,Retail Banking,Associate,Canada - East,Individual Contributor,2022-01-15,2026-02-09,2,2026-02-06,,In-Person Workshop,False,True
U02876,Retail Banking,Relationship Manager,Canada - East,Individual Contributor,2018-01-19,2026-04-04,4,2026-03-29,2026-04-11,Self-Paced eLearning,False,True
U02877,Retail Banking,Associate,US - Northeast,Individual Contributor,2023-08-25,2026-01-24,1,2026-01-18,2026-02-06,Self-Paced eLearning,False,True
U02878,Operations,Operations Specialist,US - Midwest,Individual Contributor,2020-06-04,2026-05-20,5,2026-05-13,2026-05-21,Live Virtual,False,True
U02879,Technology,Developer,US - Northeast,Individual Contributor,2021-07-25,2026-04-02,4,2026-03-28,2026-04-14,Self-Paced eLearning,False,True
U02880,Retail Banking,Relationship Manager,Canada - East,Individual Contributor,2022-03-18,2026-04-22,4,2026-04-21,2026-04-30,Self-Paced eLearning,True,False
U02881,Retail Banking,Associate,APAC,Individual Contributor,2024-05-27,2026-05-30,6,2026-05-25,,Manager-Led Briefing,False,True
U02882,Retail Banking,Associate,US - Northeast,Individual Contributor,2016-03-07,2026-01-05,1,2025-12-29,,In-Person Workshop,False,True
U02883,Technology,Developer,Canada - West,Individual Contributor,2024-02-17,2026-02-20,2,2026-02-13,2026-02-19,Self-Paced eLearning,True,True
U02884,Operations,Operations Specialist,Canada - East,Individual Contributor,2020-10-18,2026-03-16,3,2026-03-15,2026-03-31,Live Virtual,False,True
U02885,Technology,Developer,US - Northeast,Individual Contributor,2025-09-12,2026-04-24,4,2026-04-22,2026-04-26,Live Virtual,False,True
U02886,Retail Banking,Relationship Manager,APAC,Individual Contributor,2021-03-29,2026-04-24,4,2026-04-17,,Self-Paced eLearning,False,True
U02887,Retail Banking,Analyst,Canada - East,Individual Contributor,2021-10-15,2026-06-01,6,2026-05-26,,Manager-Led Briefing,False,True
U02888,Corporate Functions,Director,Canada - West,Senior Leader,2017-04-11,2026-04-10,4,2026-04-09,2026-04-13,Manager-Led Briefing,False,True
U02889,Retail Banking,Associate,Canada - East,Individual Contributor,2019-02-12,2026-01-13,1,2026-01-06,,In-Person Workshop,False,True
U02890,Retail Banking,Manager,Europe,People Manager,2023-02-06,2026-06-10,6,2026-06-10,2026-06-24,In-Person Workshop,True,True
U02891,Retail Banking,Relationship Manager,Canada - West,Individual Contributor,2023-10-16,2026-05-24,5,2026-05-22,,In-Person Workshop,True,True
U02892,Corporate Functions,Analyst,Canada - East,Individual Contributor,2018-11-13,2026-03-26,3,2026-03-24,2026-03-31,Live Virtual,True,True
U02893,Commercial Banking,Relationship Manager,Canada - East,Individual Contributor,2019-08-25,2026-04-16,4,2026-04-09,2026-04-20,Self-Paced eLearning,False,True
U02894,Commercial Banking,Relationship Manager,Canada - West,Individual Contributor,2019-08-23,2026-02-10,2,2026-02-03,2026-02-23,Self-Paced eLearning,False,True
U02895,Corporate Functions,Associate,Canada - East,Individual Contributor,2021-04-17,2026-03-27,3,2026-03-20,2026-03-28,Self-Paced eLearning,False,True
U02896,Retail Banking,Relationship Manager,Canada - East,Individual Contributor,2023-12-03,2026-01-14,1,2026-01-10,2026-01-24,Live Virtual,False,True
U02897,Corporate Functions,Analyst,Canada - East,Individual Contributor,2016-03-13,2026-01-26,1,2026-01-22,2026-01-31,In-Person Workshop,False,True
U02898,Retail Banking,Analyst,Canada - East,Individual Contributor,2021-05-01,2026-02-26,2,2026-02-25,2026-03-01,Live Virtual,False,True
U02899,Commercial Banking,Relationship Manager,APAC,Individual Contributor,2017-12-27,2026-05-18,5,2026-05-12,,In-Person Workshop,True,True
U02900,Operations,Operations Specialist,Canada - West,Individual Contributor,2018-04-30,2026-02-26,2,2026-02-25,2026-03-06,Live Virtual,True,True
U02901,Operations,Operations Specialist,Europe,Individual Contributor,2019-05-07,2026-04-01,4,2026-03-27,2026-04-11,Self-Paced eLearning,False,True
U02902,Risk and Compliance,Risk Analyst,Canada - West,Individual Contributor,2018-02-04,2026-04-30,5,2026-04-28,2026-05-15,Self-Paced eLearning,False,True
U02903,Retail Banking,Director,Canada - West,Senior Leader,2023-08-08,2026-03-30,4,2026-03-30,,Live Virtual,True,True
U02904,Corporate Functions,Analyst,Canada - East,Individual Contributor,2021-04-17,2026-03-23,3,2026-03-18,2026-03-22,Self-Paced eLearning,False,True
U02905,Operations,Associate,US - Midwest,Individual Contributor,2021-07-19,,6,2026-06-03,,Self-Paced eLearning,True,False
U02906,Commercial Banking,Relationship Manager,Canada - West,Individual Contributor,2017-03-25,2026-05-13,5,2026-05-13,2026-06-02,Self-Paced eLearning,False,True
U02907,Corporate Functions,Operations Specialist,Europe,Individual Contributor,2025-09-30,2026-02-20,2,2026-02-20,,Live Virtual,False,True
U02908,Retail Banking,Relationship Manager,Canada - East,Individual Contributor,2019-03-17,2026-01-09,1,2026-01-08,2026-01-22,Self-Paced eLearning,False,True
U02909,Risk and Compliance,Analyst,US - Northeast,Individual Contributor,2017-03-25,2026-05-12,5,2026-05-05,2026-05-12,Self-Paced eLearning,False,True
U02910,Technology,Developer,Canada - West,Individual Contributor,2017-09-23,2026-03-19,3,2026-03-12,2026-03-26,Live Virtual,False,True
U02911,Capital Markets,Analyst,Canada - East,Individual Contributor,2016-12-15,2026-01-09,1,2026-01-03,2026-01-09,Self-Paced eLearning,False,True
U02912,Retail Banking,Associate,APAC,Individual Contributor,2022-08-29,2026-05-24,5,2026-05-20,,Manager-Led Briefing,False,True
U02913,Technology,Associate,US - Northeast,Individual Contributor,2022-08-13,,1,2026-01-17,2026-02-06,Self-Paced eLearning,False,False
U02914,Commercial Banking,Associate,US - Northeast,Individual Contributor,2016-10-24,2026-04-03,4,2026-04-02,2026-04-18,Self-Paced eLearning,False,True
U02915,Operations,Associate,US - Midwest,Individual Contributor,2016-10-13,2026-04-03,4,2026-04-03,,Manager-Led Briefing,False,True
U02916,Retail Banking,Analyst,US - Northeast,Individual Contributor,2025-08-29,,3,2026-03-11,,Live Virtual,False,False
U02917,Retail Banking,Relationship Manager,US - Northeast,Individual Contributor,2020-08-20,2026-03-30,4,2026-03-25,2026-04-11,Self-Paced eLearning,False,True
U02918,Wealth Management,Relationship Manager,US - Northeast,Individual Contributor,2024-06-22,2026-01-07,1,2026-01-05,,Self-Paced eLearning,True,True
U02919,Retail Banking,Associate,Canada - East,Individual Contributor,2023-10-17,2026-01-30,1,2026-01-30,2026-02-07,In-Person Workshop,False,True
U02920,Capital Markets,Director,US - Northeast,Senior Leader,2018-07-14,2026-01-07,1,2026-01-07,2026-01-23,Manager-Led Briefing,False,True
U02921,Corporate Functions,Associate,Canada - East,Individual Contributor,2017-05-11,,4,2026-04-17,2026-04-23,In-Person Workshop,True,False
U02922,Retail Banking,Analyst,Canada - West,Individual Contributor,2025-09-23,2026-02-21,2,2026-02-16,2026-02-27,Self-Paced eLearning,False,True
U02923,Retail Banking,Associate,Canada - West,Individual Contributor,2023-06-17,2026-05-05,5,2026-04-29,,In-Person Workshop,False,True
U02924,Commercial Banking,Relationship Manager,Europe,Individual Contributor,2025-04-07,2026-04-25,4,2026-04-18,2026-05-03,Self-Paced eLearning,False,True
U02925,Retail Banking,Associate,Canada - West,Individual Contributor,2022-06-06,2026-03-12,3,2026-03-12,2026-03-24,In-Person Workshop,True,True
U02926,Commercial Banking,Analyst,US - Midwest,Individual Contributor,2020-01-24,2026-02-14,2,2026-02-14,2026-02-21,Self-Paced eLearning,False,True
U02927,Commercial Banking,Relationship Manager,Canada - West,Individual Contributor,2016-07-01,2026-01-21,1,2026-01-17,2026-02-02,Live Virtual,False,True
U02928,Commercial Banking,Manager,US - Midwest,People Manager,2021-04-16,2026-03-12,3,2026-03-12,2026-03-29,In-Person Workshop,True,True
U02929,Operations,Director,Canada - East,Senior Leader,2016-06-26,2026-04-11,4,2026-04-05,,Self-Paced eLearning,False,True
U02930,Commercial Banking,Associate,Canada - East,Individual Contributor,2024-05-19,2026-01-09,1,2026-01-04,2026-01-17,Self-Paced eLearning,False,True
U02931,Commercial Banking,Relationship Manager,Canada - East,Individual Contributor,2023-09-15,2026-02-25,2,2026-02-23,2026-03-06,Self-Paced eLearning,False,True
U02932,Retail Banking,Manager,US - Northeast,People Manager,2018-06-19,2026-02-20,2,2026-02-13,,Self-Paced eLearning,False,True
U02933,Technology,Manager,Canada - West,People Manager,2017-06-10,2026-01-08,1,2026-01-08,2026-01-17,In-Person Workshop,False,True
U02934,Risk and Compliance,Manager,US - Northeast,People Manager,2022-12-18,2026-04-30,5,2026-04-29,2026-05-14,Self-Paced eLearning,False,True
U02935,Commercial Banking,Associate,Europe,Individual Contributor,2017-08-05,2026-02-14,2,2026-02-08,,Self-Paced eLearning,True,True
U02936,Technology,Director,APAC,Senior Leader,2024-07-26,2026-01-07,1,2026-01-07,2026-01-18,Self-Paced eLearning,True,True
U02937,Operations,Associate,US - Northeast,Individual Contributor,2019-05-13,2026-05-01,5,2026-04-25,2026-05-06,Live Virtual,False,True
U02938,Retail Banking,Analyst,Europe,Individual Contributor,2021-01-26,2026-06-06,6,2026-06-06,,In-Person Workshop,True,True
U02939,Retail Banking,Manager,Canada - East,People Manager,2022-09-08,2026-05-07,5,2026-05-01,,Live Virtual,False,True
U02940,Retail Banking,Associate,APAC,Individual Contributor,2020-12-01,2026-03-14,3,2026-03-07,2026-03-24,Self-Paced eLearning,False,True
U02941,Corporate Functions,Associate,Canada - West,Individual Contributor,2025-03-17,2026-05-09,5,2026-05-06,2026-05-21,Manager-Led Briefing,True,True
U02942,Retail Banking,Analyst,US - Northeast,Individual Contributor,2024-08-04,2026-05-21,5,2026-05-19,,Self-Paced eLearning,False,True
U02943,Wealth Management,Relationship Manager,US - Midwest,Individual Contributor,2019-12-02,2026-02-21,2,2026-02-16,2026-02-21,Self-Paced eLearning,False,True
U02944,Retail Banking,Relationship Manager,Canada - East,Individual Contributor,2021-12-19,2026-04-19,4,2026-04-18,,Self-Paced eLearning,False,True
U02945,Operations,Associate,US - Northeast,Individual Contributor,2019-03-16,2026-01-11,1,2026-01-06,,Live Virtual,False,True
U02946,Operations,Associate,Europe,Individual Contributor,2024-03-01,2026-02-05,2,2026-02-03,2026-02-17,Self-Paced eLearning,False,True
U02947,Operations,Operations Specialist,US - Northeast,Individual Contributor,2025-03-26,2026-05-29,6,2026-05-27,2026-05-31,Manager-Led Briefing,False,True
U02948,Wealth Management,Analyst,Canada - East,Individual Contributor,2016-04-24,2026-04-06,4,2026-04-06,2026-04-11,In-Person Workshop,False,True
U02949,Corporate Functions,Associate,US - Northeast,Individual Contributor,2017-08-14,2026-03-16,3,2026-03-12,2026-03-17,Self-Paced eLearning,False,True
U02950,Risk and Compliance,Associate,Canada - West,Individual Contributor,2025-06-14,,6,2026-06-03,2026-06-10,In-Person Workshop,False,False
U02951,Retail Banking,Associate,Canada - West,Individual Contributor,2020-08-02,,3,2026-03-18,,Live Virtual,False,False
U02952,Capital Markets,Manager,Canada - West,People Manager,2016-04-28,2026-03-16,3,2026-03-16,2026-03-28,In-Person Workshop,True,True
U02953,Retail Banking,Analyst,US - Northeast,Individual Contributor,2016-09-10,2026-01-10,1,2026-01-10,,Self-Paced eLearning,True,True
U02954,Risk and Compliance,Risk Analyst,Europe,Individual Contributor,2025-04-25,2026-05-18,5,2026-05-17,2026-05-26,Live Virtual,False,True
U02955,Technology,Developer,US - Northeast,Individual Contributor,2019-06-12,2026-01-28,1,2026-01-26,2026-02-16,In-Person Workshop,False,True
U02956,Operations,Manager,Canada - East,People Manager,2018-01-20,,1,2026-01-04,2026-01-12,Live Virtual,False,False
U02957,Retail Banking,Relationship Manager,Canada - East,Individual Contributor,2018-07-30,2026-02-27,2,2026-02-24,,Live Virtual,False,True
U02958,Retail Banking,Relationship Manager,US - Midwest,Individual Contributor,2025-11-27,2026-02-22,2,2026-02-15,,Live Virtual,False,True
U02959,Retail Banking,Relationship Manager,Canada - East,Individual Contributor,2018-08-05,2026-03-03,3,2026-02-27,2026-03-20,Live Virtual,False,True
U02960,Risk and Compliance,Risk Analyst,US - Northeast,Individual Contributor,2016-07-03,2026-03-11,3,2026-03-06,2026-03-11,Self-Paced eLearning,False,True
U02961,Wealth Management,Relationship Manager,Canada - East,Individual Contributor,2023-01-03,2026-04-15,4,2026-04-15,,Live Virtual,True,True
U02962,Corporate Functions,Analyst,US - Northeast,Individual Contributor,2022-03-16,2026-05-13,5,2026-05-09,2026-05-22,Self-Paced eLearning,False,True
U02963,Retail Banking,Relationship Manager,US - Northeast,Individual Contributor,2017-07-25,2026-03-05,3,2026-03-03,2026-03-19,Self-Paced eLearning,False,True
U02964,Commercial Banking,Associate,US - Northeast,Individual Contributor,2024-11-14,2026-01-27,1,2026-01-20,2026-01-31,Manager-Led Briefing,False,True
U02965,Retail Banking,Relationship Manager,APAC,Individual Contributor,2018-01-31,2026-01-24,1,2026-01-22,,Self-Paced eLearning,False,True
U02966,Technology,Developer,Canada - West,Individual Contributor,2019-06-16,2026-02-02,2,2026-02-02,2026-02-09,Self-Paced eLearning,True,True
U02967,Operations,Operations Specialist,Canada - West,Individual Contributor,2022-05-21,2026-02-16,2,2026-02-09,2026-02-20,Manager-Led Briefing,False,True
U02968,Operations,Manager,Canada - West,People Manager,2018-07-05,2026-03-05,3,2026-02-26,2026-03-05,In-Person Workshop,False,True
U02969,Technology,Developer,APAC,Individual Contributor,2024-10-10,2026-06-09,6,2026-06-09,2026-06-14,Live Virtual,True,True
U02970,Retail Banking,Analyst,Europe,Individual Contributor,2016-04-25,2026-04-10,4,2026-04-09,2026-04-26,Live Virtual,True,True
U02971,Technology,Analyst,APAC,Individual Contributor,2019-07-05,2026-01-17,1,2026-01-17,2026-02-06,Self-Paced eLearning,True,True
U02972,Commercial Banking,Analyst,US - Northeast,Individual Contributor,2021-05-14,2026-01-20,1,2026-01-14,2026-01-30,Self-Paced eLearning,False,True
U02973,Retail Banking,Associate,US - Northeast,Individual Contributor,2017-10-05,2026-03-31,4,2026-03-26,2026-04-05,Live Virtual,True,True
U02974,Risk and Compliance,Manager,APAC,People Manager,2025-08-17,2026-04-25,4,2026-04-21,2026-04-29,Live Virtual,True,True
U02975,Technology,Manager,US - Midwest,People Manager,2022-01-14,2026-01-30,1,2026-01-27,2026-02-06,Self-Paced eLearning,True,True
U02976,Wealth Management,Analyst,Canada - West,Individual Contributor,2019-08-04,2026-01-30,1,2026-01-23,2026-02-12,Live Virtual,False,True
U02977,Commercial Banking,Associate,US - Northeast,Individual Contributor,2020-05-11,2026-03-02,3,2026-02-24,2026-03-17,Self-Paced eLearning,False,False
U02978,Capital Markets,Analyst,Canada - West,Individual Contributor,2017-11-13,2026-02-23,2,2026-02-16,2026-02-20,Live Virtual,False,True
U02979,Capital Markets,Analyst,US - Northeast,Individual Contributor,2017-11-29,2026-02-19,2,2026-02-17,2026-03-10,Manager-Led Briefing,False,True
U02980,Risk and Compliance,Manager,US - Northeast,People Manager,2024-06-14,2026-03-30,4,2026-03-28,2026-04-07,Self-Paced eLearning,False,True
U02981,Commercial Banking,Manager,Canada - East,People Manager,2024-08-01,2026-03-25,3,2026-03-21,2026-03-30,Live Virtual,False,True
U02982,Retail Banking,Associate,Canada - East,Individual Contributor,2018-10-13,2026-05-02,5,2026-04-28,,Live Virtual,False,True
U02983,Retail Banking,Associate,Canada - West,Individual Contributor,2025-04-03,,3,2026-03-01,,Self-Paced eLearning,True,False
U02984,Commercial Banking,Associate,US - Northeast,Individual Contributor,2022-12-12,2026-03-06,3,2026-03-04,2026-03-09,Self-Paced eLearning,False,True
U02985,Retail Banking,Manager,Canada - East,People Manager,2025-11-23,2026-02-07,2,2026-02-05,,Live Virtual,False,True
U02986,Retail Banking,Analyst,Canada - West,Individual Contributor,2020-03-18,2026-01-12,1,2026-01-09,,Live Virtual,False,True
U02987,Retail Banking,Relationship Manager,APAC,Individual Contributor,2018-01-10,2026-03-25,3,2026-03-18,2026-03-21,Self-Paced eLearning,,True
U02988,Technology,Director,Canada - East,Senior Leader,2023-07-23,2026-01-26,1,2026-01-24,,Self-Paced eLearning,False,True
U02989,Retail Banking,Manager,US - Northeast,People Manager,2024-12-22,2026-03-31,4,2026-03-25,,In-Person Workshop,False,True
U02990,Commercial Banking,Analyst,US - Northeast,Individual Contributor,2019-01-05,2026-04-13,4,2026-04-12,2026-04-29,Self-Paced eLearning,False,True
U02991,Wealth Management,Analyst,Europe,Individual Contributor,2018-05-19,2026-06-01,6,2026-05-27,,Self-Paced eLearning,False,True
U02992,Wealth Management,Relationship Manager,Europe,Individual Contributor,2016-10-28,2026-02-04,2,2026-02-03,,In-Person Workshop,False,True
U02993,Operations,Manager,US - Northeast,People Manager,2023-12-15,2026-02-27,2,2026-02-20,2026-02-24,Manager-Led Briefing,True,True
U02994,Technology,Developer,Europe,Individual Contributor,2018-03-03,2026-02-15,2,2026-02-10,,In-Person Workshop,True,True
U02995,Technology,Manager,Canada - East,People Manager,2016-07-05,2026-02-11,2,2026-02-08,,Self-Paced eLearning,True,True
U02996,Technology,Manager,US - Northeast,People Manager,2019-11-19,2026-02-07,2,2026-02-07,2026-02-18,Live Virtual,False,True
U02997,Commercial Banking,Associate,Canada - East,Individual Contributor,2017-08-21,2026-03-19,3,2026-03-18,2026-04-06,Live Virtual,False,True
U02998,Retail Banking,Associate,Canada - West,Individual Contributor,2020-08-06,2026-05-24,5,2026-05-20,2026-05-25,In-Person Workshop,False,True
U02999,Corporate Functions,Director,Europe,Senior Leader,2018-05-29,2026-02-28,2,2026-02-26,2026-03-18,Live Virtual,False,True
U03000,Retail Banking,Relationship Manager,APAC,Individual Contributor,2018-06-15,2026-06-21,6,2026-06-16,2026-06-30,Manager-Led Briefing,False,True
U03001,Wealth Management,Analyst,Europe,Individual Contributor,2025-03-03,2026-03-02,3,2026-02-23,2026-03-10,In-Person Workshop,False,True
U03002,Commercial Banking,Analyst,US - Northeast,Individual Contributor,2021-06-16,2026-05-21,5,2026-05-14,2026-05-20,Self-Paced eLearning,False,True
U03003,Retail Banking,Relationship Manager,Canada - West,Individual Contributor,2022-07-22,2026-04-11,4,2026-04-07,,Self-Paced eLearning,False,True
U03004,Capital Markets,Analyst,Canada - East,Individual Contributor,2017-01-10,2026-01-08,1,2026-01-07,2026-01-10,Live Virtual,False,True
U03005,Retail Banking,Manager,US - Northeast,People Manager,2019-03-06,2026-04-10,4,2026-04-06,2026-04-20,In-Person Workshop,False,True
U03006,Capital Markets,Associate,US - Northeast,Individual Contributor,2021-05-21,2026-05-10,5,2026-05-10,,Live Virtual,False,True
U03007,Commercial Banking,Relationship Manager,Canada - West,Individual Contributor,2017-11-07,2026-01-29,1,2026-01-24,,Self-Paced eLearning,True,True
U03008,Retail Banking,Relationship Manager,Canada - East,Individual Contributor,2023-03-02,2026-01-16,1,2026-01-14,2026-01-22,Live Virtual,False,True
U03009,Retail Banking,Analyst,US - Midwest,Individual Contributor,2019-03-05,2026-01-31,1,2026-01-29,,Live Virtual,True,True
U03010,Capital Markets,Analyst,Europe,Individual Contributor,2025-02-17,2026-02-20,2,2026-02-14,2026-02-28,Self-Paced eLearning,False,True
U03011,Operations,Associate,US - Midwest,Individual Contributor,2023-02-19,2026-04-15,4,2026-04-10,,Manager-Led Briefing,False,True
U03012,Risk and Compliance,Risk Analyst,US - Northeast,Individual Contributor,2017-08-29,2026-05-13,5,2026-05-07,2026-05-25,Self-Paced eLearning,False,True
U03013,Capital Markets,Analyst,Canada - East,Individual Contributor,2024-07-06,2026-02-23,2,2026-02-19,2026-02-26,In-Person Workshop,True,True
U03014,Commercial Banking,Manager,US - Northeast,People Manager,2019-05-22,2026-02-18,2,2026-02-14,,Manager-Led Briefing,False,True
U03015,Retail Banking,Analyst,APAC,Individual Contributor,2023-03-22,2026-02-14,2,2026-02-10,,Live Virtual,False,True
U03016,Capital Markets,Manager,Europe,People Manager,2019-06-16,2026-01-13,1,2026-01-12,2026-02-01,Manager-Led Briefing,False,True
U03017,Corporate Functions,Associate,Canada - West,Individual Contributor,2025-01-16,,4,2026-04-16,,Live Virtual,False,False
U03018,Retail Banking,Associate,APAC,Individual Contributor,2017-04-30,2026-04-20,4,2026-04-14,2026-05-03,Live Virtual,False,True
U03019,Operations,Director,US - Northeast,Senior Leader,2022-11-15,2026-03-13,3,2026-03-11,,Self-Paced eLearning,False,True
U03020,Retail Banking,Analyst,Canada - West,Individual Contributor,2022-05-12,,6,2026-05-27,2026-06-01,Self-Paced eLearning,False,False
U03021,Operations,Operations Specialist,Canada - East,Individual Contributor,2017-07-17,2026-06-21,6,2026-06-16,2026-06-23,Self-Paced eLearning,False,True
U03022,Capital Markets,Manager,Canada - East,People Manager,2024-05-07,2026-04-17,4,2026-04-14,2026-05-03,Self-Paced eLearning,False,True
U03023,Technology,Associate,Canada - West,Individual Contributor,2022-04-12,2026-01-25,1,2026-01-20,2026-01-25,Live Virtual,True,True
U03024,Technology,Developer,APAC,Individual Contributor,2021-04-21,2026-02-05,2,2026-02-04,2026-02-21,Self-Paced eLearning,True,True
U03025,Operations,Operations Specialist,Canada - West,Individual Contributor,2023-03-12,2026-02-25,2,2026-02-20,,Live Virtual,False,True
U03026,Retail Banking,Relationship Manager,Europe,Individual Contributor,2023-02-15,2026-02-25,2,2026-02-21,,Self-Paced eLearning,True,True
U03027,Retail Banking,Associate,Europe,Individual Contributor,2018-10-13,2026-06-19,6,2026-06-16,2026-06-29,Live Virtual,False,True
U03028,Wealth Management,Relationship Manager,US - Midwest,Individual Contributor,2024-02-15,2026-01-10,1,2026-01-03,,Live Virtual,True,True
U03029,Commercial Banking,Relationship Manager,Canada - East,Individual Contributor,2024-10-27,2026-03-21,3,2026-03-14,2026-03-30,In-Person Workshop,False,True
U03030,Operations,Associate,US - Northeast,Individual Contributor,2023-03-31,2026-01-22,1,2026-01-16,2026-01-31,Manager-Led Briefing,False,True
U03031,Wealth Management,Relationship Manager,Canada - East,Individual Contributor,2023-06-26,2026-02-11,2,2026-02-04,,Self-Paced eLearning,False,True
U03032,Retail Banking,Director,US - Midwest,Senior Leader,2023-02-26,2026-05-09,5,2026-05-04,2026-05-25,Live Virtual,True,True
U03033,Retail Banking,Associate,US - Northeast,Individual Contributor,2018-12-11,2026-02-21,2,2026-02-15,,Live Virtual,False,True
U03034,Retail Banking,Relationship Manager,Canada - West,Individual Contributor,2021-09-21,2026-02-27,2,2026-02-21,,Self-Paced eLearning,False,True
U03035,Corporate Functions,Operations Specialist,Canada - West,Individual Contributor,2018-03-16,2026-04-04,4,2026-04-02,2026-04-17,Live Virtual,False,True
U03036,Capital Markets,Analyst,Canada - West,Individual Contributor,2021-01-25,2026-01-25,1,2026-01-18,2026-01-27,Live Virtual,False,True
U03037,Commercial Banking,Analyst,Europe,Individual Contributor,2021-05-11,2026-05-23,5,2026-05-21,2026-05-31,Self-Paced eLearning,False,True
U03038,Retail Banking,Relationship Manager,US - Northeast,Individual Contributor,2021-03-22,2026-01-12,1,2026-01-09,,Self-Paced eLearning,False,True
U03039,Retail Banking,Relationship Manager,Canada - West,Individual Contributor,2020-12-10,2026-03-04,3,2026-02-27,2026-03-09,Live Virtual,False,True
U03040,Commercial Banking,Director,US - Northeast,Senior Leader,2021-05-26,2026-02-19,2,2026-02-17,2026-03-02,Manager-Led Briefing,False,True
U03041,Operations,Operations Specialist,Europe,Individual Contributor,2019-02-11,2026-04-26,4,2026-04-21,2026-04-25,Self-Paced eLearning,False,True
U03042,Risk and Compliance,Analyst,US - Northeast,Individual Contributor,2022-03-26,2026-04-06,4,2026-04-03,,Manager-Led Briefing,True,True
U03043,Capital Markets,Associate,Canada - East,Individual Contributor,2019-08-31,2026-02-11,2,2026-02-11,2026-02-25,In-Person Workshop,False,True
U03044,Operations,Manager,Canada - East,People Manager,2020-11-03,2026-05-03,5,2026-04-28,,Live Virtual,True,True
U03045,Capital Markets,Associate,US - Northeast,Individual Contributor,2024-06-26,2026-01-22,1,2026-01-16,2026-01-29,Live Virtual,True,True
U03046,Corporate Functions,Analyst,APAC,Individual Contributor,2023-08-22,2026-03-13,3,2026-03-13,2026-03-25,Self-Paced eLearning,False,True
U03047,Technology,Developer,US - Northeast,Individual Contributor,2017-06-26,2026-01-12,1,2026-01-05,2026-01-17,Manager-Led Briefing,False,True
U03048,Commercial Banking,Analyst,US - Midwest,Individual Contributor,2020-12-25,2026-05-14,5,2026-05-13,2026-05-16,In-Person Workshop,False,True
U03049,Risk and Compliance,Associate,Canada - West,Individual Contributor,2023-03-06,,4,2026-04-21,2026-05-09,Self-Paced eLearning,False,False
U03050,Retail Banking,Associate,Canada - West,Individual Contributor,2022-08-07,2026-04-09,4,2026-04-09,,Self-Paced eLearning,True,True
U03051,Risk and Compliance,Manager,Canada - East,People Manager,2017-07-18,2026-05-21,5,2026-05-14,2026-05-18,Self-Paced eLearning,False,True
U03052,Retail Banking,Relationship Manager,Canada - West,Individual Contributor,2017-08-04,2026-01-28,1,2026-01-21,,Manager-Led Briefing,False,True
U03053,Commercial Banking,Manager,US - Midwest,People Manager,2023-01-24,2026-02-28,2,2026-02-22,2026-03-03,In-Person Workshop,True,True
U03054,Wealth Management,Manager,Canada - East,People Manager,2024-04-20,2026-05-20,5,2026-05-14,2026-05-30,Manager-Led Briefing,True,True
U03055,Commercial Banking,Relationship Manager,Canada - West,Individual Contributor,2023-06-08,2026-05-13,5,2026-05-13,2026-05-24,Self-Paced eLearning,False,True
U03056,Technology,Developer,US - Midwest,Individual Contributor,2021-01-06,2026-01-12,1,2026-01-10,,Live Virtual,False,True
U03057,Commercial Banking,Associate,Canada - East,Individual Contributor,2016-12-04,2026-05-18,5,2026-05-12,,Live Virtual,False,True
U03058,Retail Banking,Manager,Canada - East,People Manager,2016-11-07,2026-05-11,5,2026-05-09,,Self-Paced eLearning,False,True
U03059,Retail Banking,Relationship Manager,Canada - East,Individual Contributor,2019-11-25,2026-06-16,6,2026-06-14,2026-06-18,In-Person Workshop,True,True
U03060,Retail Banking,Manager,Europe,People Manager,2024-01-15,2026-04-07,4,2026-04-06,2026-04-11,Self-Paced eLearning,False,True
U03061,Commercial Banking,Associate,Canada - East,Individual Contributor,2021-05-02,2026-05-07,5,2026-05-03,,In-Person Workshop,False,True
U03062,Operations,Director,Canada - West,Senior Leader,2017-08-05,2026-01-08,1,2026-01-06,2026-01-11,Live Virtual,False,True
U03063,Retail Banking,Analyst,Canada - East,Individual Contributor,2024-12-24,2026-02-16,2,2026-02-13,2026-02-18,Manager-Led Briefing,False,True
U03064,Risk and Compliance,Manager,US - Northeast,People Manager,2022-12-16,2026-04-25,4,2026-04-22,,Live Virtual,False,True
U03065,Operations,Operations Specialist,US - Midwest,Individual Contributor,2016-09-21,2026-01-18,1,2026-01-15,,Self-Paced eLearning,False,True
U03066,Operations,Associate,Canada - East,Individual Contributor,2021-09-25,2026-06-02,6,2026-05-30,2026-06-06,Live Virtual,False,True
U03067,Operations,Associate,Canada - East,Individual Contributor,2018-04-24,2026-05-14,5,2026-05-11,,Live Virtual,True,True
U03068,Retail Banking,Relationship Manager,US - Northeast,Individual Contributor,2025-01-13,2026-05-17,5,2026-05-12,,Self-Paced eLearning,True,True
U03069,Capital Markets,Associate,Canada - East,Individual Contributor,2016-05-05,2026-04-07,4,2026-04-03,2026-04-20,Live Virtual,True,True
U03070,Operations,Associate,Canada - West,Individual Contributor,2022-09-08,2026-06-14,6,2026-06-07,2026-06-10,In-Person Workshop,False,True
U03071,Retail Banking,Relationship Manager,US - Northeast,Individual Contributor,2022-10-21,2026-05-04,5,2026-05-01,2026-05-13,In-Person Workshop,False,True
U03072,Corporate Functions,Director,US - Midwest,Senior Leader,2018-09-04,2026-04-18,4,2026-04-15,2026-05-01,Self-Paced eLearning,True,True
U03073,Wealth Management,Analyst,Canada - West,Individual Contributor,2023-12-27,2026-06-14,6,2026-06-09,,Self-Paced eLearning,False,True
U03074,Capital Markets,Developer,US - Northeast,Individual Contributor,2017-09-23,2026-02-28,2,2026-02-23,2026-02-26,Manager-Led Briefing,True,True
U03075,Risk and Compliance,Analyst,Europe,Individual Contributor,2019-09-03,,4,2026-04-11,2026-04-17,Manager-Led Briefing,False,False
U03076,Risk and Compliance,Risk Analyst,Canada - East,Individual Contributor,2021-05-10,2026-05-08,5,2026-05-05,2026-05-08,Live Virtual,True,True
U03077,Operations,Operations Specialist,Canada - West,Individual Contributor,2025-05-18,2026-05-13,5,2026-05-10,2026-05-14,Self-Paced eLearning,True,False
U03078,Commercial Banking,Relationship Manager,APAC,Individual Contributor,2016-09-10,2026-03-05,3,2026-03-02,2026-03-05,Manager-Led Briefing,False,True
U03079,Commercial Banking,Relationship Manager,Europe,Individual Contributor,2016-10-20,2026-02-18,2,2026-02-16,2026-02-19,Live Virtual,False,True
U03080,Retail Banking,Associate,Europe,Individual Contributor,2017-09-23,2026-04-25,4,2026-04-18,2026-05-05,Live Virtual,True,True
U03081,Retail Banking,Associate,Canada - East,Individual Contributor,2024-02-07,2026-04-06,4,2026-04-03,,Self-Paced eLearning,False,True
U03082,Retail Banking,Analyst,US - Northeast,Individual Contributor,2022-01-28,2026-03-21,3,2026-03-14,,Live Virtual,False,True
U03083,Commercial Banking,Manager,APAC,People Manager,2021-08-09,2026-02-03,2,2026-01-30,2026-02-08,Live Virtual,True,True
U03084,Wealth Management,Manager,Canada - East,People Manager,2019-11-07,2026-02-24,2,2026-02-17,,Live Virtual,False,True
U03085,Capital Markets,Analyst,Canada - East,Individual Contributor,2016-08-09,2026-02-25,2,2026-02-24,2026-02-27,Self-Paced eLearning,False,True
U03086,Operations,Associate,APAC,Individual Contributor,2023-06-11,2026-02-15,2,2026-02-11,,In-Person Workshop,False,True
U03087,Retail Banking,Associate,US - Northeast,Individual Contributor,2019-08-05,2026-03-21,3,2026-03-21,,Live Virtual,False,True
U03088,Operations,Operations Specialist,Canada - West,Individual Contributor,2020-10-18,2026-03-25,3,2026-03-24,,Self-Paced eLearning,False,True
U03089,Technology,Analyst,Canada - East,Individual Contributor,2020-08-17,2026-02-05,2,2026-02-02,2026-02-14,Manager-Led Briefing,False,True
U03090,Risk and Compliance,Risk Analyst,Canada - East,Individual Contributor,2022-11-11,2026-02-24,2,2026-02-20,2026-03-03,In-Person Workshop,False,True
U03091,Risk and Compliance,Risk Analyst,Canada - West,Individual Contributor,2024-04-18,2026-04-01,4,2026-03-27,2026-04-03,Self-Paced eLearning,False,True
U03092,Risk and Compliance,Risk Analyst,US - Midwest,Individual Contributor,2023-01-08,2026-05-12,5,2026-05-05,2026-05-08,Live Virtual,True,True
U03093,Wealth Management,Associate,Canada - East,Individual Contributor,2024-09-22,2026-05-19,5,2026-05-17,2026-05-28,Self-Paced eLearning,False,True
U03094,Corporate Functions,Analyst,Canada - West,Individual Contributor,2021-07-07,2026-04-15,4,2026-04-13,2026-04-19,Self-Paced eLearning,False,True
U03095,Technology,Developer,Canada - East,Individual Contributor,2022-03-16,2026-01-27,1,2026-01-24,2026-02-08,Live Virtual,False,True
U03096,Retail Banking,Relationship Manager,US - Northeast,Individual Contributor,2022-03-17,2026-04-18,4,2026-04-17,,Self-Paced eLearning,False,True
U03097,Retail Banking,Relationship Manager,APAC,Individual Contributor,2024-08-14,2026-06-03,6,2026-06-01,,Live Virtual,False,True
U03098,Operations,Operations Specialist,Canada - East,Individual Contributor,2021-04-14,2026-06-18,6,2026-06-15,2026-07-05,In-Person Workshop,False,True
U03099,Retail Banking,Associate,Canada - East,Individual Contributor,2016-03-05,2026-05-16,5,2026-05-09,,Self-Paced eLearning,False,True
U03100,Retail Banking,Relationship Manager,Canada - East,Individual Contributor,2024-07-09,2026-05-13,5,2026-05-09,2026-05-29,Live Virtual,False,True
U03101,Corporate Functions,Associate,US - Midwest,Individual Contributor,2025-01-06,2026-05-22,5,2026-05-15,,In-Person Workshop,False,True
U03102,Retail Banking,Associate,Canada - East,Individual Contributor,2020-07-01,2026-02-17,2,2026-02-13,2026-02-16,In-Person Workshop,False,True
U03103,Corporate Functions,Analyst,Canada - West,Individual Contributor,2022-09-06,2026-05-16,5,2026-05-14,2026-06-02,Self-Paced eLearning,True,True
U03104,Capital Markets,Analyst,Canada - West,Individual Contributor,2017-06-30,2026-02-06,2,2026-02-02,2026-02-21,Self-Paced eLearning,False,True
U03105,Commercial Banking,Associate,Canada - East,Individual Contributor,2017-03-11,2026-02-27,2,2026-02-25,2026-03-02,Manager-Led Briefing,False,True
U03106,Commercial Banking,Manager,Canada - East,People Manager,2022-03-01,2026-03-27,3,2026-03-27,2026-03-30,Self-Paced eLearning,False,True
U03107,Operations,Operations Specialist,Canada - West,Individual Contributor,2016-07-02,2026-03-24,3,2026-03-19,,Self-Paced eLearning,False,True
U03108,Commercial Banking,Relationship Manager,Canada - West,Individual Contributor,2020-01-03,2026-02-08,2,2026-02-08,2026-03-01,In-Person Workshop,True,True
U03109,Retail Banking,Associate,US - Northeast,Individual Contributor,2018-01-15,2026-06-10,6,2026-06-05,,In-Person Workshop,False,True
U03110,Risk and Compliance,Associate,Canada - East,Individual Contributor,2024-09-16,2026-05-15,5,2026-05-15,,Live Virtual,False,True
U03111,Operations,Operations Specialist,US - Northeast,Individual Contributor,2018-05-29,2026-01-20,1,2026-01-16,2026-02-04,Self-Paced eLearning,False,True
U03112,Retail Banking,Associate,Canada - West,Individual Contributor,2018-08-23,2026-02-08,2,2026-02-08,2026-02-23,Self-Paced eLearning,False,True
U03113,Capital Markets,Associate,US - Northeast,Individual Contributor,2019-08-16,2026-01-09,1,2026-01-07,2026-01-18,Live Virtual,False,True
U03114,Commercial Banking,Associate,US - Northeast,Individual Contributor,2021-07-21,2026-02-19,2,2026-02-16,2026-02-26,In-Person Workshop,False,True
U03115,Operations,Operations Specialist,Canada - East,Individual Contributor,2022-09-01,2026-05-27,6,2026-05-26,,Live Virtual,False,True
U03116,Commercial Banking,Relationship Manager,Europe,Individual Contributor,2018-12-27,2026-02-18,2,2026-02-12,2026-03-01,In-Person Workshop,False,True
U03117,Retail Banking,Analyst,Europe,Individual Contributor,2019-06-17,2026-06-14,6,2026-06-07,,Live Virtual,False,True
U03118,Commercial Banking,Analyst,US - Northeast,Individual Contributor,2021-09-07,2026-02-24,2,2026-02-21,2026-03-05,Self-Paced eLearning,False,True
U03119,Retail Banking,Manager,Canada - East,People Manager,2022-10-07,2026-02-10,2,2026-02-03,2026-02-22,Self-Paced eLearning,False,True
U03120,Retail Banking,Associate,Canada - East,Individual Contributor,2017-12-30,2026-05-28,6,2026-05-23,,Live Virtual,False,True
U03121,Retail Banking,Manager,Canada - East,People Manager,2024-06-29,2026-06-09,6,2026-06-08,2026-06-19,Self-Paced eLearning,False,True
U03122,Operations,Operations Specialist,US - Northeast,Individual Contributor,2024-10-19,2026-04-21,4,2026-04-18,,Self-Paced eLearning,False,False
U03123,Operations,Manager,Canada - West,People Manager,2018-03-27,2026-04-04,4,2026-04-04,2026-04-21,Self-Paced eLearning,True,True
U03124,Operations,Associate,Canada - East,Individual Contributor,2020-05-13,2026-04-25,4,2026-04-23,2026-04-26,Live Virtual,False,True
U03125,Retail Banking,Associate,Canada - West,Individual Contributor,2018-05-17,2026-03-11,3,2026-03-09,2026-03-15,Manager-Led Briefing,False,True
U03126,Retail Banking,Relationship Manager,Canada - East,Individual Contributor,2023-04-07,2026-06-18,6,2026-06-14,,Live Virtual,False,True
U03127,Technology,Developer,Canada - East,Individual Contributor,2024-07-19,2026-02-21,2,2026-02-17,,Self-Paced eLearning,False,True
U03128,Retail Banking,Relationship Manager,Europe,Individual Contributor,2016-06-22,2026-01-10,1,2026-01-04,2026-01-20,Self-Paced eLearning,True,True
U03129,Commercial Banking,Associate,US - Northeast,Individual Contributor,2024-12-15,2026-05-09,5,2026-05-02,,Live Virtual,False,True
U03130,Corporate Functions,Director,Canada - West,Senior Leader,2021-07-21,2026-06-09,6,2026-06-06,2026-06-16,In-Person Workshop,False,True
U03131,Operations,Operations Specialist,Europe,Individual Contributor,2017-01-24,2026-06-09,6,2026-06-07,2026-06-20,Self-Paced eLearning,False,True
U03132,Risk and Compliance,Risk Analyst,Canada - East,Individual Contributor,2021-04-22,2026-03-30,4,2026-03-26,2026-04-16,Live Virtual,False,True
U03133,Retail Banking,Manager,Canada - West,People Manager,2021-05-05,2026-03-11,3,2026-03-06,2026-03-20,Self-Paced eLearning,True,True
U03134,Retail Banking,Associate,US - Northeast,Individual Contributor,2022-02-06,2026-05-05,5,2026-05-04,,Self-Paced eLearning,False,True
U03135,Capital Markets,Associate,US - Midwest,Individual Contributor,2019-10-27,2026-04-13,4,2026-04-07,2026-04-19,Live Virtual,True,True
U03136,Capital Markets,Analyst,US - Northeast,Individual Contributor,2016-01-23,2026-01-14,1,2026-01-09,,In-Person Workshop,False,True
U03137,Wealth Management,Associate,Europe,Individual Contributor,2018-02-27,2026-03-18,3,2026-03-17,2026-03-28,Live Virtual,False,True
U03138,Retail Banking,Associate,Europe,Individual Contributor,2025-03-22,2026-06-09,6,2026-06-09,2026-06-22,Self-Paced eLearning,True,True
U03139,Capital Markets,Analyst,Canada - East,Individual Contributor,2018-08-14,2026-01-27,1,2026-01-23,,Live Virtual,False,True
U03140,Operations,Operations Specialist,Canada - East,Individual Contributor,2024-01-27,2026-02-10,2,2026-02-04,,Self-Paced eLearning,False,True
U03141,Operations,Director,Canada - East,Senior Leader,2020-04-05,2026-06-20,6,2026-06-17,2026-06-24,In-Person Workshop,,True
U03142,Retail Banking,Manager,Canada - East,People Manager,2021-07-06,2026-02-12,2,2026-02-10,,Live Virtual,False,True
U03143,Corporate Functions,Associate,Canada - East,Individual Contributor,2022-03-07,2026-03-16,3,2026-03-10,2026-03-29,Manager-Led Briefing,False,True
U03144,Retail Banking,Associate,Europe,Individual Contributor,2021-07-07,2026-06-18,6,2026-06-13,,In-Person Workshop,False,True
U03145,Wealth Management,Manager,US - Northeast,People Manager,2023-01-07,2026-04-09,4,2026-04-07,,Manager-Led Briefing,False,True
U03146,Commercial Banking,Relationship Manager,Europe,Individual Contributor,2024-10-16,2026-03-30,4,2026-03-30,2026-04-20,Self-Paced eLearning,False,True
U03147,Capital Markets,Analyst,Canada - East,Individual Contributor,2022-01-19,2026-01-28,1,2026-01-21,2026-02-01,Live Virtual,True,True
U03148,Capital Markets,Associate,US - Northeast,Individual Contributor,2023-01-14,2026-04-11,4,2026-04-11,2026-04-26,Live Virtual,False,True
U03149,Wealth Management,Relationship Manager,US - Midwest,Individual Contributor,2017-02-11,2026-06-06,6,2026-06-04,2026-06-09,Self-Paced eLearning,False,False
U03150,Retail Banking,Relationship Manager,US - Midwest,Individual Contributor,2024-09-29,2026-04-22,4,2026-04-18,2026-05-04,Manager-Led Briefing,False,True
U03151,Retail Banking,Manager,Canada - East,People Manager,2021-02-05,2026-02-22,2,2026-02-20,,Manager-Led Briefing,True,True
U03152,Commercial Banking,Relationship Manager,Canada - East,Individual Contributor,2019-07-29,2026-01-08,1,2026-01-01,,Self-Paced eLearning,False,False
U03153,Operations,Analyst,US - Northeast,Individual Contributor,2024-01-29,2026-04-25,4,2026-04-23,2026-05-02,Self-Paced eLearning,False,True
U03154,Retail Banking,Relationship Manager,Europe,Individual Contributor,2023-03-10,2026-02-14,2,2026-02-09,,In-Person Workshop,True,True
U03155,Retail Banking,Relationship Manager,Canada - East,Individual Contributor,2018-09-22,2026-05-05,5,2026-04-28,2026-05-08,Self-Paced eLearning,False,True
U03156,Operations,Operations Specialist,Canada - East,Individual Contributor,2024-04-16,2026-03-07,3,2026-03-05,,Live Virtual,False,True
U03157,Retail Banking,Associate,US - Midwest,Individual Contributor,2020-04-21,2026-06-13,6,2026-06-11,,Live Virtual,False,True
U03158,Retail Banking,Director,Europe,Senior Leader,2024-06-23,2026-06-19,6,2026-06-15,2026-06-24,In-Person Workshop,False,True
U03159,Risk and Compliance,Analyst,US - Northeast,Individual Contributor,2024-07-19,2026-04-24,4,2026-04-17,2026-05-01,In-Person Workshop,False,True
U03160,Operations,Director,Canada - East,Senior Leader,2020-01-13,2026-03-27,3,2026-03-25,,Live Virtual,False,True
U03161,Corporate Functions,Analyst,US - Northeast,Individual Contributor,2017-08-27,2026-05-19,5,2026-05-19,,Live Virtual,False,True
U03162,Corporate Functions,Associate,Canada - East,Individual Contributor,2020-10-14,2026-04-17,4,2026-04-16,2026-05-06,Self-Paced eLearning,False,True
U03163,Retail Banking,Relationship Manager,Canada - East,Individual Contributor,2023-08-15,2026-02-11,2,2026-02-11,,In-Person Workshop,True,True
U03164,Capital Markets,Analyst,US - Northeast,Individual Contributor,2017-12-06,2026-04-05,4,2026-04-04,2026-04-09,Live Virtual,False,True
U03165,Commercial Banking,Associate,Canada - East,Individual Contributor,2025-03-05,2026-05-04,5,2026-04-28,,Live Virtual,False,True
U03166,Commercial Banking,Relationship Manager,Europe,Individual Contributor,2024-04-06,2026-04-29,5,2026-04-28,2026-05-19,Self-Paced eLearning,False,True
U03167,Retail Banking,Analyst,Canada - East,Individual Contributor,2016-07-09,2026-06-14,6,2026-06-08,,Self-Paced eLearning,False,True
U03168,Retail Banking,Analyst,US - Midwest,Individual Contributor,2019-10-28,2026-04-15,4,2026-04-15,,Live Virtual,False,True
U03169,Retail Banking,Associate,Canada - East,Individual Contributor,2025-11-01,2026-04-07,4,2026-04-03,,In-Person Workshop,False,True
U03170,Commercial Banking,Associate,Canada - East,Individual Contributor,2020-05-08,2026-04-13,4,2026-04-13,2026-04-27,Self-Paced eLearning,False,True
U03171,Corporate Functions,Manager,Europe,People Manager,2023-11-05,2026-02-09,2,2026-02-05,2026-02-16,Live Virtual,False,True
U03172,Commercial Banking,Relationship Manager,Canada - East,Individual Contributor,2024-12-09,2026-03-05,3,2026-03-04,,Manager-Led Briefing,False,True
U03173,Capital Markets,Associate,Canada - West,Individual Contributor,2020-05-15,2026-03-27,3,2026-03-21,2026-03-25,Self-Paced eLearning,False,True
U03174,Corporate Functions,Manager,US - Midwest,People Manager,2017-05-16,2026-04-07,4,2026-04-03,2026-04-14,Self-Paced eLearning,True,True
U03175,Commercial Banking,Relationship Manager,US - Midwest,Individual Contributor,2016-12-29,2026-03-30,4,2026-03-28,2026-04-01,Live Virtual,False,True
U03176,Retail Banking,Manager,APAC,People Manager,2020-05-18,2026-03-13,3,2026-03-12,,In-Person Workshop,False,True
U03177,Risk and Compliance,Risk Analyst,US - Midwest,Individual Contributor,2019-03-10,2026-04-11,4,2026-04-10,2026-04-21,Self-Paced eLearning,True,True
U03178,Operations,Operations Specialist,US - Northeast,Individual Contributor,2025-01-16,2026-03-10,3,2026-03-07,2026-03-21,In-Person Workshop,False,True
U03179,Retail Banking,Relationship Manager,Canada - West,Individual Contributor,2018-03-17,2026-03-17,3,2026-03-17,,Live Virtual,False,True
U03180,Technology,Manager,US - Northeast,People Manager,2018-05-25,2026-06-11,6,2026-06-08,2026-06-24,In-Person Workshop,False,True
U03181,Risk and Compliance,Risk Analyst,APAC,Individual Contributor,2021-04-15,,4,2026-04-17,,Live Virtual,False,False
U03182,Retail Banking,Relationship Manager,Canada - East,Individual Contributor,2016-02-03,2026-04-11,4,2026-04-05,,Self-Paced eLearning,False,True
U03183,Technology,Developer,Canada - East,Individual Contributor,2024-10-18,2026-02-02,2,2026-01-30,2026-02-17,In-Person Workshop,False,True
U03184,Retail Banking,Associate,US - Northeast,Individual Contributor,2022-08-16,2026-04-29,5,2026-04-22,2026-04-28,Live Virtual,False,True
U03185,Retail Banking,Associate,Europe,Individual Contributor,2018-12-10,2026-02-20,2,2026-02-16,2026-02-25,In-Person Workshop,True,False
U03186,Retail Banking,Relationship Manager,Canada - West,Individual Contributor,2023-05-08,2026-02-04,2,2026-01-29,2026-02-14,Self-Paced eLearning,False,True
U03187,Capital Markets,Associate,Canada - West,Individual Contributor,2025-02-12,2026-02-08,2,2026-02-01,2026-02-15,Self-Paced eLearning,False,True
U03188,Risk and Compliance,Manager,Canada - East,People Manager,2020-08-26,2026-05-26,6,2026-05-25,2026-06-15,Live Virtual,False,True
U03189,Retail Banking,Associate,US - Northeast,Individual Contributor,2019-11-22,2026-06-18,6,2026-06-16,,Live Virtual,False,True
U03190,Operations,Director,Canada - East,Senior Leader,2021-12-31,2026-05-19,5,2026-05-16,2026-05-28,In-Person Workshop,False,True
U03191,Retail Banking,Relationship Manager,US - Midwest,Individual Contributor,2021-03-12,2026-03-10,3,2026-03-05,2026-03-09,Live Virtual,False,True
U03192,Retail Banking,Relationship Manager,US - Northeast,Individual Contributor,2022-12-19,2026-06-14,6,2026-06-07,2026-06-12,Manager-Led Briefing,True,True
U03193,Technology,Developer,US - Midwest,Individual Contributor,2024-09-01,2026-03-15,3,2026-03-14,2026-04-02,Live Virtual,False,True
U03194,Commercial Banking,Associate,APAC,Individual Contributor,2020-12-16,2026-03-18,3,2026-03-15,2026-03-30,In-Person Workshop,False,True
U03195,Commercial Banking,Analyst,APAC,Individual Contributor,2017-02-15,2026-04-12,4,2026-04-07,2026-04-26,Self-Paced eLearning,False,True
U03196,Operations,Operations Specialist,US - Northeast,Individual Contributor,2017-12-31,2026-06-04,6,2026-05-30,2026-06-15,Self-Paced eLearning,False,True
U03197,Technology,Director,Canada - East,Senior Leader,2017-07-30,2026-03-13,3,2026-03-10,2026-03-30,Live Virtual,False,True
U03198,Retail Banking,Associate,Europe,Individual Contributor,2016-09-18,2026-05-27,6,2026-05-21,2026-06-05,Live Virtual,False,True
U03199,Retail Banking,Relationship Manager,Canada - East,Individual Contributor,2022-08-10,2026-01-23,1,2026-01-20,2026-02-04,Live Virtual,False,True
U03200,Risk and Compliance,Risk Analyst,Canada - East,Individual Contributor,2021-03-04,2026-03-15,3,2026-03-15,,In-Person Workshop,False,True
U03201,Capital Markets,Associate,Canada - West,Individual Contributor,2018-10-05,2026-01-11,1,2026-01-07,2026-01-13,In-Person Workshop,False,True
U03202,Risk and Compliance,Analyst,Europe,Individual Contributor,2016-03-24,2026-04-09,4,2026-04-03,,In-Person Workshop,True,True
U03203,Risk and Compliance,Risk Analyst,US - Northeast,Individual Contributor,2017-03-20,2026-05-27,6,2026-05-25,2026-06-08,Self-Paced eLearning,False,True
U03204,Commercial Banking,Associate,US - Midwest,Individual Contributor,2016-09-23,2026-01-27,1,2026-01-20,2026-01-31,Live Virtual,True,True
U03205,Risk and Compliance,Analyst,Canada - West,Individual Contributor,2025-03-01,2026-03-22,3,2026-03-16,2026-03-27,Self-Paced eLearning,False,False
U03206,Operations,Operations Specialist,US - Midwest,Individual Contributor,2020-10-18,2026-05-04,5,2026-04-28,2026-05-12,In-Person Workshop,False,True
U03207,Retail Banking,Associate,US - Northeast,Individual Contributor,2017-07-04,2026-01-19,1,2026-01-19,2026-02-02,Self-Paced eLearning,True,True
U03208,Retail Banking,Relationship Manager,Europe,Individual Contributor,2025-12-04,2026-03-25,3,2026-03-21,,Self-Paced eLearning,,True
U03209,Retail Banking,Relationship Manager,Europe,Individual Contributor,2016-06-05,2026-05-29,6,2026-05-26,,Manager-Led Briefing,False,True
U03210,Retail Banking,Relationship Manager,Canada - East,Individual Contributor,2023-06-14,2026-02-17,2,2026-02-15,,Live Virtual,False,True
U03211,Operations,Manager,Canada - West,People Manager,2023-05-09,2026-03-19,3,2026-03-13,2026-04-03,In-Person Workshop,True,True
U03212,Capital Markets,Manager,US - Northeast,People Manager,2019-10-15,2026-01-27,1,2026-01-21,,Self-Paced eLearning,False,True
U03213,Wealth Management,Analyst,Canada - East,Individual Contributor,2022-08-15,2026-04-10,4,2026-04-08,,In-Person Workshop,False,True
U03214,Commercial Banking,Associate,US - Northeast,Individual Contributor,2020-01-05,2026-02-22,2,2026-02-20,2026-03-11,Self-Paced eLearning,False,True
U03215,Retail Banking,Manager,Canada - East,People Manager,2022-10-09,2026-01-22,1,2026-01-21,,Live Virtual,False,True
U03216,Capital Markets,Manager,APAC,People Manager,2019-03-26,2026-03-12,3,2026-03-05,2026-03-26,Manager-Led Briefing,True,True
U03217,Operations,Associate,Canada - East,Individual Contributor,2020-04-05,2026-05-28,6,2026-05-21,,In-Person Workshop,False,True
U03218,Retail Banking,Relationship Manager,Canada - West,Individual Contributor,2019-07-23,2026-01-17,1,2026-01-13,,Live Virtual,False,True
U03219,Operations,Associate,US - Midwest,Individual Contributor,2023-05-13,2026-01-31,1,2026-01-29,2026-02-08,Live Virtual,False,True
U03220,Operations,Manager,Canada - East,People Manager,2020-06-16,2026-04-08,4,2026-04-07,2026-04-22,Live Virtual,False,True
U03221,Retail Banking,Associate,Canada - West,Individual Contributor,2019-07-08,2026-04-24,4,2026-04-17,2026-05-06,Live Virtual,False,True
U03222,Wealth Management,Associate,Canada - East,Individual Contributor,2022-02-02,2026-05-12,5,2026-05-11,2026-05-15,Self-Paced eLearning,True,True
U03223,Capital Markets,Manager,Canada - East,People Manager,2021-02-21,2026-01-25,1,2026-01-24,,Self-Paced eLearning,False,True
U03224,Commercial Banking,Manager,US - Northeast,People Manager,2025-04-19,2026-05-08,5,2026-05-05,,Manager-Led Briefing,False,True
U03225,Retail Banking,Relationship Manager,Europe,Individual Contributor,2017-03-10,2026-05-02,5,2026-04-28,2026-05-05,Self-Paced eLearning,True,True
U03226,Wealth Management,Analyst,Canada - East,Individual Contributor,2022-11-20,2026-05-27,6,2026-05-26,2026-06-10,Live Virtual,False,True
U03227,Commercial Banking,Relationship Manager,US - Midwest,Individual Contributor,2022-02-05,2026-03-08,3,2026-03-01,2026-03-16,Live Virtual,True,True
U03228,Retail Banking,Relationship Manager,APAC,Individual Contributor,2017-05-16,2026-01-24,1,2026-01-21,2026-01-25,Manager-Led Briefing,False,True
U03229,Commercial Banking,Analyst,Canada - East,Individual Contributor,2018-12-25,2026-02-05,2,2026-02-03,2026-02-15,Self-Paced eLearning,False,True
U03230,Technology,Developer,Canada - East,Individual Contributor,2023-09-06,2026-05-26,6,2026-05-26,2026-05-30,Manager-Led Briefing,False,True
U03231,Operations,Operations Specialist,APAC,Individual Contributor,2021-02-27,2026-02-06,2,2026-02-01,2026-02-17,Live Virtual,False,True
U03232,Retail Banking,Relationship Manager,Canada - East,Individual Contributor,2021-03-31,2026-05-24,5,2026-05-20,,Self-Paced eLearning,True,True
U03233,Technology,Developer,Europe,Individual Contributor,2024-11-26,2026-03-01,2,2026-02-25,,Self-Paced eLearning,True,True
U03234,Retail Banking,Relationship Manager,Canada - East,Individual Contributor,2022-06-13,2026-05-30,6,2026-05-27,,Self-Paced eLearning,False,True
U03235,Retail Banking,Analyst,Europe,Individual Contributor,2020-07-06,2026-03-05,3,2026-03-04,2026-03-16,Live Virtual,False,True
U03236,Retail Banking,Manager,Canada - East,People Manager,2020-11-28,2026-01-26,1,2026-01-19,2026-01-27,Self-Paced eLearning,False,False
U03237,Corporate Functions,Analyst,Canada - West,Individual Contributor,2016-04-05,2026-02-16,2,2026-02-13,2026-02-22,Self-Paced eLearning,False,True
U03238,Operations,Operations Specialist,US - Midwest,Individual Contributor,2020-03-03,2026-06-18,6,2026-06-15,,Self-Paced eLearning,False,True
U03239,Operations,Operations Specialist,US - Northeast,Individual Contributor,2018-09-05,2026-06-15,6,2026-06-14,2026-07-05,Self-Paced eLearning,False,True
U03240,Operations,Associate,APAC,Individual Contributor,2020-11-05,2026-03-03,3,2026-03-01,,Manager-Led Briefing,False,True
U03241,Risk and Compliance,Risk Analyst,US - Northeast,Individual Contributor,2024-04-11,2026-05-14,5,2026-05-13,2026-05-31,Live Virtual,False,True
U03242,Technology,Director,Europe,Senior Leader,2018-10-31,2026-02-09,2,2026-02-02,2026-02-06,Self-Paced eLearning,False,True
U03243,Risk and Compliance,Risk Analyst,US - Northeast,Individual Contributor,2017-11-13,2026-04-13,4,2026-04-06,,Live Virtual,True,True
U03244,Operations,Associate,Canada - West,Individual Contributor,2021-09-22,2026-01-19,1,2026-01-14,,In-Person Workshop,False,True
U03245,Retail Banking,Associate,Canada - West,Individual Contributor,2020-03-15,2026-02-13,2,2026-02-10,2026-02-15,Self-Paced eLearning,False,True
U03246,Technology,Director,Canada - West,Senior Leader,2021-11-10,2026-02-13,2,2026-02-06,2026-02-18,Self-Paced eLearning,False,True
U03247,Operations,Operations Specialist,US - Northeast,Individual Contributor,2016-08-11,2026-02-07,2,2026-02-01,,In-Person Workshop,False,True
U03248,Wealth Management,Associate,US - Midwest,Individual Contributor,2022-11-07,2026-03-09,3,2026-03-07,2026-03-23,Live Virtual,True,True
U03249,Risk and Compliance,Director,Canada - East,Senior Leader,2017-10-13,2026-06-02,6,2026-06-01,2026-06-11,Self-Paced eLearning,False,True
U03250,Technology,Associate,Europe,Individual Contributor,2023-12-31,2026-02-05,2,2026-01-30,2026-02-08,Manager-Led Briefing,True,True
U03251,Corporate Functions,Associate,Canada - East,Individual Contributor,2022-04-22,2026-06-19,6,2026-06-13,2026-06-30,Self-Paced eLearning,False,True
U03252,Technology,Developer,APAC,Individual Contributor,2017-05-01,2026-03-01,2,2026-02-22,2026-03-14,Self-Paced eLearning,False,True
U03253,Retail Banking,Relationship Manager,Canada - East,Individual Contributor,2021-07-02,2026-06-18,6,2026-06-13,2026-06-18,Self-Paced eLearning,False,True
U03254,Technology,Developer,Europe,Individual Contributor,2022-08-13,2026-03-25,3,2026-03-20,2026-04-04,In-Person Workshop,False,True
U03255,Retail Banking,Analyst,Canada - East,Individual Contributor,2017-09-14,2026-02-20,2,2026-02-14,2026-02-23,In-Person Workshop,False,True
U03256,Wealth Management,Analyst,US - Northeast,Individual Contributor,2022-05-15,2026-03-16,3,2026-03-13,2026-03-17,In-Person Workshop,False,True
U03257,Retail Banking,Associate,Canada - East,Individual Contributor,2022-08-17,2026-02-22,2,2026-02-20,2026-02-24,Live Virtual,True,True
U03258,Operations,Operations Specialist,Canada - West,Individual Contributor,2016-10-04,,2,2026-02-19,,Self-Paced eLearning,True,False
U03259,Technology,Analyst,US - Northeast,Individual Contributor,2022-12-18,2026-02-27,2,2026-02-20,2026-03-10,Self-Paced eLearning,False,True
U03260,Retail Banking,Relationship Manager,Canada - East,Individual Contributor,2021-03-04,2026-01-21,1,2026-01-15,2026-02-03,Live Virtual,True,True
U03261,Retail Banking,Relationship Manager,Canada - West,Individual Contributor,2020-01-20,2026-02-21,2,2026-02-16,2026-03-03,Self-Paced eLearning,False,True
U03262,Commercial Banking,Analyst,US - Northeast,Individual Contributor,2020-05-30,2026-03-19,3,2026-03-16,,In-Person Workshop,True,True
U03263,Retail Banking,Relationship Manager,US - Northeast,Individual Contributor,2019-04-01,2026-02-01,1,2026-01-30,,Live Virtual,False,True
U03264,Technology,Developer,Canada - East,Individual Contributor,2022-11-27,2026-01-15,1,2026-01-14,2026-01-22,Live Virtual,True,True
U03265,Operations,Analyst,US - Northeast,Individual Contributor,2020-02-05,2026-01-07,1,2026-01-05,2026-01-21,Live Virtual,False,True
U03266,Retail Banking,Analyst,Canada - East,Individual Contributor,2019-10-18,2026-05-05,5,2026-05-02,,Self-Paced eLearning,False,True
U03267,Retail Banking,Manager,APAC,People Manager,2018-11-04,,2,2026-02-26,,Live Virtual,,False
U03268,Capital Markets,Director,US - Northeast,Senior Leader,2023-06-09,2026-01-22,1,2026-01-18,2026-01-26,Self-Paced eLearning,False,True
U03269,Corporate Functions,Associate,APAC,Individual Contributor,2022-10-09,2026-04-23,4,2026-04-17,2026-05-05,Live Virtual,False,True
U03270,Retail Banking,Analyst,US - Northeast,Individual Contributor,2023-09-12,2026-04-13,4,2026-04-13,,Self-Paced eLearning,False,True
U03271,Corporate Functions,Associate,US - Midwest,Individual Contributor,2017-09-09,2026-02-17,2,2026-02-15,2026-02-20,Live Virtual,False,True
U03272,Commercial Banking,Relationship Manager,Canada - West,Individual Contributor,2023-08-15,2026-04-06,4,2026-03-31,2026-04-03,In-Person Workshop,False,True
U03273,Commercial Banking,Associate,APAC,Individual Contributor,2018-05-22,2026-05-15,5,2026-05-10,2026-05-28,Self-Paced eLearning,False,True
U03274,Capital Markets,Analyst,APAC,Individual Contributor,2019-06-26,2026-01-21,1,2026-01-21,2026-02-07,In-Person Workshop,False,True
U03275,Capital Markets,Developer,Europe,Individual Contributor,2019-03-08,2026-01-23,1,2026-01-20,2026-01-24,In-Person Workshop,True,True
U03276,Wealth Management,Associate,Canada - East,Individual Contributor,2024-09-30,2026-05-14,5,2026-05-10,,Self-Paced eLearning,False,True
U03277,Technology,Developer,Canada - East,Individual Contributor,2024-05-16,2026-03-27,3,2026-03-24,,Self-Paced eLearning,True,True
U03278,Technology,Manager,Canada - East,People Manager,2021-10-16,2026-01-14,1,2026-01-08,2026-01-14,Self-Paced eLearning,False,True
U03279,Operations,Operations Specialist,Canada - East,Individual Contributor,2023-05-15,2026-05-04,5,2026-05-01,2026-05-15,Live Virtual,False,True
U03280,Retail Banking,Relationship Manager,Canada - West,Individual Contributor,2024-10-04,2026-05-16,5,2026-05-15,,Self-Paced eLearning,False,True
U03281,Commercial Banking,Relationship Manager,US - Midwest,Individual Contributor,2021-12-28,2026-01-18,1,2026-01-18,2026-02-04,Live Virtual,False,True
U03282,Retail Banking,Analyst,Europe,Individual Contributor,2021-10-09,,2,2026-02-06,2026-02-19,Self-Paced eLearning,False,False
U03283,Retail Banking,Relationship Manager,US - Midwest,Individual Contributor,2016-04-08,,4,2026-04-13,,Self-Paced eLearning,False,False
U03284,Retail Banking,Relationship Manager,US - Northeast,Individual Contributor,2017-11-23,2026-03-14,3,2026-03-11,2026-03-19,Live Virtual,False,True
U03285,Retail Banking,Manager,Canada - East,People Manager,2017-01-07,2026-03-08,3,2026-03-02,,In-Person Workshop,True,True
U03286,Commercial Banking,Director,Canada - West,Senior Leader,2022-03-17,2026-02-19,2,2026-02-13,2026-03-02,Self-Paced eLearning,False,True
U03287,Commercial Banking,Analyst,Canada - West,Individual Contributor,2021-05-26,2026-02-23,2,2026-02-22,,In-Person Workshop,False,True
U03288,Operations,Operations Specialist,Canada - East,Individual Contributor,2025-01-07,2026-01-07,1,2026-01-01,2026-01-05,In-Person Workshop,False,True
U03289,Retail Banking,Analyst,US - Northeast,Individual Contributor,2024-01-06,2026-03-04,3,2026-02-26,2026-03-15,Manager-Led Briefing,False,True
U03290,Operations,Operations Specialist,Europe,Individual Contributor,2021-04-14,2026-04-30,5,2026-04-27,,In-Person Workshop,True,True
U03291,Operations,Operations Specialist,Canada - East,Individual Contributor,2022-10-31,2026-03-09,3,2026-03-08,,Self-Paced eLearning,True,True
U03292,Capital Markets,Developer,US - Northeast,Individual Contributor,2017-03-27,2026-05-05,5,2026-05-04,2026-05-07,Live Virtual,False,True
U03293,Technology,Developer,US - Northeast,Individual Contributor,2016-09-20,2026-04-01,4,2026-03-31,2026-04-09,In-Person Workshop,False,True
U03294,Technology,Manager,US - Midwest,People Manager,2022-03-13,2026-01-25,1,2026-01-23,2026-02-05,Self-Paced eLearning,False,True
U03295,Technology,Developer,Canada - West,Individual Contributor,2022-11-10,2026-04-15,4,2026-04-10,2026-05-01,Manager-Led Briefing,False,True
U03296,Corporate Functions,Director,Canada - East,Senior Leader,2024-01-27,2026-03-18,3,2026-03-17,2026-03-23,Live Virtual,False,True
U03297,Capital Markets,Manager,Europe,People Manager,2024-12-30,2026-05-14,5,2026-05-08,2026-05-11,Manager-Led Briefing,True,True
U03298,Technology,Developer,Canada - East,Individual Contributor,2020-12-23,2026-04-22,4,2026-04-16,2026-04-28,Manager-Led Briefing,False,True
U03299,Technology,Developer,Canada - East,Individual Contributor,2024-05-29,,1,2026-01-24,2026-02-07,Live Virtual,True,False
U03300,Retail Banking,Relationship Manager,US - Northeast,Individual Contributor,2017-11-13,2026-04-22,4,2026-04-21,,Self-Paced eLearning,False,True
U03301,Corporate Functions,Director,Canada - West,Senior Leader,2025-04-18,2026-06-16,6,2026-06-09,2026-06-15,In-Person Workshop,,True
U03302,Operations,Operations Specialist,US - Northeast,Individual Contributor,2021-01-18,2026-02-18,2,2026-02-17,2026-03-08,Live Virtual,False,True
U03303,Retail Banking,Associate,Canada - East,Individual Contributor,2025-11-16,2026-04-06,4,2026-04-01,2026-04-18,Live Virtual,False,True
U03304,Corporate Functions,Analyst,Europe,Individual Contributor,2021-01-05,2026-01-21,1,2026-01-15,,Live Virtual,False,True
U03305,Capital Markets,Manager,Canada - East,People Manager,2020-03-06,2026-03-28,3,2026-03-26,2026-04-16,Live Virtual,True,True
U03306,Retail Banking,Associate,Canada - East,Individual Contributor,2018-12-16,2026-04-15,4,2026-04-08,,Live Virtual,False,True
U03307,Retail Banking,Director,Europe,Senior Leader,2017-10-05,2026-06-16,6,2026-06-14,2026-07-05,Self-Paced eLearning,False,True
U03308,Retail Banking,Analyst,US - Northeast,Individual Contributor,2020-06-18,2026-02-08,2,2026-02-06,2026-02-22,Live Virtual,False,True
U03309,Commercial Banking,Relationship Manager,Canada - West,Individual Contributor,2022-09-16,2026-03-27,3,2026-03-26,2026-03-30,Self-Paced eLearning,False,True
U03310,Retail Banking,Analyst,US - Midwest,Individual Contributor,2022-05-27,2026-06-21,6,2026-06-21,,Self-Paced eLearning,True,True
U03311,Risk and Compliance,Risk Analyst,APAC,Individual Contributor,2017-09-05,2026-06-08,6,2026-06-06,2026-06-17,In-Person Workshop,True,True
U03312,Risk and Compliance,Director,Canada - East,Senior Leader,2019-08-23,2026-05-25,6,2026-05-19,2026-06-05,Live Virtual,False,True
U03313,Technology,Developer,Canada - East,Individual Contributor,2021-04-09,,3,2026-03-08,2026-03-13,Live Virtual,False,False
U03314,Commercial Banking,Analyst,APAC,Individual Contributor,2023-03-23,2026-04-30,5,2026-04-27,,Live Virtual,True,True
U03315,Operations,Manager,Europe,People Manager,2022-10-08,2026-04-19,4,2026-04-19,,Live Virtual,False,True
U03316,Retail Banking,Associate,Canada - East,Individual Contributor,2023-10-07,2026-02-08,2,2026-02-05,,Self-Paced eLearning,False,True
U03317,Capital Markets,Analyst,APAC,Individual Contributor,2020-12-25,2026-01-12,1,2026-01-11,,Manager-Led Briefing,False,True
U03318,Retail Banking,Manager,US - Midwest,People Manager,2024-11-03,2026-06-14,6,2026-06-09,2026-06-27,Manager-Led Briefing,True,True
U03319,Retail Banking,Relationship Manager,US - Northeast,Individual Contributor,2022-10-04,2026-04-16,4,2026-04-09,,Live Virtual,False,True
U03320,Operations,Operations Specialist,US - Northeast,Individual Contributor,2020-05-22,2026-04-06,4,2026-03-31,2026-04-16,Self-Paced eLearning,True,True
U03321,Retail Banking,Manager,Canada - East,People Manager,2016-04-28,2026-04-01,4,2026-03-27,,Live Virtual,False,True
U03322,Operations,Director,Canada - West,Senior Leader,2020-01-06,2026-02-19,2,2026-02-15,2026-02-25,Live Virtual,,True
U03323,Capital Markets,Developer,US - Midwest,Individual Contributor,2019-03-06,2026-02-28,2,2026-02-25,2026-03-08,Self-Paced eLearning,False,True
U03324,Wealth Management,Associate,Europe,Individual Contributor,2020-09-10,2026-04-04,4,2026-04-04,,Self-Paced eLearning,False,True
U03325,Commercial Banking,Associate,US - Northeast,Individual Contributor,2025-02-10,2026-04-25,4,2026-04-25,2026-05-10,In-Person Workshop,False,False
U03326,Wealth Management,Relationship Manager,Europe,Individual Contributor,2024-01-11,2026-03-11,3,2026-03-10,2026-03-19,Self-Paced eLearning,False,True
U03327,Operations,Operations Specialist,APAC,Individual Contributor,2024-12-20,2026-03-25,3,2026-03-21,,Manager-Led Briefing,False,True
U03328,Wealth Management,Relationship Manager,Canada - East,Individual Contributor,2016-11-03,2026-05-31,6,2026-05-29,2026-06-01,Live Virtual,False,True
U03329,Technology,Analyst,Europe,Individual Contributor,2016-11-03,2026-01-13,1,2026-01-10,2026-01-27,Manager-Led Briefing,False,True
U03330,Retail Banking,Relationship Manager,Canada - West,Individual Contributor,2022-06-14,2026-03-21,3,2026-03-17,2026-04-02,Self-Paced eLearning,False,True
U03331,Corporate Functions,Manager,Canada - West,People Manager,2023-11-29,2026-02-09,2,2026-02-05,2026-02-23,Self-Paced eLearning,False,True
U03332,Retail Banking,Associate,Canada - West,Individual Contributor,2021-03-18,2026-01-11,1,2026-01-10,,Live Virtual,False,True
U03333,Retail Banking,Relationship Manager,US - Northeast,Individual Contributor,2020-06-02,2026-04-11,4,2026-04-07,,Self-Paced eLearning,False,True
U03334,Retail Banking,Relationship Manager,Canada - East,Individual Contributor,2018-12-02,2026-06-19,6,2026-06-19,2026-06-30,Live Virtual,False,True
U03335,Operations,Operations Specialist,US - Northeast,Individual Contributor,2025-04-06,2026-04-07,4,2026-04-04,2026-04-16,Self-Paced eLearning,False,True
U03336,Operations,Manager,US - Northeast,People Manager,2024-11-02,2026-01-05,1,2025-12-29,,Self-Paced eLearning,True,True
U03337,Technology,Analyst,Canada - West,Individual Contributor,2018-05-26,2026-02-08,2,2026-02-01,2026-02-06,Self-Paced eLearning,False,True
U03338,Risk and Compliance,Risk Analyst,Canada - East,Individual Contributor,2017-12-16,2026-05-11,5,2026-05-10,2026-05-29,Manager-Led Briefing,False,True
U03339,Operations,Director,Canada - West,Senior Leader,2020-10-27,2026-02-17,2,2026-02-15,,Self-Paced eLearning,False,True
U03340,Technology,Director,US - Midwest,Senior Leader,2019-07-01,2026-01-19,1,2026-01-12,2026-01-28,Live Virtual,True,True
U03341,Operations,Manager,Canada - East,People Manager,2016-12-03,2026-03-18,3,2026-03-12,2026-03-30,Live Virtual,False,True
U03342,Wealth Management,Associate,Canada - East,Individual Contributor,2017-04-24,2026-04-10,4,2026-04-04,2026-04-11,Self-Paced eLearning,False,True
U03343,Retail Banking,Associate,Canada - East,Individual Contributor,2016-12-08,2026-06-20,6,2026-06-19,,Live Virtual,True,True
U03344,Retail Banking,Associate,Europe,Individual Contributor,2023-12-29,2026-03-16,3,2026-03-13,2026-03-17,Live Virtual,True,True
U03345,Technology,Manager,US - Northeast,People Manager,2019-02-22,2026-04-19,4,2026-04-14,2026-04-26,Self-Paced eLearning,True,True
U03346,Commercial Banking,Relationship Manager,Canada - East,Individual Contributor,2018-10-11,,1,2026-01-18,,Live Virtual,False,False
U03347,Wealth Management,Relationship Manager,Europe,Individual Contributor,2018-02-18,2026-01-24,1,2026-01-23,2026-02-02,Self-Paced eLearning,False,True
U03348,Commercial Banking,Analyst,US - Midwest,Individual Contributor,2023-01-27,2026-02-25,2,2026-02-24,2026-03-01,In-Person Workshop,False,True
U03349,Capital Markets,Director,US - Midwest,Senior Leader,2023-02-20,2026-03-11,3,2026-03-09,2026-03-24,Live Virtual,True,True
U03350,Operations,Operations Specialist,Canada - East,Individual Contributor,2025-07-31,2026-04-26,4,2026-04-26,,Live Virtual,False,True
U03351,Retail Banking,Relationship Manager,Canada - West,Individual Contributor,2016-07-04,2026-04-10,4,2026-04-08,2026-04-14,In-Person Workshop,False,True
U03352,Retail Banking,Relationship Manager,Canada - West,Individual Contributor,2019-03-09,2026-04-29,5,2026-04-28,2026-05-19,Self-Paced eLearning,False,True
U03353,Retail Banking,Associate,Canada - West,Individual Contributor,2017-05-01,2026-02-27,2,2026-02-20,,In-Person Workshop,True,True
U03354,Operations,Associate,Canada - East,Individual Contributor,2021-09-02,2026-06-01,6,2026-05-28,,Self-Paced eLearning,False,True
U03355,Technology,Developer,Canada - East,Individual Contributor,2017-09-23,2026-02-16,2,2026-02-14,2026-02-21,Live Virtual,False,True
U03356,Operations,Operations Specialist,US - Northeast,Individual Contributor,2016-07-27,2026-04-07,4,2026-04-02,,Manager-Led Briefing,False,True
U03357,Technology,Analyst,US - Midwest,Individual Contributor,2023-06-05,2026-02-13,2,2026-02-09,2026-03-01,Self-Paced eLearning,False,False
U03358,Technology,Manager,Canada - East,People Manager,2017-01-01,2026-02-18,2,2026-02-18,2026-02-26,Live Virtual,False,True
U03359,Commercial Banking,Associate,Canada - West,Individual Contributor,2024-10-23,2026-03-11,3,2026-03-09,2026-03-27,Live Virtual,False,True
U03360,Commercial Banking,Relationship Manager,US - Northeast,Individual Contributor,2020-09-29,2026-06-10,6,2026-06-06,2026-06-11,Self-Paced eLearning,False,True
U03361,Operations,Operations Specialist,Canada - East,Individual Contributor,2022-03-28,2026-05-10,5,2026-05-05,,In-Person Workshop,False,True
U03362,Operations,Operations Specialist,Europe,Individual Contributor,2023-05-09,2026-04-30,5,2026-04-30,2026-05-07,Live Virtual,False,True
U03363,Commercial Banking,Associate,Canada - West,Individual Contributor,2019-05-17,2026-03-09,3,2026-03-06,2026-03-13,Live Virtual,False,True
U03364,Commercial Banking,Relationship Manager,US - Northeast,Individual Contributor,2023-03-04,2026-03-27,3,2026-03-20,,Live Virtual,False,True
U03365,Operations,Associate,Canada - West,Individual Contributor,2022-12-23,2026-03-05,3,2026-02-26,,In-Person Workshop,False,True
U03366,Operations,Operations Specialist,Canada - East,Individual Contributor,2018-07-08,2026-04-30,5,2026-04-26,2026-05-14,In-Person Workshop,False,True
U03367,Commercial Banking,Analyst,US - Midwest,Individual Contributor,2016-10-01,2026-03-09,3,2026-03-06,2026-03-09,Live Virtual,False,True
U03368,Commercial Banking,Analyst,Canada - West,Individual Contributor,2024-12-24,2026-03-13,3,2026-03-13,2026-04-02,Self-Paced eLearning,False,True
U03369,Retail Banking,Associate,US - Midwest,Individual Contributor,2025-08-05,2026-01-08,1,2026-01-01,2026-01-21,Live Virtual,False,True
U03370,Operations,Operations Specialist,US - Midwest,Individual Contributor,2020-09-06,2026-05-21,5,2026-05-14,,Self-Paced eLearning,False,True
U03371,Risk and Compliance,Risk Analyst,Canada - East,Individual Contributor,2024-07-13,2026-02-14,2,2026-02-13,2026-02-17,In-Person Workshop,False,True
U03372,Retail Banking,Relationship Manager,Canada - West,Individual Contributor,2023-05-25,2026-04-13,4,2026-04-09,2026-04-25,Live Virtual,False,True
U03373,Wealth Management,Director,US - Northeast,Senior Leader,2022-01-31,2026-05-01,5,2026-04-24,2026-05-05,In-Person Workshop,False,True
U03374,Retail Banking,Manager,Canada - East,People Manager,2016-05-23,2026-03-30,4,2026-03-25,,In-Person Workshop,False,True
U03375,Technology,Developer,US - Northeast,Individual Contributor,2023-05-07,2026-01-24,1,2026-01-20,2026-02-08,Live Virtual,False,True
U03376,Operations,Operations Specialist,Europe,Individual Contributor,2024-07-30,2026-05-21,5,2026-05-14,2026-05-26,In-Person Workshop,False,True
U03377,Retail Banking,Associate,Europe,Individual Contributor,2024-04-07,2026-05-14,5,2026-05-14,2026-05-22,Live Virtual,False,True
U03378,Risk and Compliance,Analyst,Canada - East,Individual Contributor,2023-10-31,,5,2026-05-16,2026-05-21,Live Virtual,True,False
U03379,Operations,Operations Specialist,Europe,Individual Contributor,2020-11-14,2026-02-05,2,2026-02-04,2026-02-16,Self-Paced eLearning,False,True
U03380,Corporate Functions,Analyst,APAC,Individual Contributor,2025-02-25,2026-05-17,5,2026-05-10,,Self-Paced eLearning,True,True
U03381,Operations,Associate,Canada - West,Individual Contributor,2022-01-25,2026-02-04,2,2026-02-01,2026-02-13,Live Virtual,,True
U03382,Risk and Compliance,Director,Europe,Senior Leader,2024-01-16,2026-05-25,6,2026-05-20,2026-06-07,In-Person Workshop,False,True
U03383,Risk and Compliance,Manager,Canada - East,People Manager,2021-11-07,2026-05-13,5,2026-05-11,2026-05-25,Live Virtual,True,True
U03384,Technology,Analyst,Canada - West,Individual Contributor,2017-03-11,2026-01-17,1,2026-01-14,2026-01-22,Self-Paced eLearning,True,True
U03385,Retail Banking,Associate,Canada - West,Individual Contributor,2018-08-28,2026-03-05,3,2026-03-03,2026-03-17,Manager-Led Briefing,False,True
U03386,Commercial Banking,Associate,US - Northeast,Individual Contributor,2020-04-05,2026-03-16,3,2026-03-15,2026-03-19,Live Virtual,False,True
U03387,Technology,Associate,Canada - East,Individual Contributor,2023-09-02,2026-03-01,2,2026-02-26,2026-03-03,In-Person Workshop,True,True
U03388,Corporate Functions,Analyst,US - Northeast,Individual Contributor,2016-12-01,2026-04-13,4,2026-04-08,,In-Person Workshop,False,True
U03389,Operations,Manager,Canada - West,People Manager,2021-07-15,2026-03-31,4,2026-03-27,2026-04-14,Live Virtual,False,True
U03390,Retail Banking,Associate,US - Midwest,Individual Contributor,2018-04-02,2026-01-29,1,2026-01-29,,Self-Paced eLearning,True,True
U03391,Retail Banking,Associate,Canada - East,Individual Contributor,2020-09-28,2026-03-25,3,2026-03-20,,Self-Paced eLearning,False,True
U03392,Commercial Banking,Manager,Canada - West,People Manager,2024-08-23,2026-02-12,2,2026-02-11,,Self-Paced eLearning,False,True
U03393,Corporate Functions,Analyst,US - Midwest,Individual Contributor,2021-05-18,2026-04-17,4,2026-04-13,2026-04-27,Self-Paced eLearning,False,True
U03394,Retail Banking,Associate,Europe,Individual Contributor,2016-12-13,2026-06-21,6,2026-06-19,,In-Person Workshop,False,True
U03395,Capital Markets,Analyst,Europe,Individual Contributor,2018-06-17,2026-04-18,4,2026-04-18,2026-04-24,In-Person Workshop,False,True
U03396,Risk and Compliance,Manager,US - Northeast,People Manager,2020-07-21,2026-05-28,6,2026-05-23,2026-06-03,Self-Paced eLearning,True,True
U03397,Retail Banking,Relationship Manager,Canada - East,Individual Contributor,2025-10-01,2026-04-10,4,2026-04-09,,Live Virtual,False,True
U03398,Retail Banking,Associate,US - Midwest,Individual Contributor,2016-05-13,2026-01-11,1,2026-01-05,2026-01-16,Self-Paced eLearning,False,True
U03399,Commercial Banking,Analyst,APAC,Individual Contributor,2022-12-06,2026-04-28,5,2026-04-26,2026-05-13,Self-Paced eLearning,False,True
U03400,Commercial Banking,Associate,Canada - East,Individual Contributor,2016-04-06,2026-05-07,5,2026-05-05,2026-05-10,Self-Paced eLearning,False,True
U03401,Retail Banking,Relationship Manager,US - Northeast,Individual Contributor,2021-05-02,2026-03-01,2,2026-02-27,2026-03-19,Live Virtual,False,True
U03402,Wealth Management,Director,Canada - East,Senior Leader,2025-01-29,2026-01-24,1,2026-01-17,2026-01-24,Self-Paced eLearning,False,True
U03403,Technology,Manager,APAC,People Manager,2017-03-12,2026-06-04,6,2026-06-04,2026-06-20,Self-Paced eLearning,False,True
U03404,Risk and Compliance,Risk Analyst,US - Northeast,Individual Contributor,2022-02-18,2026-05-20,5,2026-05-16,2026-05-25,Self-Paced eLearning,True,True
U03405,Risk and Compliance,Manager,Canada - East,People Manager,2016-02-06,2026-06-02,6,2026-05-31,2026-06-21,Manager-Led Briefing,False,True
U03406,Wealth Management,Associate,Canada - East,Individual Contributor,2024-05-28,2026-02-24,2,2026-02-23,,Live Virtual,False,True
U03407,Technology,Associate,Europe,Individual Contributor,2022-03-27,2026-01-05,1,2026-01-03,2026-01-16,Self-Paced eLearning,True,True
U03408,Retail Banking,Associate,Europe,Individual Contributor,2021-08-31,2026-02-28,2,2026-02-21,,Self-Paced eLearning,False,True
U03409,Technology,Director,APAC,Senior Leader,2021-03-06,2026-03-09,3,2026-03-06,2026-03-27,Self-Paced eLearning,False,True
U03410,Retail Banking,Analyst,APAC,Individual Contributor,2021-05-20,2026-01-12,1,2026-01-07,,Manager-Led Briefing,True,True
U03411,Commercial Banking,Relationship Manager,US - Midwest,Individual Contributor,2019-12-17,2026-03-07,3,2026-03-01,2026-03-20,Self-Paced eLearning,False,True
U03412,Retail Banking,Director,Canada - West,Senior Leader,2024-07-08,2026-05-22,5,2026-05-16,2026-05-23,Live Virtual,False,True
U03413,Technology,Developer,US - Northeast,Individual Contributor,2020-08-07,2026-03-29,3,2026-03-24,2026-04-14,Manager-Led Briefing,False,True
U03414,Retail Banking,Analyst,Europe,Individual Contributor,2020-01-18,2026-03-08,3,2026-03-01,,Self-Paced eLearning,False,True
U03415,Operations,Operations Specialist,US - Midwest,Individual Contributor,2024-08-02,2026-02-25,2,2026-02-20,,In-Person Workshop,False,True
U03416,Retail Banking,Director,APAC,Senior Leader,2022-01-08,2026-05-27,6,2026-05-24,,Live Virtual,True,True
U03417,Commercial Banking,Analyst,US - Northeast,Individual Contributor,2021-02-08,2026-05-01,5,2026-04-24,2026-05-04,In-Person Workshop,False,True
U03418,Wealth Management,Associate,US - Northeast,Individual Contributor,2019-09-14,2026-03-15,3,2026-03-15,2026-04-03,In-Person Workshop,False,True
U03419,Retail Banking,Manager,Canada - East,People Manager,2016-02-22,2026-05-14,5,2026-05-07,,Live Virtual,True,True
U03420,Wealth Management,Associate,Canada - West,Individual Contributor,2017-03-17,2026-03-19,3,2026-03-13,,Manager-Led Briefing,False,True
U03421,Risk and Compliance,Manager,Canada - East,People Manager,2016-09-18,2026-03-27,3,2026-03-21,2026-04-10,Self-Paced eLearning,True,True
U03422,Operations,Operations Specialist,Europe,Individual Contributor,2016-01-23,2026-06-19,6,2026-06-19,2026-07-04,Live Virtual,False,True
U03423,Commercial Banking,Relationship Manager,Canada - East,Individual Contributor,2018-11-14,,4,2026-04-15,2026-04-19,In-Person Workshop,False,False
U03424,Operations,Operations Specialist,Canada - East,Individual Contributor,2024-08-24,2026-02-26,2,2026-02-25,,Live Virtual,False,True
U03425,Retail Banking,Relationship Manager,US - Northeast,Individual Contributor,2018-12-25,2026-01-24,1,2026-01-22,2026-02-02,Manager-Led Briefing,False,True
U03426,Technology,Developer,Canada - East,Individual Contributor,2024-12-25,2026-01-15,1,2026-01-14,2026-01-30,In-Person Workshop,True,True
U03427,Retail Banking,Associate,Canada - West,Individual Contributor,2023-04-27,2026-06-11,6,2026-06-10,2026-06-30,In-Person Workshop,False,True
U03428,Risk and Compliance,Risk Analyst,Canada - West,Individual Contributor,2016-12-07,2026-05-24,5,2026-05-22,2026-06-09,Self-Paced eLearning,False,True
U03429,Risk and Compliance,Risk Analyst,APAC,Individual Contributor,2019-07-08,2026-06-10,6,2026-06-09,2026-06-21,Live Virtual,False,True
U03430,Wealth Management,Relationship Manager,Europe,Individual Contributor,2019-08-11,2026-02-26,2,2026-02-19,,Self-Paced eLearning,True,True
U03431,Technology,Manager,Europe,People Manager,2017-05-25,2026-02-06,2,2026-02-03,2026-02-22,Live Virtual,False,True
U03432,Technology,Manager,Canada - West,People Manager,2023-02-07,2026-02-16,2,2026-02-15,2026-02-23,Self-Paced eLearning,True,True
U03433,Corporate Functions,Operations Specialist,Europe,Individual Contributor,2022-06-06,2026-04-17,4,2026-04-11,,In-Person Workshop,False,True
U03434,Retail Banking,Analyst,US - Midwest,Individual Contributor,2016-07-21,2026-02-06,2,2026-02-03,2026-02-19,Live Virtual,False,True
U03435,Retail Banking,Associate,APAC,Individual Contributor,2020-11-24,2026-01-24,1,2026-01-23,2026-02-11,Live Virtual,False,True
U03436,Technology,Manager,US - Midwest,People Manager,2024-06-01,2026-01-10,1,2026-01-05,2026-01-21,Self-Paced eLearning,False,True
U03437,Operations,Operations Specialist,US - Midwest,Individual Contributor,2016-03-29,2026-01-07,1,2026-01-02,2026-01-16,Live Virtual,False,True
U03438,Operations,Operations Specialist,Canada - East,Individual Contributor,2023-07-03,2026-06-04,6,2026-05-28,2026-06-16,Live Virtual,False,True
U03439,Retail Banking,Associate,Canada - East,Individual Contributor,2017-01-28,2026-05-04,5,2026-04-30,,Self-Paced eLearning,False,True
U03440,Commercial Banking,Manager,Canada - East,People Manager,2024-10-11,2026-02-07,2,2026-02-02,,Live Virtual,False,True
U03441,Retail Banking,Manager,APAC,People Manager,2016-12-18,2026-04-27,5,2026-04-22,2026-05-13,Manager-Led Briefing,False,True
U03442,Retail Banking,Associate,Canada - West,Individual Contributor,2025-11-03,2026-03-30,4,2026-03-29,,Live Virtual,False,True
U03443,Retail Banking,Manager,US - Northeast,People Manager,2021-05-02,2026-01-18,1,2026-01-17,2026-01-26,Live Virtual,False,True
U03444,Operations,Operations Specialist,Canada - East,Individual Contributor,2018-06-19,2026-02-28,2,2026-02-22,,In-Person Workshop,False,True
U03445,Risk and Compliance,Analyst,Canada - East,Individual Contributor,2018-07-18,2026-04-08,4,2026-04-05,2026-04-24,Live Virtual,False,True
U03446,Operations,Operations Specialist,Canada - East,Individual Contributor,2021-01-19,2026-06-02,6,2026-05-29,2026-06-13,In-Person Workshop,False,True
U03447,Commercial Banking,Analyst,Canada - West,Individual Contributor,2020-11-14,2026-04-14,4,2026-04-09,,Self-Paced eLearning,True,True
U03448,Capital Markets,Associate,US - Midwest,Individual Contributor,2021-03-11,2026-02-13,2,2026-02-12,2026-02-17,Manager-Led Briefing,True,True
U03449,Operations,Operations Specialist,Canada - East,Individual Contributor,2021-03-31,2026-01-22,1,2026-01-17,2026-01-22,Live Virtual,False,True
U03450,Wealth Management,Relationship Manager,Canada - East,Individual Contributor,2020-12-21,2026-05-28,6,2026-05-28,2026-06-02,Manager-Led Briefing,False,True
U03451,Commercial Banking,Relationship Manager,Europe,Individual Contributor,2022-10-17,2026-05-20,5,2026-05-16,2026-05-23,Live Virtual,False,True
U03452,Technology,Developer,Canada - East,Individual Contributor,2018-02-09,2026-02-07,2,2026-02-07,2026-02-22,Self-Paced eLearning,False,True
U03453,Retail Banking,Analyst,Canada - West,Individual Contributor,2018-12-08,2026-01-30,1,2026-01-27,2026-02-08,In-Person Workshop,False,True
U03454,Retail Banking,Relationship Manager,Canada - West,Individual Contributor,2017-10-16,2026-04-22,4,2026-04-18,,In-Person Workshop,False,True
U03455,Corporate Functions,Director,US - Northeast,Senior Leader,2024-07-28,2026-03-09,3,2026-03-05,,Live Virtual,True,True
U03456,Wealth Management,Associate,Canada - West,Individual Contributor,2016-10-22,2026-03-02,3,2026-03-01,2026-03-17,Self-Paced eLearning,False,True
U03457,Risk and Compliance,Risk Analyst,US - Northeast,Individual Contributor,2020-03-25,2026-05-31,6,2026-05-27,,Manager-Led Briefing,False,True
U03458,Risk and Compliance,Risk Analyst,US - Northeast,Individual Contributor,2025-05-31,2026-05-22,5,2026-05-22,2026-06-05,Live Virtual,False,True
U03459,Retail Banking,Associate,Canada - West,Individual Contributor,2022-11-04,2026-03-02,3,2026-02-24,,Self-Paced eLearning,False,True
U03460,Wealth Management,Relationship Manager,APAC,Individual Contributor,2022-11-13,2026-01-15,1,2026-01-10,2026-01-29,Self-Paced eLearning,True,True
U03461,Operations,Associate,Canada - West,Individual Contributor,2017-10-09,2026-01-23,1,2026-01-18,2026-01-23,Live Virtual,False,True
U03462,Wealth Management,Relationship Manager,Canada - East,Individual Contributor,2022-02-27,2026-05-09,5,2026-05-09,2026-05-25,Live Virtual,False,True
U03463,Retail Banking,Analyst,Canada - East,Individual Contributor,2022-11-17,2026-05-24,5,2026-05-22,2026-06-12,Self-Paced eLearning,False,True
U03464,Operations,Operations Specialist,Europe,Individual Contributor,2016-12-12,2026-04-09,4,2026-04-07,,Self-Paced eLearning,False,True
U03465,Capital Markets,Director,Europe,Senior Leader,2025-08-19,2026-02-10,2,2026-02-03,2026-02-20,In-Person Workshop,False,True
U03466,Wealth Management,Associate,Canada - East,Individual Contributor,2022-08-30,2026-02-10,2,2026-02-05,2026-02-10,Live Virtual,False,True
U03467,Commercial Banking,Associate,Europe,Individual Contributor,2025-03-20,2026-04-30,5,2026-04-24,,Self-Paced eLearning,False,True
U03468,Operations,Manager,Canada - West,People Manager,2024-07-18,2026-05-19,5,2026-05-17,,Manager-Led Briefing,False,True
U03469,Operations,Operations Specialist,US - Northeast,Individual Contributor,2023-07-13,2026-04-06,4,2026-04-06,,Self-Paced eLearning,False,True
U03470,Corporate Functions,Manager,Canada - East,People Manager,2019-01-15,2026-01-26,1,2026-01-20,,Live Virtual,False,True
U03471,Operations,Operations Specialist,Canada - West,Individual Contributor,2024-07-20,2026-04-17,4,2026-04-12,2026-04-27,Live Virtual,False,True
U03472,Operations,Operations Specialist,Canada - East,Individual Contributor,2024-12-02,2026-05-15,5,2026-05-15,,Live Virtual,False,True
U03473,Technology,Developer,US - Midwest,Individual Contributor,2019-03-07,2026-01-12,1,2026-01-05,2026-01-21,Self-Paced eLearning,False,True
U03474,Operations,Manager,Canada - East,People Manager,2019-03-28,2026-04-30,5,2026-04-27,2026-05-06,Self-Paced eLearning,False,True
U03475,Technology,Developer,Canada - West,Individual Contributor,2021-03-27,2026-01-22,1,2026-01-15,,Self-Paced eLearning,False,True
U03476,Operations,Manager,Canada - East,People Manager,2016-06-13,2026-05-13,5,2026-05-13,2026-05-17,Live Virtual,False,True
U03477,Wealth Management,Manager,APAC,People Manager,2019-11-22,2026-04-30,5,2026-04-26,2026-05-11,Live Virtual,True,True
U03478,Risk and Compliance,Director,Canada - East,Senior Leader,2021-06-03,2026-05-02,5,2026-04-28,2026-05-10,Self-Paced eLearning,False,True
U03479,Risk and Compliance,Analyst,Europe,Individual Contributor,2025-03-13,2026-06-15,6,2026-06-08,2026-06-28,Self-Paced eLearning,False,True
U03480,Technology,Developer,Canada - East,Individual Contributor,2018-07-17,2026-02-15,2,2026-02-14,2026-03-02,Self-Paced eLearning,False,True
U03481,Operations,Operations Specialist,US - Midwest,Individual Contributor,2022-03-31,2026-03-04,3,2026-03-04,2026-03-24,Self-Paced eLearning,False,True
U03482,Capital Markets,Developer,US - Midwest,Individual Contributor,2021-02-24,2026-01-18,1,2026-01-18,,Self-Paced eLearning,False,True
U03483,Wealth Management,Analyst,US - Northeast,Individual Contributor,2018-10-18,2026-02-13,2,2026-02-11,2026-03-01,Live Virtual,False,True
U03484,Technology,Developer,Europe,Individual Contributor,2021-11-06,2026-01-08,1,2026-01-01,2026-01-09,Manager-Led Briefing,True,True
U03485,Commercial Banking,Manager,US - Northeast,People Manager,2020-10-20,2026-04-20,4,2026-04-18,,Self-Paced eLearning,False,True
U03486,Capital Markets,Developer,Canada - East,Individual Contributor,2024-03-29,2026-01-05,1,2026-01-03,,Live Virtual,False,True
U03487,Commercial Banking,Manager,Canada - East,People Manager,2023-02-26,2026-05-02,5,2026-04-27,2026-05-04,Live Virtual,False,True
U03488,Capital Markets,Associate,Canada - East,Individual Contributor,2025-10-31,2026-03-25,3,2026-03-25,2026-04-07,Self-Paced eLearning,False,True
U03489,Retail Banking,Relationship Manager,Canada - West,Individual Contributor,2025-05-30,2026-05-27,6,2026-05-24,2026-06-07,Live Virtual,False,True
U03490,Technology,Analyst,US - Northeast,Individual Contributor,2017-09-06,2026-02-07,2,2026-02-02,2026-02-15,Self-Paced eLearning,True,True
U03491,Commercial Banking,Associate,US - Midwest,Individual Contributor,2020-06-14,2026-02-14,2,2026-02-14,2026-02-23,Live Virtual,False,True
U03492,Retail Banking,Associate,US - Northeast,Individual Contributor,2016-08-03,2026-05-18,5,2026-05-14,2026-05-30,In-Person Workshop,False,True
U03493,Wealth Management,Relationship Manager,Canada - East,Individual Contributor,2024-04-27,2026-05-03,5,2026-04-26,2026-05-04,Self-Paced eLearning,True,True
U03494,Commercial Banking,Associate,US - Midwest,Individual Contributor,2020-11-09,2026-03-25,3,2026-03-25,,Self-Paced eLearning,False,True
U03495,Retail Banking,Associate,US - Northeast,Individual Contributor,2021-08-12,2026-05-27,6,2026-05-23,,Self-Paced eLearning,False,True
U03496,Wealth Management,Associate,US - Northeast,Individual Contributor,2017-12-02,2026-03-17,3,2026-03-11,2026-03-23,Self-Paced eLearning,False,True
U03497,Capital Markets,Associate,US - Northeast,Individual Contributor,2022-11-18,2026-03-06,3,2026-03-02,2026-03-19,Live Virtual,False,True
U03498,Capital Markets,Analyst,Canada - West,Individual Contributor,2019-06-13,2026-01-27,1,2026-01-27,2026-02-11,Self-Paced eLearning,,True
U03499,Operations,Operations Specialist,Europe,Individual Contributor,2018-08-07,2026-01-31,1,2026-01-25,,Self-Paced eLearning,False,True
U03500,Wealth Management,Director,Canada - West,Senior Leader,2019-08-31,2026-01-13,1,2026-01-09,,Live Virtual,False,True
U03501,Operations,Operations Specialist,US - Midwest,Individual Contributor,2018-06-11,2026-02-15,2,2026-02-14,,In-Person Workshop,False,True
U03502,Technology,Developer,US - Northeast,Individual Contributor,2017-12-30,2026-02-17,2,2026-02-17,2026-02-23,Live Virtual,False,True
U03503,Retail Banking,Associate,Canada - West,Individual Contributor,2020-10-15,2026-05-11,5,2026-05-05,,Self-Paced eLearning,False,True
U03504,Commercial Banking,Relationship Manager,APAC,Individual Contributor,2024-07-20,,5,2026-05-13,2026-05-20,Live Virtual,False,False
U03505,Capital Markets,Associate,Canada - East,Individual Contributor,2025-07-03,2026-01-22,1,2026-01-22,2026-02-05,Manager-Led Briefing,False,True
U03506,Technology,Director,US - Northeast,Senior Leader,2018-04-08,2026-01-20,1,2026-01-14,2026-02-01,In-Person Workshop,False,True
U03507,Technology,Director,US - Midwest,Senior Leader,2024-04-12,2026-02-04,2,2026-01-31,2026-02-10,Live Virtual,True,True
U03508,Wealth Management,Associate,Canada - East,Individual Contributor,2025-01-31,2026-06-05,6,2026-06-04,2026-06-08,Live Virtual,False,True
U03509,Commercial Banking,Manager,Canada - East,People Manager,2022-05-17,2026-04-23,4,2026-04-20,,Live Virtual,False,True
U03510,Retail Banking,Relationship Manager,Europe,Individual Contributor,2017-03-19,2026-02-18,2,2026-02-16,2026-02-23,Live Virtual,False,True
U03511,Corporate Functions,Manager,Canada - East,People Manager,2016-05-22,2026-02-21,2,2026-02-17,,Self-Paced eLearning,False,True
U03512,Capital Markets,Director,Canada - East,Senior Leader,2020-04-21,2026-01-24,1,2026-01-22,2026-02-09,Self-Paced eLearning,False,True
U03513,Corporate Functions,Associate,US - Northeast,Individual Contributor,2023-09-03,2026-02-28,2,2026-02-27,2026-03-17,Live Virtual,False,True
U03514,Corporate Functions,Analyst,US - Northeast,Individual Contributor,2021-03-29,2026-04-07,4,2026-04-07,2026-04-13,Self-Paced eLearning,False,True
U03515,Risk and Compliance,Risk Analyst,US - Northeast,Individual Contributor,2024-06-07,2026-06-15,6,2026-06-14,2026-06-20,Live Virtual,False,True
U03516,Capital Markets,Director,US - Northeast,Senior Leader,2019-02-25,2026-02-25,2,2026-02-23,2026-03-08,Self-Paced eLearning,False,True
U03517,Commercial Banking,Relationship Manager,Canada - East,Individual Contributor,2025-03-10,2026-01-14,1,2026-01-14,,Self-Paced eLearning,False,True
U03518,Retail Banking,Associate,Canada - West,Individual Contributor,2020-07-09,2026-03-11,3,2026-03-06,,Self-Paced eLearning,False,True
U03519,Technology,Developer,US - Northeast,Individual Contributor,2025-03-11,2026-03-18,3,2026-03-16,2026-03-24,Live Virtual,False,True
U03520,Capital Markets,Analyst,Canada - West,Individual Contributor,2024-11-23,,1,2026-01-04,2026-01-20,Live Virtual,False,False
U03521,Technology,Director,Canada - West,Senior Leader,2016-11-01,2026-04-11,4,2026-04-09,2026-04-17,Manager-Led Briefing,False,True
U03522,Risk and Compliance,Associate,Europe,Individual Contributor,2021-09-14,2026-05-30,6,2026-05-23,2026-06-08,Manager-Led Briefing,True,True
U03523,Retail Banking,Associate,US - Northeast,Individual Contributor,2024-06-04,2026-03-08,3,2026-03-03,2026-03-21,Live Virtual,False,True
U03524,Operations,Operations Specialist,Canada - West,Individual Contributor,2018-11-24,2026-02-02,2,2026-02-01,2026-02-14,Live Virtual,True,True
U03525,Technology,Developer,Canada - West,Individual Contributor,2022-12-31,2026-01-26,1,2026-01-24,2026-02-06,Self-Paced eLearning,False,True
U03526,Operations,Operations Specialist,Canada - East,Individual Contributor,2022-07-01,2026-01-27,1,2026-01-21,,Live Virtual,False,True
U03527,Retail Banking,Analyst,Canada - East,Individual Contributor,2018-01-21,2026-01-08,1,2026-01-06,,Manager-Led Briefing,False,True
U03528,Retail Banking,Analyst,Europe,Individual Contributor,2016-10-14,2026-05-22,5,2026-05-22,,Self-Paced eLearning,False,True
U03529,Wealth Management,Manager,Canada - West,People Manager,2024-02-04,2026-06-20,6,2026-06-17,,Self-Paced eLearning,False,True
U03530,Technology,Manager,US - Northeast,People Manager,2017-04-17,2026-02-24,2,2026-02-17,2026-03-02,In-Person Workshop,False,True
U03531,Retail Banking,Relationship Manager,Canada - East,Individual Contributor,2021-07-10,2026-04-17,4,2026-04-15,,Self-Paced eLearning,False,True
U03532,Retail Banking,Associate,Canada - East,Individual Contributor,2016-01-15,2026-06-20,6,2026-06-20,2026-06-24,In-Person Workshop,False,True
U03533,Technology,Developer,US - Northeast,Individual Contributor,2025-09-12,2026-02-26,2,2026-02-19,2026-02-22,Live Virtual,False,True
U03534,Retail Banking,Relationship Manager,APAC,Individual Contributor,2017-10-01,2026-01-08,1,2026-01-07,2026-01-24,Live Virtual,True,True
U03535,Capital Markets,Associate,US - Midwest,Individual Contributor,2021-08-26,2026-03-14,3,2026-03-10,,In-Person Workshop,True,True
U03536,Wealth Management,Relationship Manager,Europe,Individual Contributor,2020-04-28,2026-05-20,5,2026-05-19,,Self-Paced eLearning,True,True
U03537,Retail Banking,Associate,Canada - West,Individual Contributor,2016-03-10,2026-02-21,2,2026-02-19,,Live Virtual,False,True
U03538,Commercial Banking,Manager,Canada - East,People Manager,2022-12-26,2026-03-28,3,2026-03-23,,Self-Paced eLearning,True,True
U03539,Retail Banking,Relationship Manager,Canada - East,Individual Contributor,2019-12-27,2026-05-23,5,2026-05-18,2026-06-07,Manager-Led Briefing,False,True
U03540,Operations,Operations Specialist,Canada - West,Individual Contributor,2025-08-16,2026-03-26,3,2026-03-21,2026-03-31,Manager-Led Briefing,False,True
U03541,Risk and Compliance,Director,Canada - East,Senior Leader,2017-04-08,2026-05-20,5,2026-05-14,,In-Person Workshop,True,True
U03542,Technology,Developer,US - Northeast,Individual Contributor,2023-05-10,2026-01-25,1,2026-01-21,2026-01-29,Live Virtual,True,True
U03543,Risk and Compliance,Manager,US - Midwest,People Manager,2024-03-07,2026-04-21,4,2026-04-20,2026-04-23,Self-Paced eLearning,True,True
U03544,Retail Banking,Relationship Manager,Europe,Individual Contributor,2018-07-18,2026-01-31,1,2026-01-27,,Live Virtual,False,True
U03545,Operations,Associate,Canada - East,Individual Contributor,2019-11-05,2026-01-13,1,2026-01-11,2026-01-31,Live Virtual,False,True
U03546,Technology,Manager,Canada - East,People Manager,2017-05-24,2026-01-06,1,2025-12-30,2026-01-19,In-Person Workshop,False,True
U03547,Technology,Developer,Canada - East,Individual Contributor,2023-09-05,2026-01-30,1,2026-01-24,2026-02-10,Self-Paced eLearning,False,True
U03548,Corporate Functions,Manager,Canada - East,People Manager,2023-01-27,2026-05-23,5,2026-05-16,2026-06-01,Live Virtual,False,True
U03549,Retail Banking,Relationship Manager,US - Northeast,Individual Contributor,2016-10-27,2026-04-10,4,2026-04-05,,Live Virtual,True,True
U03550,Wealth Management,Relationship Manager,APAC,Individual Contributor,2021-12-09,2026-03-10,3,2026-03-09,2026-03-22,Live Virtual,False,True
U03551,Risk and Compliance,Analyst,Canada - West,Individual Contributor,2022-07-29,2026-05-14,5,2026-05-07,2026-05-10,Live Virtual,True,True
U03552,Technology,Director,US - Northeast,Senior Leader,2024-01-26,2026-03-15,3,2026-03-11,2026-03-21,Self-Paced eLearning,True,True
U03553,Operations,Operations Specialist,Canada - East,Individual Contributor,2017-06-27,2026-01-24,1,2026-01-19,2026-02-04,Self-Paced eLearning,False,True
U03554,Technology,Developer,US - Northeast,Individual Contributor,2020-04-20,2026-02-07,2,2026-02-02,2026-02-06,Self-Paced eLearning,False,True
U03555,Operations,Manager,US - Northeast,People Manager,2019-12-02,2026-02-18,2,2026-02-17,2026-02-22,Live Virtual,False,True
U03556,Wealth Management,Analyst,Canada - West,Individual Contributor,2020-07-07,2026-03-24,3,2026-03-18,,Live Virtual,False,True
U03557,Technology,Analyst,US - Northeast,Individual Contributor,2017-01-21,2026-03-15,3,2026-03-10,2026-03-21,Live Virtual,True,True
U03558,Risk and Compliance,Manager,US - Midwest,People Manager,2019-06-02,2026-03-21,3,2026-03-15,2026-03-20,In-Person Workshop,True,True
U03559,Commercial Banking,Relationship Manager,US - Northeast,Individual Contributor,2024-09-05,2026-01-09,1,2026-01-05,2026-01-18,Self-Paced eLearning,False,True
U03560,Technology,Analyst,US - Northeast,Individual Contributor,2019-10-01,2026-01-28,1,2026-01-24,2026-01-29,Self-Paced eLearning,False,True
U03561,Capital Markets,Analyst,Canada - East,Individual Contributor,2022-01-05,2026-01-10,1,2026-01-10,2026-01-31,Live Virtual,False,True
U03562,Technology,Manager,APAC,People Manager,2024-01-30,2026-01-28,1,2026-01-26,2026-02-07,Self-Paced eLearning,True,False
U03563,Risk and Compliance,Manager,Canada - East,People Manager,2025-02-13,2026-06-21,6,2026-06-19,2026-06-27,In-Person Workshop,True,True
U03564,Retail Banking,Relationship Manager,Canada - East,Individual Contributor,2019-04-10,2026-03-14,3,2026-03-08,2026-03-28,Live Virtual,True,True
U03565,Corporate Functions,Associate,Canada - East,Individual Contributor,2017-08-15,2026-04-12,4,2026-04-08,2026-04-24,Manager-Led Briefing,True,True
U03566,Wealth Management,Analyst,Canada - East,Individual Contributor,2025-02-16,2026-04-26,4,2026-04-19,2026-04-28,Live Virtual,False,True
U03567,Risk and Compliance,Risk Analyst,Canada - West,Individual Contributor,2025-11-27,2026-03-15,3,2026-03-12,,Self-Paced eLearning,False,True
U03568,Technology,Analyst,Europe,Individual Contributor,2018-10-05,2026-02-16,2,2026-02-16,,Self-Paced eLearning,True,True
U03569,Wealth Management,Analyst,Europe,Individual Contributor,2024-09-10,2026-03-09,3,2026-03-06,,Self-Paced eLearning,False,True
U03570,Operations,Manager,US - Northeast,People Manager,2016-04-21,2026-04-06,4,2026-03-30,2026-04-13,Self-Paced eLearning,True,True
U03571,Capital Markets,Associate,APAC,Individual Contributor,2022-09-05,2026-01-13,1,2026-01-13,,Live Virtual,True,True
U03572,Retail Banking,Analyst,Canada - East,Individual Contributor,2016-06-10,,5,2026-04-24,2026-05-12,Manager-Led Briefing,True,False
U03573,Operations,Analyst,US - Midwest,Individual Contributor,2025-02-23,,6,2026-06-01,2026-06-19,Live Virtual,False,False
U03574,Operations,Manager,Canada - East,People Manager,2018-12-30,2026-04-17,4,2026-04-12,,Self-Paced eLearning,False,True
U03575,Operations,Operations Specialist,Europe,Individual Contributor,2025-09-20,2026-02-03,2,2026-02-02,2026-02-08,Self-Paced eLearning,False,True
U03576,Operations,Operations Specialist,US - Midwest,Individual Contributor,2019-04-11,2026-05-28,6,2026-05-23,2026-05-31,Self-Paced eLearning,False,True
U03577,Wealth Management,Relationship Manager,US - Northeast,Individual Contributor,2020-06-02,2026-01-31,1,2026-01-31,2026-02-09,Self-Paced eLearning,False,True
U03578,Retail Banking,Associate,Canada - East,Individual Contributor,2025-10-01,2026-03-24,3,2026-03-24,,In-Person Workshop,False,True
U03579,Capital Markets,Analyst,Europe,Individual Contributor,2016-12-15,2026-02-14,2,2026-02-11,2026-02-18,Self-Paced eLearning,False,True
U03580,Retail Banking,Relationship Manager,APAC,Individual Contributor,2022-04-26,2026-05-15,5,2026-05-08,2026-05-28,Live Virtual,False,True
U03581,Capital Markets,Analyst,Canada - East,Individual Contributor,2024-12-04,2026-02-16,2,2026-02-15,,In-Person Workshop,False,True
U03582,Wealth Management,Director,Canada - East,Senior Leader,2021-05-23,2026-03-15,3,2026-03-12,2026-03-23,Manager-Led Briefing,False,True
U03583,Operations,Operations Specialist,US - Northeast,Individual Contributor,2022-12-15,2026-06-02,6,2026-05-26,,Live Virtual,False,True
U03584,Capital Markets,Analyst,Canada - East,Individual Contributor,2025-04-18,2026-03-27,3,2026-03-22,2026-03-26,Self-Paced eLearning,True,True
U03585,Risk and Compliance,Risk Analyst,US - Northeast,Individual Contributor,2022-05-18,2026-04-29,5,2026-04-22,,Self-Paced eLearning,False,True
U03586,Wealth Management,Director,Canada - West,Senior Leader,2023-02-22,2026-05-08,5,2026-05-08,2026-05-19,Manager-Led Briefing,False,True
U03587,Operations,Operations Specialist,Europe,Individual Contributor,2021-10-21,2026-01-27,1,2026-01-27,,Manager-Led Briefing,False,True
U03588,Technology,Analyst,Canada - West,Individual Contributor,2024-04-28,2026-02-18,2,2026-02-16,,Self-Paced eLearning,True,True
U03589,Capital Markets,Director,Canada - West,Senior Leader,2022-07-09,2026-03-28,3,2026-03-26,2026-04-06,In-Person Workshop,False,True
U03590,Operations,Analyst,Canada - East,Individual Contributor,2020-05-17,2026-05-11,5,2026-05-05,2026-05-23,Self-Paced eLearning,False,True
U03591,Wealth Management,Relationship Manager,Canada - West,Individual Contributor,2016-07-21,2026-01-12,1,2026-01-10,2026-01-17,Live Virtual,False,True
U03592,Operations,Associate,US - Midwest,Individual Contributor,2016-12-21,2026-02-03,2,2026-02-02,,Live Virtual,True,True
U03593,Wealth Management,Relationship Manager,US - Midwest,Individual Contributor,2017-03-19,2026-06-11,6,2026-06-06,2026-06-22,Manager-Led Briefing,False,True
U03594,Retail Banking,Associate,US - Northeast,Individual Contributor,2020-06-28,2026-04-22,4,2026-04-18,2026-05-08,In-Person Workshop,True,True
U03595,Retail Banking,Associate,US - Northeast,Individual Contributor,2017-08-12,2026-02-21,2,2026-02-21,,Self-Paced eLearning,True,True
U03596,Corporate Functions,Associate,Canada - East,Individual Contributor,2025-01-11,2026-04-28,5,2026-04-22,2026-05-11,Live Virtual,False,True
U03597,Risk and Compliance,Analyst,US - Midwest,Individual Contributor,2021-01-08,2026-02-02,2,2026-02-01,2026-02-22,In-Person Workshop,False,True
U03598,Risk and Compliance,Associate,Canada - East,Individual Contributor,2020-12-16,2026-06-21,6,2026-06-19,,In-Person Workshop,False,True
U03599,Corporate Functions,Operations Specialist,Canada - West,Individual Contributor,2025-04-09,2026-06-13,6,2026-06-13,2026-06-26,In-Person Workshop,False,True
U03600,Operations,Operations Specialist,US - Northeast,Individual Contributor,2023-09-22,2026-06-02,6,2026-06-02,2026-06-19,Self-Paced eLearning,False,True
U03601,Operations,Manager,US - Northeast,People Manager,2021-04-16,2026-02-19,2,2026-02-17,,In-Person Workshop,True,True
U03602,Retail Banking,Relationship Manager,Europe,Individual Contributor,2017-05-23,2026-05-12,5,2026-05-07,,Live Virtual,False,True
U03603,Technology,Analyst,Canada - East,Individual Contributor,2022-11-16,2026-01-23,1,2026-01-17,2026-01-27,Live Virtual,True,True
U03604,Retail Banking,Associate,Canada - West,Individual Contributor,2022-10-20,2026-06-08,6,2026-06-08,,Self-Paced eLearning,False,True
U03605,Risk and Compliance,Risk Analyst,APAC,Individual Contributor,2021-08-07,2026-06-07,6,2026-06-06,2026-06-17,Live Virtual,False,True
U03606,Retail Banking,Associate,Canada - East,Individual Contributor,2024-03-02,2026-02-17,2,2026-02-10,2026-02-23,Self-Paced eLearning,False,True
U03607,Retail Banking,Relationship Manager,US - Northeast,Individual Contributor,2018-02-05,2026-01-15,1,2026-01-13,,Self-Paced eLearning,True,True
U03608,Retail Banking,Relationship Manager,Canada - West,Individual Contributor,2025-07-31,2026-03-27,3,2026-03-21,2026-04-10,Live Virtual,False,True
U03609,Retail Banking,Analyst,US - Midwest,Individual Contributor,2018-09-19,2026-02-20,2,2026-02-14,2026-03-05,Self-Paced eLearning,False,True
U03610,Retail Banking,Relationship Manager,Europe,Individual Contributor,2025-01-07,2026-03-11,3,2026-03-04,,Self-Paced eLearning,False,True
U03611,Commercial Banking,Analyst,Canada - West,Individual Contributor,2022-09-21,2026-05-15,5,2026-05-13,,Live Virtual,False,True
U03612,Operations,Operations Specialist,APAC,Individual Contributor,2023-06-21,2026-05-17,5,2026-05-12,2026-05-25,Live Virtual,True,True
U03613,Commercial Banking,Associate,US - Midwest,Individual Contributor,2023-06-09,2026-03-19,3,2026-03-16,,In-Person Workshop,False,True
U03614,Risk and Compliance,Analyst,Canada - East,Individual Contributor,2019-07-01,2026-06-18,6,2026-06-13,,Live Virtual,False,True
U03615,Commercial Banking,Relationship Manager,Canada - East,Individual Contributor,2023-04-06,2026-04-18,4,2026-04-14,2026-04-20,Live Virtual,False,True
U03616,Commercial Banking,Analyst,US - Northeast,Individual Contributor,2024-07-15,2026-03-30,4,2026-03-24,2026-04-13,Manager-Led Briefing,False,True
U03617,Operations,Operations Specialist,Canada - East,Individual Contributor,2019-11-07,2026-06-07,6,2026-06-02,,Manager-Led Briefing,True,True
U03618,Retail Banking,Director,Europe,Senior Leader,2025-07-14,2026-04-13,4,2026-04-10,2026-04-28,Live Virtual,False,True
U03619,Operations,Manager,APAC,People Manager,2025-09-29,2026-01-16,1,2026-01-15,,Self-Paced eLearning,False,True
U03620,Corporate Functions,Manager,Canada - West,People Manager,2019-02-06,2026-03-06,3,2026-03-01,2026-03-17,Live Virtual,False,True
U03621,Commercial Banking,Analyst,Canada - West,Individual Contributor,2019-08-27,2026-05-13,5,2026-05-10,,In-Person Workshop,False,True
U03622,Retail Banking,Associate,Canada - West,Individual Contributor,2023-08-13,2026-01-16,1,2026-01-13,2026-01-26,In-Person Workshop,False,True
U03623,Operations,Operations Specialist,Canada - East,Individual Contributor,2020-02-25,2026-04-29,5,2026-04-28,2026-05-12,Self-Paced eLearning,False,True
U03624,Wealth Management,Relationship Manager,Canada - East,Individual Contributor,2022-02-04,2026-01-20,1,2026-01-16,2026-01-19,Live Virtual,False,True
U03625,Commercial Banking,Manager,Canada - West,People Manager,2018-03-10,2026-01-12,1,2026-01-05,2026-01-15,Live Virtual,False,True
U03626,Technology,Developer,US - Midwest,Individual Contributor,2017-02-16,2026-01-30,1,2026-01-28,2026-02-07,Self-Paced eLearning,False,True
U03627,Risk and Compliance,Risk Analyst,Canada - East,Individual Contributor,2018-08-18,2026-03-29,3,2026-03-25,2026-04-09,Self-Paced eLearning,,True
U03628,Commercial Banking,Manager,Canada - East,People Manager,2022-12-30,2026-05-26,6,2026-05-22,,Self-Paced eLearning,False,True
U03629,Commercial Banking,Manager,US - Northeast,People Manager,2021-06-04,2026-05-05,5,2026-05-04,2026-05-10,Live Virtual,False,True
U03630,Retail Banking,Associate,US - Northeast,Individual Contributor,2021-05-30,2026-04-22,4,2026-04-21,2026-04-30,In-Person Workshop,False,True
U03631,Retail Banking,Relationship Manager,Canada - East,Individual Contributor,2022-08-20,2026-04-07,4,2026-04-01,2026-04-22,Live Virtual,False,True
U03632,Corporate Functions,Manager,Canada - East,People Manager,2025-09-21,2026-04-29,5,2026-04-24,2026-05-02,Self-Paced eLearning,False,True
U03633,Commercial Banking,Associate,Canada - East,Individual Contributor,2016-06-23,2026-04-20,4,2026-04-20,2026-05-03,Live Virtual,False,True
U03634,Operations,Associate,Canada - East,Individual Contributor,2017-01-22,2026-05-20,5,2026-05-17,2026-05-28,Manager-Led Briefing,False,True
U03635,Commercial Banking,Manager,Canada - East,People Manager,2024-03-27,2026-01-10,1,2026-01-09,,Self-Paced eLearning,False,True
U03636,Retail Banking,Relationship Manager,US - Northeast,Individual Contributor,2016-09-03,2026-05-23,5,2026-05-21,,Self-Paced eLearning,False,True
U03637,Wealth Management,Analyst,US - Midwest,Individual Contributor,2018-05-22,2026-02-17,2,2026-02-11,2026-03-02,Self-Paced eLearning,False,True
U03638,Retail Banking,Associate,US - Northeast,Individual Contributor,2022-12-23,2026-06-11,6,2026-06-04,,Live Virtual,False,True
U03639,Wealth Management,Associate,Canada - East,Individual Contributor,2022-10-11,,1,2026-01-17,,Manager-Led Briefing,False,False
U03640,Technology,Developer,Canada - East,Individual Contributor,2016-11-04,2026-04-22,4,2026-04-17,2026-05-02,Self-Paced eLearning,False,True
U03641,Retail Banking,Manager,Canada - West,People Manager,2018-09-17,2026-05-25,6,2026-05-24,2026-05-28,Self-Paced eLearning,False,True
U03642,Retail Banking,Analyst,Europe,Individual Contributor,2024-07-13,2026-01-07,1,2026-01-05,2026-01-20,Live Virtual,False,True
U03643,Wealth Management,Analyst,US - Northeast,Individual Contributor,2022-12-21,2026-04-12,4,2026-04-12,2026-04-19,In-Person Workshop,False,True
U03644,Retail Banking,Associate,US - Northeast,Individual Contributor,2019-07-01,2026-04-28,5,2026-04-27,,Self-Paced eLearning,False,True
U03645,Retail Banking,Relationship Manager,APAC,Individual Contributor,2021-06-22,2026-01-30,1,2026-01-27,,Manager-Led Briefing,False,True
U03646,Capital Markets,Manager,Europe,People Manager,2023-11-11,2026-01-11,1,2026-01-08,2026-01-22,Live Virtual,False,True
U03647,Operations,Associate,Canada - East,Individual Contributor,2017-10-03,2026-01-28,1,2026-01-22,,Self-Paced eLearning,True,True
U03648,Operations,Operations Specialist,US - Northeast,Individual Contributor,2022-08-08,2026-06-19,6,2026-06-16,2026-07-02,In-Person Workshop,False,True
U03649,Retail Banking,Analyst,US - Northeast,Individual Contributor,2025-09-12,2026-04-03,4,2026-03-31,,Self-Paced eLearning,False,True
U03650,Wealth Management,Associate,Canada - West,Individual Contributor,2021-07-03,2026-06-03,6,2026-06-02,2026-06-17,Self-Paced eLearning,True,True
U03651,Operations,Operations Specialist,Europe,Individual Contributor,2018-05-04,2026-06-05,6,2026-06-05,2026-06-21,Live Virtual,False,True
U03652,Retail Banking,Associate,Canada - East,Individual Contributor,2016-08-25,2026-03-15,3,2026-03-13,2026-03-29,Live Virtual,False,True
U03653,Operations,Operations Specialist,Europe,Individual Contributor,2017-01-07,2026-04-11,4,2026-04-07,2026-04-19,In-Person Workshop,False,True
U03654,Retail Banking,Relationship Manager,Canada - East,Individual Contributor,2022-05-26,2026-05-25,6,2026-05-22,,Self-Paced eLearning,True,True
U03655,Operations,Operations Specialist,US - Northeast,Individual Contributor,2018-10-27,2026-06-05,6,2026-06-05,,Self-Paced eLearning,False,True
U03656,Retail Banking,Relationship Manager,US - Midwest,Individual Contributor,2017-12-25,2026-01-12,1,2026-01-07,2026-01-28,Manager-Led Briefing,True,True
U03657,Retail Banking,Manager,Canada - West,People Manager,2020-11-29,2026-05-02,5,2026-04-26,2026-05-08,Manager-Led Briefing,False,True
U03658,Operations,Operations Specialist,US - Northeast,Individual Contributor,2016-09-30,2026-03-16,3,2026-03-16,2026-04-02,Live Virtual,False,True
U03659,Risk and Compliance,Analyst,APAC,Individual Contributor,2016-12-26,2026-05-27,6,2026-05-26,2026-06-15,In-Person Workshop,False,True
U03660,Retail Banking,Relationship Manager,Canada - West,Individual Contributor,2023-08-12,2026-04-30,5,2026-04-26,2026-05-12,Live Virtual,False,True
U03661,Retail Banking,Relationship Manager,Canada - East,Individual Contributor,2016-12-05,2026-05-19,5,2026-05-17,,Self-Paced eLearning,False,True
U03662,Risk and Compliance,Analyst,Canada - East,Individual Contributor,2016-03-03,2026-04-24,4,2026-04-23,2026-04-30,Live Virtual,False,True
U03663,Risk and Compliance,Risk Analyst,Canada - East,Individual Contributor,2016-06-22,2026-04-15,4,2026-04-15,2026-05-02,In-Person Workshop,False,True
U03664,Commercial Banking,Manager,US - Midwest,People Manager,2024-06-26,2026-01-28,1,2026-01-24,2026-01-27,Self-Paced eLearning,True,True
U03665,Retail Banking,Relationship Manager,Europe,Individual Contributor,2017-07-26,2026-05-19,5,2026-05-17,,Live Virtual,False,True
U03666,Operations,Associate,APAC,Individual Contributor,2016-10-04,2026-03-09,3,2026-03-07,,Self-Paced eLearning,False,True
U03667,Retail Banking,Relationship Manager,US - Northeast,Individual Contributor,2021-09-04,2026-03-06,3,2026-03-05,,Live Virtual,False,True
U03668,Retail Banking,Manager,US - Northeast,People Manager,2020-03-20,2026-04-15,4,2026-04-14,2026-04-25,In-Person Workshop,False,True
U03669,Operations,Analyst,US - Northeast,Individual Contributor,2024-04-09,2026-02-02,2,2026-01-26,,Self-Paced eLearning,False,True
U03670,Technology,Developer,US - Northeast,Individual Contributor,2022-07-16,,3,2026-03-21,,Live Virtual,True,False
U03671,Operations,Operations Specialist,US - Northeast,Individual Contributor,2019-09-20,2026-05-08,5,2026-05-03,,Live Virtual,False,True
U03672,Commercial Banking,Manager,US - Northeast,People Manager,2018-05-04,2026-01-17,1,2026-01-12,2026-01-18,Live Virtual,False,True
U03673,Operations,Associate,US - Northeast,Individual Contributor,2018-04-08,2026-06-05,6,2026-06-01,,Self-Paced eLearning,False,True
U03674,Operations,Director,Canada - East,Senior Leader,2018-06-30,2026-06-07,6,2026-06-06,,In-Person Workshop,False,True
U03675,Wealth Management,Associate,Canada - East,Individual Contributor,2021-10-31,2026-05-23,5,2026-05-23,,Live Virtual,False,True
U03676,Risk and Compliance,Risk Analyst,Canada - East,Individual Contributor,2022-04-24,2026-05-01,5,2026-04-25,2026-05-13,In-Person Workshop,False,True
U03677,Operations,Analyst,Canada - East,Individual Contributor,2022-05-03,2026-02-13,2,2026-02-09,2026-02-17,Self-Paced eLearning,False,True
U03678,Technology,Manager,Canada - West,People Manager,2024-11-09,2026-02-20,2,2026-02-20,,Live Virtual,True,True
U03679,Retail Banking,Relationship Manager,US - Midwest,Individual Contributor,2025-12-05,2026-02-12,2,2026-02-06,2026-02-11,Live Virtual,True,True
U03680,Retail Banking,Analyst,Canada - East,Individual Contributor,2017-01-11,,1,2026-01-15,,Self-Paced eLearning,True,False
U03681,Capital Markets,Analyst,Canada - West,Individual Contributor,2024-05-23,2026-03-01,2,2026-02-27,,Live Virtual,False,True
U03682,Retail Banking,Analyst,Canada - West,Individual Contributor,2021-11-13,2026-04-21,4,2026-04-19,,Self-Paced eLearning,False,True
U03683,Operations,Operations Specialist,Canada - West,Individual Contributor,2022-05-06,2026-01-23,1,2026-01-20,2026-02-09,Manager-Led Briefing,False,True
U03684,Technology,Developer,US - Midwest,Individual Contributor,2021-04-27,2026-01-30,1,2026-01-30,2026-02-06,Self-Paced eLearning,False,True
U03685,Retail Banking,Analyst,US - Northeast,Individual Contributor,2022-04-12,2026-03-03,3,2026-03-01,,Manager-Led Briefing,False,True
U03686,Retail Banking,Associate,Europe,Individual Contributor,2023-05-18,2026-05-30,6,2026-05-23,2026-06-02,Manager-Led Briefing,False,True
U03687,Operations,Manager,US - Midwest,People Manager,2016-07-10,2026-05-06,5,2026-04-30,2026-05-10,Live Virtual,True,True
U03688,Corporate Functions,Associate,Canada - West,Individual Contributor,2016-12-19,2026-01-19,1,2026-01-15,2026-02-04,Self-Paced eLearning,False,True
U03689,Commercial Banking,Associate,Europe,Individual Contributor,2019-11-25,2026-03-26,3,2026-03-25,,Live Virtual,False,True
U03690,Operations,Manager,Canada - East,People Manager,2018-12-03,2026-01-06,1,2026-01-06,2026-01-11,Self-Paced eLearning,False,True
U03691,Retail Banking,Relationship Manager,US - Northeast,Individual Contributor,2023-11-12,2026-04-01,4,2026-03-26,,Self-Paced eLearning,False,False
U03692,Commercial Banking,Associate,Canada - East,Individual Contributor,2023-09-21,2026-01-31,1,2026-01-24,2026-02-04,Live Virtual,False,True
U03693,Retail Banking,Analyst,APAC,Individual Contributor,2017-06-20,2026-04-29,5,2026-04-26,2026-05-04,In-Person Workshop,True,True
U03694,Technology,Developer,US - Northeast,Individual Contributor,2020-01-15,2026-02-09,2,2026-02-04,2026-02-13,Live Virtual,False,True
U03695,Capital Markets,Analyst,Canada - East,Individual Contributor,2020-01-30,2026-01-06,1,2026-01-02,2026-01-15,In-Person Workshop,True,True
U03696,Operations,Associate,Canada - East,Individual Contributor,2021-11-01,2026-02-17,2,2026-02-14,2026-03-06,Live Virtual,False,True
U03697,Operations,Operations Specialist,Canada - East,Individual Contributor,2016-04-13,2026-05-25,6,2026-05-19,,Live Virtual,False,True
U03698,Retail Banking,Manager,US - Northeast,People Manager,2016-08-17,2026-04-05,4,2026-03-29,2026-04-14,In-Person Workshop,False,True
U03699,Retail Banking,Relationship Manager,US - Northeast,Individual Contributor,2023-03-26,2026-03-17,3,2026-03-11,,Live Virtual,False,True
U03700,Operations,Operations Specialist,APAC,Individual Contributor,2025-06-19,2026-06-10,6,2026-06-09,,In-Person Workshop,False,True
U03701,Risk and Compliance,Risk Analyst,Canada - East,Individual Contributor,2019-09-11,2026-05-31,6,2026-05-25,2026-05-30,Self-Paced eLearning,False,True
U03702,Retail Banking,Director,US - Northeast,Senior Leader,2021-08-06,2026-02-06,2,2026-02-05,,In-Person Workshop,False,True
U03703,Technology,Manager,Canada - West,People Manager,2019-01-03,2026-02-17,2,2026-02-10,2026-02-14,Self-Paced eLearning,False,True
U03704,Commercial Banking,Director,Canada - West,Senior Leader,2020-10-23,2026-03-24,3,2026-03-19,2026-03-22,Self-Paced eLearning,True,True
U03705,Retail Banking,Relationship Manager,Canada - East,Individual Contributor,2023-10-05,2026-05-25,6,2026-05-18,2026-06-01,Self-Paced eLearning,False,True
U03706,Retail Banking,Manager,Europe,People Manager,2024-12-30,2026-02-10,2,2026-02-03,2026-02-10,Live Virtual,False,True
U03707,Operations,Manager,Canada - West,People Manager,2021-12-25,2026-03-08,3,2026-03-03,,Self-Paced eLearning,False,True
U03708,Commercial Banking,Analyst,US - Midwest,Individual Contributor,2024-11-12,2026-01-23,1,2026-01-19,,Manager-Led Briefing,False,True
U03709,Operations,Operations Specialist,Canada - East,Individual Contributor,2018-10-24,2026-05-15,5,2026-05-15,2026-06-04,Live Virtual,False,True
U03710,Capital Markets,Director,US - Northeast,Senior Leader,2025-02-20,2026-03-28,3,2026-03-23,2026-03-28,Manager-Led Briefing,True,True
U03711,Risk and Compliance,Risk Analyst,US - Northeast,Individual Contributor,2022-02-18,2026-02-18,2,2026-02-13,2026-03-05,In-Person Workshop,False,True
U03712,Capital Markets,Director,Canada - West,Senior Leader,2023-06-14,2026-02-14,2,2026-02-13,,Live Virtual,False,True
U03713,Corporate Functions,Associate,Canada - West,Individual Contributor,2016-09-21,2026-05-15,5,2026-05-13,2026-05-31,Self-Paced eLearning,False,True
U03714,Capital Markets,Analyst,Canada - East,Individual Contributor,2023-12-07,2026-06-04,6,2026-06-01,2026-06-04,Self-Paced eLearning,False,True
U03715,Wealth Management,Relationship Manager,Canada - West,Individual Contributor,2019-05-30,2026-03-24,3,2026-03-18,2026-03-23,Live Virtual,False,True
U03716,Wealth Management,Director,Canada - West,Senior Leader,2018-12-09,2026-04-02,4,2026-03-28,2026-04-18,Self-Paced eLearning,False,True
U03717,Capital Markets,Manager,Canada - East,People Manager,2021-08-12,2026-03-02,3,2026-02-25,2026-03-18,Self-Paced eLearning,True,True
U03718,Wealth Management,Relationship Manager,Canada - West,Individual Contributor,2022-09-28,2026-05-31,6,2026-05-28,2026-06-14,In-Person Workshop,False,True
U03719,Risk and Compliance,Analyst,Europe,Individual Contributor,2022-01-11,2026-02-24,2,2026-02-20,2026-03-08,Manager-Led Briefing,True,True
U03720,Technology,Director,Canada - West,Senior Leader,2020-12-06,2026-01-10,1,2026-01-06,2026-01-21,In-Person Workshop,False,True
U03721,Commercial Banking,Analyst,US - Midwest,Individual Contributor,2021-10-08,2026-05-28,6,2026-05-21,2026-06-05,Self-Paced eLearning,False,True
U03722,Technology,Director,US - Midwest,Senior Leader,2023-08-12,2026-02-11,2,2026-02-07,2026-02-15,Manager-Led Briefing,False,True
U03723,Wealth Management,Relationship Manager,Canada - West,Individual Contributor,2023-03-30,2026-01-19,1,2026-01-15,,Self-Paced eLearning,True,True
U03724,Operations,Operations Specialist,Europe,Individual Contributor,2020-01-06,2026-02-15,2,2026-02-08,,Self-Paced eLearning,False,True
U03725,Wealth Management,Relationship Manager,Canada - West,Individual Contributor,2022-05-02,2026-05-10,5,2026-05-10,2026-05-15,Self-Paced eLearning,False,True
U03726,Wealth Management,Relationship Manager,US - Midwest,Individual Contributor,2021-03-07,,3,2026-03-06,2026-03-12,Manager-Led Briefing,False,False
U03727,Corporate Functions,Director,US - Northeast,Senior Leader,2019-05-13,2026-04-30,5,2026-04-25,2026-05-06,Live Virtual,False,True
U03728,Retail Banking,Relationship Manager,Canada - East,Individual Contributor,2023-01-28,2026-04-17,4,2026-04-16,2026-04-19,In-Person Workshop,False,True
U03729,Capital Markets,Associate,US - Northeast,Individual Contributor,2016-10-24,2026-01-18,1,2026-01-16,,Self-Paced eLearning,False,True
U03730,Capital Markets,Manager,US - Midwest,People Manager,2025-11-05,2026-04-11,4,2026-04-06,2026-04-23,Live Virtual,True,True
U03731,Risk and Compliance,Analyst,APAC,Individual Contributor,2025-11-06,2026-02-22,2,2026-02-16,2026-02-23,Live Virtual,True,False
U03732,Risk and Compliance,Risk Analyst,Europe,Individual Contributor,2017-03-09,2026-06-21,6,2026-06-18,2026-06-24,In-Person Workshop,False,True
U03733,Technology,Developer,APAC,Individual Contributor,2020-10-20,2026-01-27,1,2026-01-23,2026-02-05,Self-Paced eLearning,True,True
U03734,Technology,Director,Canada - East,Senior Leader,2016-02-20,2026-01-30,1,2026-01-23,2026-01-30,In-Person Workshop,False,True
U03735,Retail Banking,Associate,Canada - West,Individual Contributor,2025-03-28,2026-02-20,2,2026-02-14,2026-02-20,Live Virtual,False,True
U03736,Corporate Functions,Manager,Canada - East,People Manager,2019-01-17,2026-06-11,6,2026-06-09,2026-06-21,In-Person Workshop,False,True
U03737,Retail Banking,Relationship Manager,US - Midwest,Individual Contributor,2018-02-18,2026-02-11,2,2026-02-08,,Self-Paced eLearning,False,True
U03738,Capital Markets,Manager,Canada - East,People Manager,2024-03-10,2026-06-12,6,2026-06-12,2026-06-24,Self-Paced eLearning,False,True
U03739,Wealth Management,Relationship Manager,US - Midwest,Individual Contributor,2022-10-16,2026-02-26,2,2026-02-26,2026-03-10,Manager-Led Briefing,False,True
U03740,Operations,Operations Specialist,Canada - East,Individual Contributor,2023-01-06,2026-04-17,4,2026-04-17,2026-04-21,In-Person Workshop,False,True
U03741,Retail Banking,Relationship Manager,APAC,Individual Contributor,2020-07-17,2026-01-22,1,2026-01-21,,Live Virtual,False,True
U03742,Retail Banking,Analyst,APAC,Individual Contributor,2016-03-30,2026-02-06,2,2026-02-01,,In-Person Workshop,True,True
U03743,Wealth Management,Relationship Manager,US - Northeast,Individual Contributor,2018-08-08,2026-05-15,5,2026-05-13,,Self-Paced eLearning,False,False
U03744,Technology,Developer,Canada - West,Individual Contributor,2016-12-05,2026-02-13,2,2026-02-06,2026-02-17,Self-Paced eLearning,False,True
U03745,Retail Banking,Analyst,APAC,Individual Contributor,2019-11-07,2026-04-26,4,2026-04-25,,Manager-Led Briefing,False,True
U03746,Capital Markets,Associate,Canada - West,Individual Contributor,2018-08-17,2026-01-07,1,2026-01-01,2026-01-04,In-Person Workshop,False,True
U03747,Retail Banking,Manager,Canada - West,People Manager,2019-11-06,2026-02-17,2,2026-02-11,2026-02-19,In-Person Workshop,False,True
U03748,Risk and Compliance,Manager,Canada - East,People Manager,2019-04-05,2026-06-05,6,2026-06-01,2026-06-21,Manager-Led Briefing,True,True
U03749,Operations,Associate,APAC,Individual Contributor,2022-01-21,2026-05-04,5,2026-04-29,2026-05-04,Self-Paced eLearning,False,True
U03750,Retail Banking,Analyst,US - Northeast,Individual Contributor,2023-07-02,2026-01-10,1,2026-01-04,2026-01-10,Live Virtual,False,True
U03751,Retail Banking,Relationship Manager,Canada - West,Individual Contributor,2022-09-04,2026-05-20,5,2026-05-18,2026-05-23,Self-Paced eLearning,False,True
U03752,Technology,Analyst,Canada - East,Individual Contributor,2018-01-15,2026-01-23,1,2026-01-16,2026-02-01,Live Virtual,True,True
U03753,Operations,Operations Specialist,Canada - East,Individual Contributor,2022-08-21,2026-06-05,6,2026-06-02,2026-06-13,Manager-Led Briefing,False,False
U03754,Capital Markets,Associate,Canada - East,Individual Contributor,2025-05-09,2026-03-08,3,2026-03-05,,In-Person Workshop,False,True
U03755,Technology,Analyst,US - Northeast,Individual Contributor,2024-12-02,2026-01-08,1,2026-01-01,2026-01-21,Live Virtual,True,True
U03756,Operations,Operations Specialist,APAC,Individual Contributor,2019-03-28,2026-01-10,1,2026-01-09,2026-01-21,Live Virtual,False,True
U03757,Retail Banking,Relationship Manager,Europe,Individual Contributor,2022-07-23,2026-03-23,3,2026-03-21,,Live Virtual,True,True
U03758,Retail Banking,Relationship Manager,Canada - East,Individual Contributor,2022-09-05,2026-03-07,3,2026-03-01,,Live Virtual,False,True
U03759,Risk and Compliance,Analyst,Canada - West,Individual Contributor,2023-08-12,2026-06-10,6,2026-06-04,2026-06-15,In-Person Workshop,False,True
U03760,Retail Banking,Analyst,Canada - East,Individual Contributor,2021-09-01,,5,2026-04-28,2026-05-12,Self-Paced eLearning,False,False
U03761,Corporate Functions,Director,Canada - East,Senior Leader,2022-12-13,2026-04-12,4,2026-04-12,2026-04-22,Self-Paced eLearning,True,True
U03762,Operations,Operations Specialist,Canada - East,Individual Contributor,2016-04-05,2026-02-14,2,2026-02-13,2026-02-22,Self-Paced eLearning,False,True
U03763,Retail Banking,Relationship Manager,Canada - East,Individual Contributor,2016-11-15,2026-02-04,2,2026-02-02,2026-02-22,Live Virtual,False,True
U03764,Retail Banking,Associate,Canada - East,Individual Contributor,2023-10-11,2026-01-22,1,2026-01-22,2026-02-05,Self-Paced eLearning,False,True
U03765,Retail Banking,Associate,US - Northeast,Individual Contributor,2024-07-22,2026-04-10,4,2026-04-06,2026-04-14,Live Virtual,False,True
U03766,Wealth Management,Analyst,US - Northeast,Individual Contributor,2018-08-29,2026-04-24,4,2026-04-21,,Self-Paced eLearning,False,True
U03767,Technology,Director,US - Midwest,Senior Leader,2025-07-07,2026-02-07,2,2026-02-03,2026-02-19,Self-Paced eLearning,False,True
U03768,Operations,Operations Specialist,Canada - East,Individual Contributor,2016-11-11,2026-02-10,2,2026-02-09,2026-02-15,Self-Paced eLearning,True,True
U03769,Commercial Banking,Analyst,APAC,Individual Contributor,2016-08-08,2026-03-19,3,2026-03-12,,Live Virtual,False,True
U03770,Commercial Banking,Analyst,Canada - East,Individual Contributor,2020-03-06,2026-02-09,2,2026-02-03,2026-02-06,In-Person Workshop,False,True
U03771,Risk and Compliance,Manager,US - Northeast,People Manager,2016-06-07,2026-06-13,6,2026-06-08,,In-Person Workshop,False,True
U03772,Corporate Functions,Analyst,Canada - East,Individual Contributor,2021-06-20,2026-05-02,5,2026-04-25,2026-05-07,Live Virtual,False,True
U03773,Commercial Banking,Analyst,Europe,Individual Contributor,2025-01-30,2026-05-12,5,2026-05-10,,In-Person Workshop,False,True
U03774,Wealth Management,Manager,US - Northeast,People Manager,2017-12-10,2026-06-12,6,2026-06-05,2026-06-11,Self-Paced eLearning,False,True
U03775,Wealth Management,Analyst,Canada - East,Individual Contributor,2021-04-19,2026-03-10,3,2026-03-03,2026-03-09,Live Virtual,True,True
U03776,Technology,Manager,Canada - West,People Manager,2020-03-06,2026-02-17,2,2026-02-14,2026-02-20,Live Virtual,False,True
U03777,Capital Markets,Associate,Europe,Individual Contributor,2025-05-21,2026-05-13,5,2026-05-06,2026-05-17,Live Virtual,False,True
U03778,Retail Banking,Analyst,Canada - West,Individual Contributor,2025-05-16,2026-04-27,5,2026-04-22,2026-05-11,Manager-Led Briefing,False,True
U03779,Capital Markets,Director,APAC,Senior Leader,2023-03-06,2026-02-02,2,2026-01-27,2026-02-06,In-Person Workshop,True,True
U03780,Corporate Functions,Associate,APAC,Individual Contributor,2024-11-08,2026-06-03,6,2026-05-30,2026-06-04,Live Virtual,False,True
U03781,Retail Banking,Director,APAC,Senior Leader,2021-05-22,2026-02-18,2,2026-02-15,2026-02-22,In-Person Workshop,False,True
U03782,Wealth Management,Director,Canada - East,Senior Leader,2017-07-04,2026-04-10,4,2026-04-05,,Live Virtual,True,True
U03783,Risk and Compliance,Manager,Canada - East,People Manager,2021-12-13,2026-05-22,5,2026-05-16,,Live Virtual,False,True
U03784,Retail Banking,Relationship Manager,Canada - West,Individual Contributor,2025-07-11,2026-03-01,2,2026-02-23,,Live Virtual,False,True
U03785,Technology,Developer,Canada - East,Individual Contributor,2016-01-17,2026-02-25,2,2026-02-25,2026-03-14,Manager-Led Briefing,False,True
U03786,Risk and Compliance,Risk Analyst,US - Northeast,Individual Contributor,2016-06-21,2026-06-06,6,2026-05-31,2026-06-16,In-Person Workshop,False,True
U03787,Corporate Functions,Analyst,US - Northeast,Individual Contributor,2019-07-17,2026-05-13,5,2026-05-10,2026-05-16,Self-Paced eLearning,False,True
U03788,Retail Banking,Associate,Canada - East,Individual Contributor,2025-09-20,2026-02-19,2,2026-02-12,,In-Person Workshop,True,True
U03789,Operations,Associate,Canada - East,Individual Contributor,2025-03-21,2026-02-05,2,2026-02-05,2026-02-13,Live Virtual,False,True
U03790,Commercial Banking,Analyst,Canada - East,Individual Contributor,2023-03-19,2026-02-14,2,2026-02-07,2026-02-22,Self-Paced eLearning,False,True
U03791,Retail Banking,Relationship Manager,Canada - East,Individual Contributor,2021-06-16,2026-03-29,3,2026-03-22,,Live Virtual,False,True
U03792,Operations,Operations Specialist,US - Midwest,Individual Contributor,2024-12-30,,3,2026-03-21,2026-03-25,Self-Paced eLearning,False,False
U03793,Retail Banking,Associate,Canada - West,Individual Contributor,2020-06-06,2026-02-10,2,2026-02-05,2026-02-08,Live Virtual,False,True
U03794,Retail Banking,Manager,Canada - West,People Manager,2018-07-21,2026-05-20,5,2026-05-18,2026-05-30,Self-Paced eLearning,False,True
U03795,Technology,Manager,Canada - East,People Manager,2016-06-10,2026-03-04,3,2026-03-01,2026-03-20,Self-Paced eLearning,True,True
U03796,Commercial Banking,Relationship Manager,APAC,Individual Contributor,2021-07-20,2026-04-12,4,2026-04-09,,Live Virtual,False,True
U03797,Commercial Banking,Relationship Manager,US - Northeast,Individual Contributor,2016-09-21,2026-03-05,3,2026-02-26,2026-03-05,Live Virtual,False,True
U03798,Capital Markets,Analyst,APAC,Individual Contributor,2021-10-20,2026-01-09,1,2026-01-06,,Self-Paced eLearning,False,True
U03799,Operations,Associate,US - Northeast,Individual Contributor,2018-05-31,2026-06-18,6,2026-06-12,,Live Virtual,True,True
U03800,Retail Banking,Relationship Manager,US - Midwest,Individual Contributor,2019-04-14,2026-05-17,5,2026-05-13,2026-05-17,Live Virtual,False,True
U03801,Retail Banking,Associate,US - Northeast,Individual Contributor,2021-05-12,2026-03-18,3,2026-03-14,,In-Person Workshop,False,True
U03802,Retail Banking,Associate,US - Midwest,Individual Contributor,2022-09-28,2026-06-01,6,2026-05-28,,Self-Paced eLearning,False,True
U03803,Operations,Operations Specialist,Europe,Individual Contributor,2018-08-07,2026-01-09,1,2026-01-04,2026-01-23,Self-Paced eLearning,False,True
U03804,Retail Banking,Associate,Canada - East,Individual Contributor,2025-06-27,2026-02-12,2,2026-02-07,2026-02-18,Self-Paced eLearning,False,True
U03805,Retail Banking,Manager,US - Northeast,People Manager,2024-07-04,2026-04-25,4,2026-04-24,,In-Person Workshop,False,True
U03806,Retail Banking,Analyst,Canada - East,Individual Contributor,2024-12-23,2026-04-16,4,2026-04-16,2026-04-28,In-Person Workshop,False,True
U03807,Commercial Banking,Director,Canada - West,Senior Leader,2025-04-25,2026-06-17,6,2026-06-13,,Live Virtual,False,True
U03808,Commercial Banking,Relationship Manager,Canada - West,Individual Contributor,2019-04-12,2026-01-10,1,2026-01-10,2026-01-19,Self-Paced eLearning,True,True
U03809,Risk and Compliance,Analyst,APAC,Individual Contributor,2023-06-26,2026-04-06,4,2026-03-30,2026-04-12,Live Virtual,False,True
U03810,Wealth Management,Analyst,Canada - West,Individual Contributor,2021-05-03,2026-04-05,4,2026-04-05,2026-04-09,Self-Paced eLearning,False,True
U03811,Technology,Developer,APAC,Individual Contributor,2016-11-18,2026-01-05,1,2026-01-03,2026-01-16,Self-Paced eLearning,False,True
U03812,Retail Banking,Relationship Manager,Europe,Individual Contributor,2016-01-29,2026-01-19,1,2026-01-17,2026-01-26,In-Person Workshop,False,True
U03813,Technology,Analyst,Canada - West,Individual Contributor,2023-04-04,2026-03-04,3,2026-02-26,2026-03-01,Live Virtual,False,True
U03814,Retail Banking,Director,Europe,Senior Leader,2016-06-21,2026-03-19,3,2026-03-16,,Self-Paced eLearning,False,True
U03815,Operations,Director,Canada - East,Senior Leader,2022-08-12,2026-01-24,1,2026-01-17,2026-02-07,Live Virtual,True,True
U03816,Operations,Associate,Europe,Individual Contributor,2016-02-23,2026-05-06,5,2026-05-05,,Live Virtual,False,True
U03817,Operations,Operations Specialist,Canada - East,Individual Contributor,2017-12-15,2026-03-15,3,2026-03-14,,Self-Paced eLearning,True,True
U03818,Retail Banking,Analyst,Canada - West,Individual Contributor,2022-01-29,2026-04-16,4,2026-04-10,,Live Virtual,False,True
U03819,Commercial Banking,Relationship Manager,Canada - East,Individual Contributor,2018-07-24,2026-05-12,5,2026-05-08,2026-05-19,Live Virtual,True,True
U03820,Wealth Management,Analyst,Europe,Individual Contributor,2022-10-15,2026-04-07,4,2026-04-07,2026-04-10,Live Virtual,False,True
U03821,Capital Markets,Analyst,Canada - East,Individual Contributor,2025-06-13,2026-05-05,5,2026-04-29,2026-05-08,Self-Paced eLearning,False,True
U03822,Commercial Banking,Analyst,US - Northeast,Individual Contributor,2019-08-19,2026-05-07,5,2026-05-02,,In-Person Workshop,False,True
U03823,Technology,Associate,US - Midwest,Individual Contributor,2023-12-06,2026-03-30,4,2026-03-26,,Self-Paced eLearning,False,True
U03824,Retail Banking,Analyst,Europe,Individual Contributor,2019-05-31,2026-03-04,3,2026-02-27,2026-03-13,Manager-Led Briefing,False,True
U03825,Capital Markets,Manager,US - Northeast,People Manager,2024-10-29,2026-01-07,1,2026-01-01,2026-01-06,Live Virtual,True,True
U03826,Technology,Manager,US - Northeast,People Manager,2017-05-30,2026-06-08,6,2026-06-06,2026-06-25,Manager-Led Briefing,True,True
U03827,Retail Banking,Manager,Canada - West,People Manager,2021-07-22,2026-02-25,2,2026-02-19,,Self-Paced eLearning,False,True
U03828,Operations,Associate,Canada - East,Individual Contributor,2024-04-30,2026-04-22,4,2026-04-21,2026-05-11,Self-Paced eLearning,False,True
U03829,Risk and Compliance,Risk Analyst,Canada - East,Individual Contributor,2022-09-24,2026-04-26,4,2026-04-20,2026-05-09,Live Virtual,True,True
U03830,Commercial Banking,Relationship Manager,APAC,Individual Contributor,2022-07-25,2026-03-29,3,2026-03-26,,Self-Paced eLearning,False,True
U03831,Technology,Analyst,Europe,Individual Contributor,2023-05-26,2026-01-10,1,2026-01-08,2026-01-24,Live Virtual,False,True
U03832,Commercial Banking,Analyst,Canada - East,Individual Contributor,2016-06-02,2026-06-16,6,2026-06-09,2026-06-20,Manager-Led Briefing,False,True
U03833,Operations,Associate,Canada - East,Individual Contributor,2022-08-02,2026-02-23,2,2026-02-17,2026-02-27,Self-Paced eLearning,False,True
U03834,Technology,Developer,Europe,Individual Contributor,2023-12-02,2026-06-07,6,2026-06-01,2026-06-09,Live Virtual,True,True
U03835,Operations,Operations Specialist,US - Northeast,Individual Contributor,2018-06-06,2026-02-17,2,2026-02-13,2026-02-19,Manager-Led Briefing,False,True
U03836,Operations,Analyst,Canada - East,Individual Contributor,2021-01-12,2026-02-24,2,2026-02-18,2026-02-24,Live Virtual,True,True
U03837,Commercial Banking,Manager,Canada - East,People Manager,2023-08-03,2026-03-03,3,2026-02-24,2026-03-11,Self-Paced eLearning,False,True
U03838,Retail Banking,Relationship Manager,Canada - East,Individual Contributor,2022-03-06,2026-05-17,5,2026-05-15,,Self-Paced eLearning,False,True
U03839,Wealth Management,Relationship Manager,Canada - East,Individual Contributor,2022-09-02,2026-06-21,6,2026-06-21,,Self-Paced eLearning,False,True
U03840,Operations,Operations Specialist,Canada - West,Individual Contributor,2020-05-22,2026-02-02,2,2026-02-01,2026-02-14,Self-Paced eLearning,False,True
U03841,Commercial Banking,Director,Canada - East,Senior Leader,2016-08-17,2026-04-11,4,2026-04-06,2026-04-25,In-Person Workshop,False,True
U03842,Commercial Banking,Relationship Manager,Canada - East,Individual Contributor,2021-09-09,2026-04-02,4,2026-03-30,2026-04-04,Self-Paced eLearning,False,True
U03843,Commercial Banking,Manager,US - Midwest,People Manager,2021-06-15,2026-05-10,5,2026-05-08,2026-05-18,Manager-Led Briefing,True,True
U03844,Commercial Banking,Relationship Manager,Canada - West,Individual Contributor,2021-05-26,2026-04-04,4,2026-04-01,2026-04-18,In-Person Workshop,False,True
U03845,Corporate Functions,Manager,APAC,People Manager,2023-09-29,2026-02-08,2,2026-02-06,2026-02-25,Self-Paced eLearning,True,True
U03846,Technology,Manager,Canada - West,People Manager,2017-09-24,2026-02-06,2,2026-02-01,2026-02-04,Live Virtual,True,True
U03847,Capital Markets,Director,US - Midwest,Senior Leader,2025-07-05,2026-06-01,6,2026-05-26,2026-05-31,Self-Paced eLearning,False,True
U03848,Capital Markets,Associate,Canada - East,Individual Contributor,2016-11-21,2026-01-22,1,2026-01-21,,Self-Paced eLearning,True,True
U03849,Retail Banking,Relationship Manager,US - Northeast,Individual Contributor,2023-11-09,2026-04-26,4,2026-04-24,2026-04-27,Live Virtual,False,True
U03850,Operations,Manager,APAC,People Manager,2020-03-10,2026-03-28,3,2026-03-28,2026-04-04,Live Virtual,False,False
U03851,Operations,Director,Canada - East,Senior Leader,2023-05-20,2026-06-11,6,2026-06-11,,Live Virtual,False,True
U03852,Retail Banking,Relationship Manager,Canada - West,Individual Contributor,2018-10-07,2026-02-04,2,2026-01-28,2026-02-12,Live Virtual,False,True
U03853,Operations,Manager,Canada - West,People Manager,2019-02-25,2026-02-15,2,2026-02-11,,In-Person Workshop,False,True
U03854,Operations,Manager,US - Northeast,People Manager,2024-08-15,2026-03-25,3,2026-03-25,2026-04-15,Live Virtual,False,True
U03855,Commercial Banking,Relationship Manager,Canada - West,Individual Contributor,2022-03-11,2026-06-13,6,2026-06-06,2026-06-10,Self-Paced eLearning,False,True
U03856,Retail Banking,Associate,Canada - West,Individual Contributor,2025-03-23,,2,2026-02-21,,Live Virtual,False,False
U03857,Wealth Management,Analyst,US - Northeast,Individual Contributor,2022-09-18,2026-01-25,1,2026-01-20,,Self-Paced eLearning,False,True
U03858,Operations,Associate,Canada - East,Individual Contributor,2018-10-13,2026-02-26,2,2026-02-25,,Live Virtual,True,True
U03859,Capital Markets,Associate,US - Northeast,Individual Contributor,2022-11-27,2026-01-15,1,2026-01-14,,In-Person Workshop,False,True
U03860,Retail Banking,Relationship Manager,US - Midwest,Individual Contributor,2024-05-14,2026-03-20,3,2026-03-13,2026-03-30,Live Virtual,False,True
U03861,Technology,Developer,Europe,Individual Contributor,2017-01-27,2026-01-21,1,2026-01-17,2026-01-26,Self-Paced eLearning,False,True
U03862,Retail Banking,Manager,US - Midwest,People Manager,2021-10-20,2026-04-20,4,2026-04-13,,Manager-Led Briefing,False,True
U03863,Commercial Banking,Relationship Manager,Canada - East,Individual Contributor,2023-12-15,2026-03-19,3,2026-03-17,2026-03-30,Self-Paced eLearning,False,True
U03864,Operations,Operations Specialist,US - Northeast,Individual Contributor,2018-10-13,2026-06-16,6,2026-06-09,,Live Virtual,False,True
U03865,Corporate Functions,Manager,Canada - East,People Manager,2020-11-28,2026-01-15,1,2026-01-15,2026-01-19,In-Person Workshop,False,True
U03866,Operations,Operations Specialist,APAC,Individual Contributor,2018-08-31,2026-02-09,2,2026-02-07,2026-02-23,In-Person Workshop,False,True
U03867,Technology,Manager,Canada - East,People Manager,2020-04-08,2026-01-13,1,2026-01-07,2026-01-14,Live Virtual,True,True
U03868,Retail Banking,Analyst,US - Midwest,Individual Contributor,2024-02-21,2026-03-08,3,2026-03-05,2026-03-24,In-Person Workshop,False,True
U03869,Commercial Banking,Associate,US - Northeast,Individual Contributor,2017-01-01,2026-05-02,5,2026-04-28,2026-05-15,Self-Paced eLearning,False,False
U03870,Technology,Director,US - Northeast,Senior Leader,2024-05-25,2026-02-20,2,2026-02-14,2026-02-26,In-Person Workshop,False,True
U03871,Operations,Operations Specialist,US - Midwest,Individual Contributor,2023-04-24,2026-06-15,6,2026-06-14,2026-07-03,Live Virtual,True,True
U03872,Retail Banking,Associate,US - Northeast,Individual Contributor,2025-07-18,2026-02-14,2,2026-02-11,2026-02-16,Live Virtual,False,True
U03873,Retail Banking,Relationship Manager,US - Northeast,Individual Contributor,2020-09-13,2026-04-04,4,2026-03-28,,Self-Paced eLearning,False,True
U03874,Retail Banking,Associate,Canada - West,Individual Contributor,2020-12-17,2026-03-28,3,2026-03-24,2026-04-05,Self-Paced eLearning,False,True
U03875,Corporate Functions,Analyst,Canada - East,Individual Contributor,2025-12-02,2026-05-15,5,2026-05-12,,Live Virtual,False,True
U03876,Operations,Operations Specialist,Canada - East,Individual Contributor,2022-03-13,2026-03-21,3,2026-03-21,2026-03-27,Self-Paced eLearning,False,True
U03877,Retail Banking,Relationship Manager,Canada - West,Individual Contributor,2020-01-11,2026-03-13,3,2026-03-07,,Live Virtual,False,True
U03878,Corporate Functions,Analyst,Europe,Individual Contributor,2025-04-05,2026-06-12,6,2026-06-09,,Live Virtual,False,True
U03879,Retail Banking,Associate,Canada - East,Individual Contributor,2016-11-23,2026-05-30,6,2026-05-29,2026-06-06,Manager-Led Briefing,False,True
U03880,Operations,Associate,APAC,Individual Contributor,2025-03-01,2026-02-06,2,2026-01-30,,Live Virtual,False,True
U03881,Capital Markets,Analyst,US - Midwest,Individual Contributor,2018-04-22,2026-03-21,3,2026-03-16,2026-03-25,In-Person Workshop,False,False
U03882,Risk and Compliance,Director,US - Midwest,Senior Leader,2024-06-17,2026-05-02,5,2026-04-29,2026-05-03,Manager-Led Briefing,False,True
U03883,Capital Markets,Associate,US - Northeast,Individual Contributor,2022-05-12,2026-04-16,4,2026-04-16,2026-04-30,Live Virtual,False,True
U03884,Technology,Director,APAC,Senior Leader,2024-08-11,2026-01-07,1,2026-01-04,2026-01-19,Live Virtual,True,True
U03885,Corporate Functions,Operations Specialist,Canada - West,Individual Contributor,2025-09-15,2026-06-05,6,2026-06-03,2026-06-08,Manager-Led Briefing,False,True
U03886,Retail Banking,Director,Canada - East,Senior Leader,2016-08-19,2026-04-03,4,2026-03-31,,Live Virtual,False,True
U03887,Corporate Functions,Manager,Canada - East,People Manager,2023-02-27,2026-04-13,4,2026-04-09,2026-04-23,Self-Paced eLearning,True,True
U03888,Wealth Management,Relationship Manager,Canada - West,Individual Contributor,2017-08-27,2026-03-04,3,2026-02-26,2026-03-10,Self-Paced eLearning,False,True
U03889,Risk and Compliance,Risk Analyst,Canada - East,Individual Contributor,2016-11-14,2026-05-09,5,2026-05-06,2026-05-15,Live Virtual,False,True
U03890,Retail Banking,Relationship Manager,Canada - East,Individual Contributor,2023-05-11,2026-02-03,2,2026-01-30,,Live Virtual,True,True
U03891,Retail Banking,Relationship Manager,Europe,Individual Contributor,2018-06-02,2026-02-17,2,2026-02-13,,Self-Paced eLearning,False,True
U03892,Commercial Banking,Relationship Manager,US - Northeast,Individual Contributor,2022-04-02,2026-03-19,3,2026-03-18,2026-03-26,In-Person Workshop,False,True
U03893,Technology,Manager,Canada - West,People Manager,2022-10-30,2026-02-25,2,2026-02-18,2026-03-09,Self-Paced eLearning,False,True
U03894,Technology,Analyst,Canada - West,Individual Contributor,2022-12-01,2026-02-04,2,2026-01-31,2026-02-21,Live Virtual,False,True
U03895,Risk and Compliance,Manager,US - Northeast,People Manager,2017-01-06,2026-05-24,5,2026-05-21,2026-06-11,Self-Paced eLearning,True,True
U03896,Commercial Banking,Relationship Manager,Canada - West,Individual Contributor,2018-07-22,2026-04-14,4,2026-04-08,,Live Virtual,False,True
U03897,Operations,Operations Specialist,APAC,Individual Contributor,2020-08-28,2026-04-03,4,2026-03-27,,Self-Paced eLearning,False,True
U03898,Operations,Operations Specialist,Canada - East,Individual Contributor,2025-06-22,2026-06-17,6,2026-06-15,2026-06-19,Live Virtual,False,True
U03899,Retail Banking,Relationship Manager,Canada - West,Individual Contributor,2016-08-30,2026-02-16,2,2026-02-09,,Live Virtual,False,True
U03900,Retail Banking,Relationship Manager,US - Northeast,Individual Contributor,2022-04-15,2026-05-24,5,2026-05-19,,Self-Paced eLearning,False,True
U03901,Retail Banking,Relationship Manager,US - Northeast,Individual Contributor,2024-10-31,2026-03-19,3,2026-03-14,2026-04-01,Self-Paced eLearning,False,True
U03902,Wealth Management,Associate,US - Northeast,Individual Contributor,2024-06-22,2026-04-16,4,2026-04-10,,Live Virtual,True,True
U03903,Capital Markets,Analyst,US - Northeast,Individual Contributor,2023-04-01,2026-02-06,2,2026-02-06,2026-02-10,Live Virtual,False,True
U03904,Technology,Manager,APAC,People Manager,2021-07-11,2026-04-07,4,2026-03-31,,Self-Paced eLearning,False,True
U03905,Operations,Manager,Canada - East,People Manager,2016-05-13,2026-02-20,2,2026-02-18,,Manager-Led Briefing,False,True
U03906,Commercial Banking,Analyst,Canada - East,Individual Contributor,2022-10-26,2026-05-30,6,2026-05-23,,Self-Paced eLearning,False,True
U03907,Wealth Management,Associate,Canada - West,Individual Contributor,2016-10-24,2026-03-03,3,2026-03-02,2026-03-19,Self-Paced eLearning,,True
U03908,Risk and Compliance,Director,US - Northeast,Senior Leader,2017-10-28,2026-05-21,5,2026-05-14,2026-05-25,Live Virtual,True,True
U03909,Technology,Developer,US - Northeast,Individual Contributor,2016-06-25,2026-02-18,2,2026-02-14,2026-03-03,In-Person Workshop,False,True
U03910,Wealth Management,Relationship Manager,US - Northeast,Individual Contributor,2024-07-11,2026-03-15,3,2026-03-10,,In-Person Workshop,False,True
U03911,Technology,Manager,US - Northeast,People Manager,2023-06-06,2026-01-22,1,2026-01-19,,Self-Paced eLearning,False,True
U03912,Technology,Developer,Canada - West,Individual Contributor,2020-01-24,,2,2026-02-26,2026-03-12,Self-Paced eLearning,False,False
U03913,Risk and Compliance,Manager,Canada - East,People Manager,2016-12-31,2026-05-06,5,2026-04-29,2026-05-09,Self-Paced eLearning,False,True
U03914,Operations,Operations Specialist,Canada - East,Individual Contributor,2020-12-28,2026-03-08,3,2026-03-03,,Live Virtual,False,True
U03915,Operations,Operations Specialist,Canada - East,Individual Contributor,2023-12-14,2026-04-25,4,2026-04-18,,Self-Paced eLearning,False,True
U03916,Operations,Operations Specialist,Canada - East,Individual Contributor,2022-11-20,2026-02-14,2,2026-02-13,2026-03-01,Self-Paced eLearning,True,True
U03917,Technology,Developer,Canada - West,Individual Contributor,2019-09-10,2026-02-14,2,2026-02-07,2026-02-14,Live Virtual,False,True
U03918,Technology,Developer,Europe,Individual Contributor,2021-01-21,2026-04-08,4,2026-04-05,2026-04-13,Manager-Led Briefing,False,True
U03919,Commercial Banking,Analyst,US - Midwest,Individual Contributor,2016-10-29,2026-05-15,5,2026-05-12,2026-05-30,Self-Paced eLearning,True,True
U03920,Operations,Operations Specialist,Canada - East,Individual Contributor,2024-08-05,2026-01-23,1,2026-01-19,2026-01-26,Live Virtual,False,True
U03921,Retail Banking,Director,US - Northeast,Senior Leader,2022-01-31,2026-06-12,6,2026-06-11,2026-06-17,Self-Paced eLearning,False,True
U03922,Risk and Compliance,Risk Analyst,Canada - East,Individual Contributor,2016-07-12,2026-06-13,6,2026-06-12,2026-06-28,In-Person Workshop,False,True
U03923,Operations,Operations Specialist,Canada - East,Individual Contributor,2019-12-26,2026-01-12,1,2026-01-08,2026-01-29,Self-Paced eLearning,False,True
U03924,Risk and Compliance,Manager,Canada - East,People Manager,2018-10-18,2026-05-20,5,2026-05-19,2026-06-06,Self-Paced eLearning,False,True
U03925,Retail Banking,Associate,Canada - East,Individual Contributor,2020-02-29,2026-05-21,5,2026-05-20,2026-05-29,In-Person Workshop,False,True
U03926,Technology,Developer,Canada - East,Individual Contributor,2020-08-31,2026-04-15,4,2026-04-09,2026-04-20,Live Virtual,True,True
U03927,Technology,Director,Canada - East,Senior Leader,2025-02-17,2026-01-09,1,2026-01-05,2026-01-10,Self-Paced eLearning,False,True
U03928,Wealth Management,Relationship Manager,Canada - West,Individual Contributor,2024-03-13,2026-06-06,6,2026-06-05,2026-06-09,In-Person Workshop,False,True
U03929,Retail Banking,Analyst,Canada - East,Individual Contributor,2016-11-07,2026-01-07,1,2026-01-02,,Self-Paced eLearning,False,True
U03930,Risk and Compliance,Risk Analyst,Canada - East,Individual Contributor,2017-11-18,2026-04-29,5,2026-04-28,2026-05-03,Self-Paced eLearning,False,True
U03931,Technology,Developer,US - Northeast,Individual Contributor,2025-02-23,2026-01-19,1,2026-01-15,2026-01-18,Live Virtual,False,True
U03932,Commercial Banking,Manager,US - Midwest,People Manager,2019-04-21,2026-04-07,4,2026-04-01,2026-04-08,Manager-Led Briefing,False,True
U03933,Technology,Associate,US - Midwest,Individual Contributor,2022-05-12,2026-02-16,2,2026-02-10,2026-02-15,Self-Paced eLearning,True,True
U03934,Retail Banking,Manager,Canada - West,People Manager,2021-04-02,2026-04-16,4,2026-04-12,2026-04-28,Manager-Led Briefing,False,True
U03935,Technology,Associate,US - Northeast,Individual Contributor,2017-08-22,2026-02-18,2,2026-02-13,,Self-Paced eLearning,True,True
U03936,Retail Banking,Associate,Europe,Individual Contributor,2023-01-28,2026-03-31,4,2026-03-25,,Live Virtual,True,True
U03937,Operations,Associate,Europe,Individual Contributor,2023-03-26,2026-03-25,3,2026-03-22,,In-Person Workshop,False,True
U03938,Commercial Banking,Relationship Manager,Canada - West,Individual Contributor,2016-06-06,2026-06-15,6,2026-06-11,2026-06-21,In-Person Workshop,False,True
U03939,Technology,Developer,Canada - East,Individual Contributor,2020-12-27,2026-03-11,3,2026-03-10,2026-03-17,Manager-Led Briefing,True,True
U03940,Retail Banking,Analyst,Canada - West,Individual Contributor,2024-07-03,2026-04-16,4,2026-04-14,,Self-Paced eLearning,False,True
U03941,Retail Banking,Associate,Canada - East,Individual Contributor,2025-03-28,2026-04-11,4,2026-04-08,2026-04-26,Self-Paced eLearning,True,True
U03942,Retail Banking,Manager,US - Midwest,People Manager,2019-12-19,2026-05-06,5,2026-05-04,2026-05-09,Self-Paced eLearning,False,True
U03943,Retail Banking,Associate,Canada - East,Individual Contributor,2018-06-04,2026-02-16,2,2026-02-15,,Live Virtual,True,True
U03944,Commercial Banking,Associate,Canada - East,Individual Contributor,2020-11-20,2026-05-04,5,2026-04-27,2026-05-10,Live Virtual,False,True
U03945,Retail Banking,Relationship Manager,Canada - East,Individual Contributor,2018-11-23,2026-01-07,1,2026-01-03,2026-01-20,In-Person Workshop,False,True
U03946,Risk and Compliance,Risk Analyst,US - Midwest,Individual Contributor,2019-03-25,2026-04-23,4,2026-04-17,2026-04-26,Self-Paced eLearning,False,True
U03947,Retail Banking,Director,Europe,Senior Leader,2020-05-06,2026-01-09,1,2026-01-05,,Self-Paced eLearning,False,True
U03948,Retail Banking,Relationship Manager,Canada - East,Individual Contributor,2024-03-03,2026-05-16,5,2026-05-14,,Live Virtual,False,True
U03949,Risk and Compliance,Manager,Canada - East,People Manager,2024-04-29,2026-05-31,6,2026-05-30,,Live Virtual,False,True
U03950,Operations,Manager,Canada - West,People Manager,2022-04-06,2026-05-30,6,2026-05-28,2026-06-02,Self-Paced eLearning,False,True
U03951,Operations,Operations Specialist,Canada - West,Individual Contributor,2018-05-02,2026-05-10,5,2026-05-06,2026-05-21,Self-Paced eLearning,True,True
U03952,Corporate Functions,Director,US - Midwest,Senior Leader,2023-08-05,2026-05-01,5,2026-04-30,2026-05-04,Manager-Led Briefing,False,True
U03953,Corporate Functions,Associate,US - Midwest,Individual Contributor,2019-11-25,2026-03-18,3,2026-03-11,2026-03-21,Self-Paced eLearning,False,True
U03954,Capital Markets,Associate,US - Midwest,Individual Contributor,2019-04-30,2026-01-06,1,2026-01-01,,Live Virtual,True,True
U03955,Retail Banking,Associate,Canada - East,Individual Contributor,2020-01-07,2026-04-09,4,2026-04-02,2026-04-09,Live Virtual,False,True
U03956,Commercial Banking,Relationship Manager,Europe,Individual Contributor,2017-09-07,2026-03-11,3,2026-03-06,,Self-Paced eLearning,False,True
U03957,Corporate Functions,Director,US - Midwest,Senior Leader,2024-11-26,,4,2026-04-20,2026-05-08,Live Virtual,False,False
U03958,Corporate Functions,Associate,US - Northeast,Individual Contributor,2017-01-10,2026-02-14,2,2026-02-14,2026-02-23,Self-Paced eLearning,False,True
U03959,Retail Banking,Relationship Manager,Canada - West,Individual Contributor,2024-11-21,2026-06-04,6,2026-06-01,2026-06-09,In-Person Workshop,False,True
U03960,Operations,Operations Specialist,APAC,Individual Contributor,2021-10-31,2026-05-09,5,2026-05-05,2026-05-24,Self-Paced eLearning,False,True
U03961,Operations,Manager,Canada - West,People Manager,2021-11-06,2026-04-12,4,2026-04-10,2026-04-24,In-Person Workshop,True,True
U03962,Retail Banking,Relationship Manager,US - Northeast,Individual Contributor,2021-07-19,2026-03-18,3,2026-03-13,2026-04-01,Self-Paced eLearning,True,True
U03963,Commercial Banking,Manager,US - Northeast,People Manager,2017-01-15,2026-03-06,3,2026-02-27,,Live Virtual,False,True
U03964,Retail Banking,Analyst,Canada - West,Individual Contributor,2024-09-03,2026-02-04,2,2026-01-31,2026-02-09,Live Virtual,False,True
U03965,Operations,Operations Specialist,Canada - West,Individual Contributor,2021-11-24,2026-05-23,5,2026-05-20,2026-06-05,In-Person Workshop,False,True
U03966,Retail Banking,Analyst,Canada - East,Individual Contributor,2020-01-30,2026-03-27,3,2026-03-21,,Live Virtual,False,True
U03967,Technology,Associate,US - Northeast,Individual Contributor,2022-02-20,2026-01-18,1,2026-01-18,2026-01-24,Self-Paced eLearning,False,True
U03968,Retail Banking,Relationship Manager,US - Northeast,Individual Contributor,2023-01-29,2026-03-22,3,2026-03-20,,In-Person Workshop,False,True
U03969,Operations,Manager,Canada - East,People Manager,2023-07-18,2026-03-22,3,2026-03-16,2026-04-01,Live Virtual,False,True
U03970,Retail Banking,Analyst,Canada - West,Individual Contributor,2016-05-28,2026-05-14,5,2026-05-14,,Self-Paced eLearning,False,True
U03971,Corporate Functions,Operations Specialist,Canada - West,Individual Contributor,2025-09-09,2026-02-25,2,2026-02-18,2026-03-02,Manager-Led Briefing,False,True
U03972,Retail Banking,Analyst,US - Midwest,Individual Contributor,2016-04-29,2026-03-17,3,2026-03-14,2026-03-28,Self-Paced eLearning,True,True
U03973,Technology,Manager,Canada - West,People Manager,2024-11-01,2026-01-17,1,2026-01-15,2026-01-19,Manager-Led Briefing,True,True
U03974,Retail Banking,Relationship Manager,Canada - East,Individual Contributor,2023-10-05,2026-01-26,1,2026-01-24,2026-02-10,Manager-Led Briefing,False,True
U03975,Retail Banking,Manager,US - Midwest,People Manager,2018-08-24,2026-03-07,3,2026-02-28,2026-03-04,Live Virtual,False,True
U03976,Retail Banking,Relationship Manager,Canada - West,Individual Contributor,2017-09-05,2026-05-09,5,2026-05-04,2026-05-10,Manager-Led Briefing,False,True
U03977,Retail Banking,Relationship Manager,Europe,Individual Contributor,2023-04-21,2026-05-05,5,2026-05-05,2026-05-15,Live Virtual,False,True
U03978,Retail Banking,Associate,US - Northeast,Individual Contributor,2023-03-17,2026-01-07,1,2026-01-03,,Manager-Led Briefing,False,True
U03979,Technology,Manager,US - Midwest,People Manager,2022-04-21,2026-02-26,2,2026-02-19,2026-03-08,Manager-Led Briefing,True,True
U03980,Commercial Banking,Manager,Europe,People Manager,2019-11-28,2026-05-22,5,2026-05-19,2026-06-07,In-Person Workshop,False,True
U03981,Retail Banking,Analyst,Canada - East,Individual Contributor,2024-09-03,2026-04-16,4,2026-04-10,2026-04-14,In-Person Workshop,False,True
U03982,Operations,Operations Specialist,Canada - East,Individual Contributor,2017-07-09,2026-01-26,1,2026-01-26,2026-02-12,Self-Paced eLearning,False,True
U03983,Commercial Banking,Relationship Manager,US - Midwest,Individual Contributor,2018-07-28,2026-04-20,4,2026-04-20,2026-05-04,Manager-Led Briefing,False,True
U03984,Retail Banking,Analyst,US - Midwest,Individual Contributor,2021-10-07,2026-02-12,2,2026-02-09,,Manager-Led Briefing,False,True
U03985,Operations,Analyst,Canada - East,Individual Contributor,2022-05-12,2026-04-05,4,2026-04-02,2026-04-08,Self-Paced eLearning,False,False
U03986,Retail Banking,Relationship Manager,APAC,Individual Contributor,2024-12-28,2026-05-26,6,2026-05-26,2026-06-08,Live Virtual,False,True
U03987,Retail Banking,Associate,APAC,Individual Contributor,2021-03-15,2026-03-02,3,2026-02-23,,Live Virtual,False,True
U03988,Technology,Analyst,US - Northeast,Individual Contributor,2021-08-31,2026-01-29,1,2026-01-26,2026-02-07,Self-Paced eLearning,False,True
U03989,Corporate Functions,Analyst,Canada - West,Individual Contributor,2018-03-11,2026-04-16,4,2026-04-11,2026-04-17,Manager-Led Briefing,True,True
U03990,Corporate Functions,Manager,Canada - West,People Manager,2018-09-14,2026-01-15,1,2026-01-11,,Self-Paced eLearning,False,True
U03991,Corporate Functions,Associate,US - Northeast,Individual Contributor,2022-08-20,,3,2026-03-08,,Self-Paced eLearning,False,False
U03992,Operations,Operations Specialist,US - Northeast,Individual Contributor,2023-06-25,2026-01-12,1,2026-01-12,2026-01-25,Live Virtual,False,True
U03993,Retail Banking,Relationship Manager,Canada - West,Individual Contributor,2018-11-07,2026-05-02,5,2026-04-25,,Live Virtual,False,True
U03994,Operations,Operations Specialist,Canada - East,Individual Contributor,2024-08-01,2026-03-15,3,2026-03-13,2026-03-23,Manager-Led Briefing,False,True
U03995,Retail Banking,Relationship Manager,Europe,Individual Contributor,2022-12-04,2026-04-26,4,2026-04-19,,Self-Paced eLearning,False,True
U03996,Retail Banking,Associate,US - Northeast,Individual Contributor,2016-10-20,2026-06-12,6,2026-06-05,2026-06-24,Live Virtual,False,True
U03997,Retail Banking,Relationship Manager,Canada - East,Individual Contributor,2022-09-17,2026-05-04,5,2026-04-29,,Self-Paced eLearning,False,True
U03998,Operations,Analyst,US - Midwest,Individual Contributor,2025-10-18,2026-05-06,5,2026-05-05,,Manager-Led Briefing,False,True
U03999,Operations,Operations Specialist,Canada - West,Individual Contributor,2018-06-26,2026-03-26,3,2026-03-26,2026-04-13,Self-Paced eLearning,False,True
U04000,Retail Banking,Associate,US - Northeast,Individual Contributor,2025-07-25,2026-04-03,4,2026-04-01,2026-04-04,Live Virtual,False,True
U04001,Capital Markets,Associate,Canada - East,Individual Contributor,2018-04-08,2026-01-30,1,2026-01-28,2026-02-06,Manager-Led Briefing,True,True
U04002,Operations,Operations Specialist,US - Northeast,Individual Contributor,2021-04-16,2026-05-07,5,2026-05-07,2026-05-12,Live Virtual,False,True
U04003,Wealth Management,Manager,Europe,People Manager,2021-10-27,2026-05-19,5,2026-05-12,,In-Person Workshop,False,True
U04004,Retail Banking,Associate,US - Northeast,Individual Contributor,2016-10-22,2026-01-21,1,2026-01-18,,Live Virtual,False,False
U04005,Technology,Analyst,Canada - East,Individual Contributor,2020-05-25,2026-03-05,3,2026-02-26,2026-03-09,Self-Paced eLearning,True,True
U04006,Retail Banking,Relationship Manager,Canada - East,Individual Contributor,2024-09-01,2026-03-11,3,2026-03-08,2026-03-21,Self-Paced eLearning,False,True
U04007,Technology,Developer,Canada - East,Individual Contributor,2022-01-12,,2,2026-02-21,2026-02-24,Self-Paced eLearning,False,False
U04008,Retail Banking,Associate,US - Midwest,Individual Contributor,2021-05-25,2026-02-01,1,2026-01-25,,Live Virtual,False,True
U04009,Retail Banking,Relationship Manager,Canada - West,Individual Contributor,2018-04-30,2026-02-10,2,2026-02-07,2026-02-22,Live Virtual,False,True
U04010,Commercial Banking,Analyst,US - Northeast,Individual Contributor,2019-12-14,2026-05-26,6,2026-05-24,2026-06-08,In-Person Workshop,False,True
U04011,Retail Banking,Relationship Manager,Canada - East,Individual Contributor,2022-08-16,2026-05-31,6,2026-05-28,,Self-Paced eLearning,False,True
U04012,Retail Banking,Relationship Manager,Europe,Individual Contributor,2022-10-19,2026-06-13,6,2026-06-09,,Self-Paced eLearning,False,True
U04013,Risk and Compliance,Analyst,Canada - East,Individual Contributor,2017-09-10,2026-03-12,3,2026-03-11,2026-04-01,Live Virtual,True,True
U04014,Retail Banking,Associate,US - Midwest,Individual Contributor,2017-11-02,2026-04-07,4,2026-04-03,2026-04-19,Self-Paced eLearning,False,True
U04015,Technology,Developer,US - Northeast,Individual Contributor,2023-01-21,2026-03-17,3,2026-03-15,2026-03-24,Self-Paced eLearning,True,True
U04016,Technology,Developer,US - Midwest,Individual Contributor,2023-12-07,2026-02-09,2,2026-02-03,2026-02-11,Self-Paced eLearning,False,True
U04017,Retail Banking,Relationship Manager,Canada - West,Individual Contributor,2017-08-10,2026-03-18,3,2026-03-18,,Live Virtual,False,True
U04018,Operations,Manager,Canada - East,People Manager,2020-10-03,2026-01-12,1,2026-01-10,2026-01-19,Self-Paced eLearning,False,True
U04019,Retail Banking,Relationship Manager,US - Midwest,Individual Contributor,2019-11-26,2026-01-22,1,2026-01-17,,Manager-Led Briefing,False,True
U04020,Capital Markets,Director,US - Midwest,Senior Leader,2017-06-09,2026-03-07,3,2026-03-03,2026-03-24,Live Virtual,False,True
U04021,Retail Banking,Associate,US - Northeast,Individual Contributor,2020-01-25,2026-02-08,2,2026-02-01,2026-02-19,Live Virtual,False,True
U04022,Retail Banking,Associate,Europe,Individual Contributor,2025-08-22,2026-05-29,6,2026-05-23,2026-05-27,Live Virtual,False,True
U04023,Operations,Analyst,Canada - East,Individual Contributor,2023-09-04,2026-04-24,4,2026-04-20,2026-05-05,Self-Paced eLearning,False,True
U04024,Risk and Compliance,Risk Analyst,Canada - East,Individual Contributor,2019-02-24,,6,2026-05-25,2026-06-11,Live Virtual,False,False
U04025,Wealth Management,Relationship Manager,Canada - East,Individual Contributor,2021-05-20,2026-04-04,4,2026-04-02,2026-04-12,Live Virtual,False,True
U04026,Corporate Functions,Associate,Canada - West,Individual Contributor,2023-02-07,2026-05-08,5,2026-05-07,,In-Person Workshop,False,True
U04027,Commercial Banking,Analyst,Canada - East,Individual Contributor,2017-07-05,2026-04-25,4,2026-04-23,,Self-Paced eLearning,False,True
U04028,Commercial Banking,Relationship Manager,Europe,Individual Contributor,2017-03-25,2026-04-23,4,2026-04-19,2026-04-26,Live Virtual,False,True
U04029,Technology,Director,Canada - West,Senior Leader,2017-05-24,2026-02-27,2,2026-02-27,2026-03-04,Self-Paced eLearning,True,True
U04030,Risk and Compliance,Analyst,Canada - East,Individual Contributor,2024-11-23,2026-02-23,2,2026-02-23,,In-Person Workshop,False,True
U04031,Technology,Associate,US - Northeast,Individual Contributor,2021-11-11,2026-01-06,1,2026-01-06,2026-01-22,Self-Paced eLearning,False,True
U04032,Operations,Manager,Canada - East,People Manager,2018-03-15,2026-03-25,3,2026-03-18,2026-03-25,In-Person Workshop,False,True
U04033,Commercial Banking,Manager,Canada - East,People Manager,2017-07-26,2026-04-15,4,2026-04-10,2026-04-18,Self-Paced eLearning,False,True
U04034,Technology,Developer,Canada - West,Individual Contributor,2022-09-09,2026-01-23,1,2026-01-19,2026-01-28,Manager-Led Briefing,False,True
U04035,Retail Banking,Associate,US - Midwest,Individual Contributor,2019-06-01,2026-06-18,6,2026-06-18,,Self-Paced eLearning,False,True
U04036,Operations,Operations Specialist,Canada - West,Individual Contributor,2023-04-17,2026-05-08,5,2026-05-06,,Self-Paced eLearning,False,True
U04037,Operations,Operations Specialist,Europe,Individual Contributor,2023-07-30,2026-02-15,2,2026-02-08,,Self-Paced eLearning,False,True
U04038,Wealth Management,Associate,US - Midwest,Individual Contributor,2018-05-30,2026-03-31,4,2026-03-24,2026-04-05,In-Person Workshop,False,True
U04039,Operations,Operations Specialist,Canada - West,Individual Contributor,2025-07-12,2026-02-24,2,2026-02-24,2026-03-11,Live Virtual,False,True
U04040,Wealth Management,Director,Canada - East,Senior Leader,2019-10-13,2026-04-19,4,2026-04-17,,Self-Paced eLearning,False,True
U04041,Operations,Associate,Canada - East,Individual Contributor,2016-03-31,2026-05-11,5,2026-05-05,2026-05-12,Manager-Led Briefing,False,True
U04042,Capital Markets,Manager,Canada - East,People Manager,2025-01-06,2026-02-24,2,2026-02-20,2026-03-13,Self-Paced eLearning,False,True
U04043,Retail Banking,Associate,Canada - East,Individual Contributor,2019-08-28,2026-02-09,2,2026-02-03,2026-02-12,Self-Paced eLearning,False,True
U04044,Risk and Compliance,Risk Analyst,Canada - East,Individual Contributor,2019-09-16,2026-03-20,3,2026-03-20,2026-03-23,Live Virtual,False,True
U04045,Technology,Manager,Canada - West,People Manager,2024-11-18,2026-02-26,2,2026-02-20,,Self-Paced eLearning,False,True
U04046,Retail Banking,Relationship Manager,US - Northeast,Individual Contributor,2024-06-08,2026-06-05,6,2026-05-29,2026-06-17,Live Virtual,False,True
U04047,Retail Banking,Manager,US - Northeast,People Manager,2016-10-29,2026-04-26,4,2026-04-21,,Live Virtual,False,True
U04048,Retail Banking,Associate,Canada - East,Individual Contributor,2016-01-19,2026-06-17,6,2026-06-11,2026-07-02,In-Person Workshop,False,True
U04049,Operations,Operations Specialist,Canada - East,Individual Contributor,2022-01-25,2026-05-13,5,2026-05-10,2026-05-16,Self-Paced eLearning,False,True
U04050,Capital Markets,Associate,Canada - East,Individual Contributor,2017-09-13,2026-02-23,2,2026-02-19,,Self-Paced eLearning,True,True
U04051,Corporate Functions,Associate,APAC,Individual Contributor,2024-07-09,2026-05-04,5,2026-04-28,2026-05-07,In-Person Workshop,False,False
U04052,Commercial Banking,Manager,US - Northeast,People Manager,2017-02-08,2026-03-16,3,2026-03-12,,In-Person Workshop,False,True
U04053,Technology,Manager,APAC,People Manager,2017-11-16,2026-02-18,2,2026-02-12,2026-02-27,Self-Paced eLearning,True,True
U04054,Operations,Operations Specialist,Canada - East,Individual Contributor,2024-11-27,2026-04-10,4,2026-04-04,2026-04-13,Self-Paced eLearning,False,True
U04055,Wealth Management,Analyst,US - Northeast,Individual Contributor,2023-05-29,2026-01-29,1,2026-01-22,2026-02-05,Self-Paced eLearning,False,True
U04056,Wealth Management,Relationship Manager,US - Northeast,Individual Contributor,2025-09-17,2026-01-11,1,2026-01-06,2026-01-18,In-Person Workshop,False,True
U04057,Operations,Operations Specialist,Canada - East,Individual Contributor,2019-05-14,2026-03-02,3,2026-02-26,,In-Person Workshop,False,True
U04058,Corporate Functions,Associate,US - Midwest,Individual Contributor,2025-11-12,2026-03-28,3,2026-03-21,2026-03-24,In-Person Workshop,False,True
U04059,Operations,Operations Specialist,Europe,Individual Contributor,2025-09-21,2026-03-17,3,2026-03-15,2026-03-29,Manager-Led Briefing,True,True
U04060,Wealth Management,Relationship Manager,Canada - West,Individual Contributor,2019-02-04,2026-04-13,4,2026-04-12,,Live Virtual,False,True
U04061,Corporate Functions,Director,US - Midwest,Senior Leader,2021-07-31,2026-05-10,5,2026-05-04,2026-05-14,Self-Paced eLearning,False,True
U04062,Capital Markets,Developer,Canada - West,Individual Contributor,2018-02-05,2026-01-18,1,2026-01-16,,Self-Paced eLearning,False,True
U04063,Retail Banking,Relationship Manager,Europe,Individual Contributor,2016-12-21,2026-01-06,1,2025-12-31,2026-01-09,Manager-Led Briefing,False,True
U04064,Commercial Banking,Manager,Europe,People Manager,2022-08-12,2026-05-20,5,2026-05-14,,In-Person Workshop,False,True
U04065,Retail Banking,Relationship Manager,US - Northeast,Individual Contributor,2019-04-05,2026-02-18,2,2026-02-11,2026-02-25,Self-Paced eLearning,False,True
U04066,Wealth Management,Director,Canada - West,Senior Leader,2024-01-24,2026-05-11,5,2026-05-05,2026-05-10,Live Virtual,True,True
U04067,Operations,Operations Specialist,US - Midwest,Individual Contributor,2022-12-26,2026-02-12,2,2026-02-08,2026-02-22,Self-Paced eLearning,True,True
U04068,Commercial Banking,Relationship Manager,Canada - East,Individual Contributor,2021-02-01,,2,2026-02-16,2026-02-21,Self-Paced eLearning,False,False
U04069,Risk and Compliance,Manager,Europe,People Manager,2024-10-14,2026-06-12,6,2026-06-06,2026-06-24,Self-Paced eLearning,False,True
U04070,Retail Banking,Associate,Canada - West,Individual Contributor,2024-06-24,2026-05-17,5,2026-05-13,,Live Virtual,True,True
U04071,Operations,Operations Specialist,US - Northeast,Individual Contributor,2023-01-13,2026-01-30,1,2026-01-28,2026-02-01,Self-Paced eLearning,False,True
U04072,Commercial Banking,Manager,Canada - West,People Manager,2025-11-23,2026-06-09,6,2026-06-03,,Live Virtual,True,True
U04073,Operations,Associate,Canada - East,Individual Contributor,2024-03-31,2026-03-01,2,2026-02-26,,In-Person Workshop,False,True
U04074,Retail Banking,Associate,Europe,Individual Contributor,2021-04-25,2026-06-15,6,2026-06-11,2026-06-25,In-Person Workshop,False,True
U04075,Retail Banking,Director,Canada - West,Senior Leader,2020-04-12,2026-05-13,5,2026-05-10,2026-05-20,Self-Paced eLearning,True,True
U04076,Operations,Manager,Canada - East,People Manager,2024-04-23,,4,2026-03-29,,Self-Paced eLearning,False,False
U04077,Commercial Banking,Director,Canada - West,Senior Leader,2023-05-25,2026-04-08,4,2026-04-05,2026-04-22,Live Virtual,False,True
U04078,Technology,Developer,US - Northeast,Individual Contributor,2019-08-04,2026-01-09,1,2026-01-02,2026-01-11,Self-Paced eLearning,True,True
U04079,Retail Banking,Analyst,US - Midwest,Individual Contributor,2019-02-22,2026-01-08,1,2026-01-06,2026-01-16,Self-Paced eLearning,False,True
U04080,Operations,Operations Specialist,APAC,Individual Contributor,2021-07-20,2026-06-05,6,2026-05-29,2026-06-10,In-Person Workshop,False,True
U04081,Operations,Manager,US - Northeast,People Manager,2022-03-11,2026-04-14,4,2026-04-11,,Self-Paced eLearning,False,True
U04082,Retail Banking,Relationship Manager,Canada - East,Individual Contributor,2021-09-17,2026-04-10,4,2026-04-09,2026-04-19,Self-Paced eLearning,False,True
U04083,Capital Markets,Associate,US - Northeast,Individual Contributor,2025-05-25,2026-02-09,2,2026-02-07,2026-02-18,Manager-Led Briefing,False,True
U04084,Operations,Operations Specialist,Canada - East,Individual Contributor,2023-10-02,2026-02-15,2,2026-02-11,2026-02-19,Self-Paced eLearning,False,True
U04085,Technology,Developer,Canada - East,Individual Contributor,2017-08-08,2026-01-11,1,2026-01-07,2026-01-26,Live Virtual,False,True
U04086,Risk and Compliance,Risk Analyst,APAC,Individual Contributor,2020-04-13,2026-03-07,3,2026-03-05,2026-03-18,Live Virtual,False,True
U04087,Technology,Manager,Canada - West,People Manager,2017-11-15,2026-01-14,1,2026-01-09,,Manager-Led Briefing,False,True
U04088,Commercial Banking,Relationship Manager,Canada - West,Individual Contributor,2016-04-11,2026-06-10,6,2026-06-08,2026-06-29,In-Person Workshop,False,False
U04089,Retail Banking,Relationship Manager,Canada - East,Individual Contributor,2018-09-14,2026-04-07,4,2026-04-02,2026-04-23,Live Virtual,False,True
U04090,Retail Banking,Relationship Manager,US - Northeast,Individual Contributor,2022-08-11,2026-04-08,4,2026-04-03,2026-04-07,Self-Paced eLearning,False,True
U04091,Retail Banking,Relationship Manager,US - Northeast,Individual Contributor,2018-12-23,2026-05-29,6,2026-05-24,2026-06-12,Live Virtual,False,True
U04092,Capital Markets,Manager,Canada - West,People Manager,2023-08-31,2026-02-15,2,2026-02-14,2026-02-18,Self-Paced eLearning,False,True
U04093,Wealth Management,Relationship Manager,Canada - East,Individual Contributor,2019-01-23,2026-03-14,3,2026-03-13,2026-03-17,Manager-Led Briefing,False,True
U04094,Retail Banking,Manager,APAC,People Manager,2022-06-13,2026-04-15,4,2026-04-14,2026-04-22,Self-Paced eLearning,False,True
U04095,Retail Banking,Director,US - Northeast,Senior Leader,2023-10-25,,2,2026-02-27,,Self-Paced eLearning,False,False
U04096,Operations,Manager,Europe,People Manager,2024-03-13,2026-06-14,6,2026-06-08,,Self-Paced eLearning,False,True
U04097,Commercial Banking,Manager,US - Northeast,People Manager,2024-09-08,2026-03-28,3,2026-03-22,,Live Virtual,False,True
U04098,Commercial Banking,Analyst,Canada - West,Individual Contributor,2022-12-24,2026-05-04,5,2026-04-30,2026-05-12,Live Virtual,False,True
U04099,Commercial Banking,Analyst,US - Northeast,Individual Contributor,2019-04-11,2026-04-22,4,2026-04-15,2026-05-01,Self-Paced eLearning,False,True
U04100,Risk and Compliance,Risk Analyst,US - Northeast,Individual Contributor,2022-10-31,2026-05-07,5,2026-05-05,2026-05-11,Self-Paced eLearning,False,True
U04101,Operations,Operations Specialist,Canada - East,Individual Contributor,2016-11-12,2026-03-29,3,2026-03-26,2026-04-12,Live Virtual,False,True
U04102,Commercial Banking,Relationship Manager,Canada - East,Individual Contributor,2019-01-15,2026-02-09,2,2026-02-02,2026-02-15,Self-Paced eLearning,False,True
U04103,Technology,Manager,Canada - West,People Manager,2016-12-10,2026-01-13,1,2026-01-11,2026-01-16,Manager-Led Briefing,False,True
U04104,Operations,Analyst,Canada - East,Individual Contributor,2020-07-10,2026-01-25,1,2026-01-22,2026-02-07,Live Virtual,False,True
U04105,Risk and Compliance,Analyst,Europe,Individual Contributor,2023-04-22,2026-04-11,4,2026-04-10,2026-04-25,Live Virtual,False,True
U04106,Retail Banking,Associate,Canada - West,Individual Contributor,2018-07-31,2026-06-17,6,2026-06-12,,In-Person Workshop,False,True
U04107,Capital Markets,Manager,Canada - East,People Manager,2017-10-22,2026-01-29,1,2026-01-28,,Live Virtual,True,True
U04108,Capital Markets,Analyst,Canada - West,Individual Contributor,2018-11-03,2026-01-05,1,2025-12-29,2026-01-16,Live Virtual,,True
U04109,Risk and Compliance,Associate,Canada - East,Individual Contributor,2021-07-09,2026-04-05,4,2026-03-29,,Self-Paced eLearning,False,True
U04110,Technology,Developer,APAC,Individual Contributor,2025-09-14,2026-02-13,2,2026-02-08,2026-02-19,In-Person Workshop,False,True
U04111,Operations,Manager,US - Northeast,People Manager,2016-08-27,2026-03-27,3,2026-03-23,2026-04-06,Self-Paced eLearning,True,True
U04112,Wealth Management,Manager,Canada - East,People Manager,2022-04-09,2026-05-05,5,2026-05-01,2026-05-04,In-Person Workshop,False,True
U04113,Capital Markets,Analyst,Canada - West,Individual Contributor,2017-10-25,2026-03-16,3,2026-03-11,2026-03-15,In-Person Workshop,False,False
U04114,Technology,Analyst,Canada - West,Individual Contributor,2022-06-24,2026-02-09,2,2026-02-09,2026-02-13,Manager-Led Briefing,False,True
U04115,Capital Markets,Analyst,Canada - West,Individual Contributor,2018-10-29,2026-03-23,3,2026-03-21,2026-04-02,Self-Paced eLearning,False,True
U04116,Retail Banking,Relationship Manager,Canada - East,Individual Contributor,2023-09-16,2026-05-25,6,2026-05-20,,In-Person Workshop,False,True
U04117,Commercial Banking,Associate,Canada - West,Individual Contributor,2020-10-07,2026-05-18,5,2026-05-16,2026-05-25,Live Virtual,False,True
U04118,Risk and Compliance,Risk Analyst,Canada - East,Individual Contributor,2024-10-07,2026-05-12,5,2026-05-08,2026-05-24,Self-Paced eLearning,False,True
U04119,Operations,Manager,Canada - East,People Manager,2021-02-09,2026-05-12,5,2026-05-11,,In-Person Workshop,False,True
U04120,Technology,Developer,Canada - West,Individual Contributor,2023-06-26,2026-03-26,3,2026-03-22,2026-04-03,Live Virtual,True,True
U04121,Corporate Functions,Director,US - Northeast,Senior Leader,2024-06-29,2026-03-04,3,2026-02-25,2026-03-06,Manager-Led Briefing,False,True
U04122,Wealth Management,Relationship Manager,Canada - East,Individual Contributor,2024-02-16,2026-02-26,2,2026-02-23,2026-03-03,Manager-Led Briefing,False,True
U04123,Risk and Compliance,Associate,APAC,Individual Contributor,2021-08-06,2026-03-23,3,2026-03-18,2026-03-25,Live Virtual,True,True
U04124,Operations,Operations Specialist,US - Northeast,Individual Contributor,2019-06-04,2026-01-25,1,2026-01-20,2026-02-05,Live Virtual,False,True
U04125,Corporate Functions,Director,US - Midwest,Senior Leader,2025-03-08,2026-01-28,1,2026-01-28,,Live Virtual,False,True
U04126,Retail Banking,Analyst,Canada - West,Individual Contributor,2023-12-31,2026-04-20,4,2026-04-13,2026-05-01,Manager-Led Briefing,False,True
U04127,Technology,Manager,Canada - West,People Manager,2020-09-10,2026-04-13,4,2026-04-13,2026-04-22,Live Virtual,True,True
U04128,Technology,Analyst,Canada - West,Individual Contributor,2018-08-04,2026-01-07,1,2026-01-07,2026-01-21,In-Person Workshop,False,True
U04129,Wealth Management,Relationship Manager,US - Midwest,Individual Contributor,2016-10-13,2026-06-14,6,2026-06-14,2026-07-04,Live Virtual,False,True
U04130,Risk and Compliance,Analyst,APAC,Individual Contributor,2024-09-05,2026-06-21,6,2026-06-15,2026-07-03,Live Virtual,False,True
U04131,Capital Markets,Associate,Canada - West,Individual Contributor,2017-08-17,2026-03-13,3,2026-03-08,2026-03-23,Live Virtual,,True
U04132,Commercial Banking,Manager,US - Midwest,People Manager,2024-09-17,2026-04-17,4,2026-04-12,,Self-Paced eLearning,False,True
U04133,Operations,Analyst,Europe,Individual Contributor,2017-09-28,2026-03-03,3,2026-03-03,,Self-Paced eLearning,False,True
U04134,Technology,Developer,Canada - East,Individual Contributor,2025-09-05,2026-02-15,2,2026-02-14,2026-03-01,In-Person Workshop,False,True
U04135,Technology,Manager,Canada - West,People Manager,2025-11-08,2026-01-18,1,2026-01-13,2026-01-31,In-Person Workshop,True,True
U04136,Retail Banking,Relationship Manager,US - Northeast,Individual Contributor,2020-10-26,2026-06-19,6,2026-06-12,,Manager-Led Briefing,False,True
U04137,Technology,Analyst,Canada - East,Individual Contributor,2023-01-01,2026-01-14,1,2026-01-14,2026-01-17,Self-Paced eLearning,False,True
U04138,Wealth Management,Manager,Canada - West,People Manager,2020-04-22,2026-05-18,5,2026-05-16,2026-05-28,Live Virtual,False,True
U04139,Capital Markets,Director,US - Northeast,Senior Leader,2022-07-17,2026-04-30,5,2026-04-26,2026-04-30,Live Virtual,False,True
U04140,Wealth Management,Relationship Manager,Europe,Individual Contributor,2020-07-13,2026-02-07,2,2026-02-02,2026-02-07,Self-Paced eLearning,False,True
U04141,Operations,Operations Specialist,Canada - East,Individual Contributor,2022-06-24,2026-06-16,6,2026-06-14,2026-06-26,Live Virtual,False,True
U04142,Technology,Developer,Canada - West,Individual Contributor,2022-09-08,2026-02-11,2,2026-02-08,2026-02-12,Self-Paced eLearning,True,True
U04143,Retail Banking,Relationship Manager,APAC,Individual Contributor,2020-12-29,2026-03-26,3,2026-03-19,2026-04-03,Self-Paced eLearning,True,True
U04144,Operations,Operations Specialist,Canada - East,Individual Contributor,2017-02-25,2026-01-29,1,2026-01-24,,In-Person Workshop,False,True
U04145,Technology,Developer,US - Midwest,Individual Contributor,2019-12-04,2026-01-29,1,2026-01-22,2026-01-31,In-Person Workshop,True,True
U04146,Retail Banking,Associate,Europe,Individual Contributor,2021-05-18,2026-05-23,5,2026-05-16,,Live Virtual,False,True
U04147,Retail Banking,Associate,Canada - East,Individual Contributor,2016-10-26,2026-03-21,3,2026-03-21,2026-04-02,Manager-Led Briefing,False,True
U04148,Commercial Banking,Relationship Manager,Canada - West,Individual Contributor,2019-02-23,2026-02-20,2,2026-02-17,2026-03-06,Live Virtual,False,True
U04149,Operations,Analyst,Canada - West,Individual Contributor,2018-03-28,2026-01-07,1,2026-01-03,2026-01-19,Live Virtual,False,True
U04150,Operations,Associate,Canada - East,Individual Contributor,2018-04-10,2026-05-31,6,2026-05-30,,Self-Paced eLearning,True,True
U04151,Retail Banking,Associate,Canada - East,Individual Contributor,2021-01-08,2026-02-22,2,2026-02-21,2026-03-02,Self-Paced eLearning,False,True
U04152,Technology,Director,US - Northeast,Senior Leader,2019-08-26,2026-03-24,3,2026-03-24,2026-03-29,Live Virtual,True,True
U04153,Operations,Operations Specialist,Canada - East,Individual Contributor,2017-06-17,2026-02-13,2,2026-02-13,,Live Virtual,False,True
U04154,Technology,Manager,Canada - West,People Manager,2018-09-11,2026-02-18,2,2026-02-12,2026-02-25,Live Virtual,True,True
U04155,Commercial Banking,Relationship Manager,Canada - East,Individual Contributor,2020-08-18,2026-03-02,3,2026-03-01,2026-03-06,In-Person Workshop,False,True
U04156,Retail Banking,Manager,APAC,People Manager,2024-01-26,2026-05-10,5,2026-05-09,2026-05-21,Self-Paced eLearning,False,True
U04157,Risk and Compliance,Risk Analyst,US - Northeast,Individual Contributor,2023-09-27,2026-05-26,6,2026-05-24,2026-06-12,In-Person Workshop,True,True
U04158,Retail Banking,Manager,Canada - East,People Manager,2023-05-20,2026-01-26,1,2026-01-20,2026-02-04,Self-Paced eLearning,True,True
U04159,Operations,Operations Specialist,Europe,Individual Contributor,2021-09-16,2026-01-10,1,2026-01-03,,Live Virtual,False,True
U04160,Retail Banking,Associate,Canada - East,Individual Contributor,2019-02-20,2026-04-20,4,2026-04-15,2026-05-02,Live Virtual,False,True
U04161,Technology,Director,Canada - West,Senior Leader,2019-08-04,2026-01-10,1,2026-01-10,2026-01-21,In-Person Workshop,False,True
U04162,Operations,Associate,US - Northeast,Individual Contributor,2016-05-27,2026-05-30,6,2026-05-27,2026-06-11,Self-Paced eLearning,False,True
U04163,Risk and Compliance,Analyst,APAC,Individual Contributor,2025-02-28,2026-06-14,6,2026-06-08,2026-06-20,Self-Paced eLearning,False,True
U04164,Operations,Operations Specialist,APAC,Individual Contributor,2021-09-09,2026-03-20,3,2026-03-16,2026-03-25,Live Virtual,False,True
U04165,Commercial Banking,Analyst,Canada - East,Individual Contributor,2024-04-13,2026-03-28,3,2026-03-21,,Live Virtual,False,True
U04166,Retail Banking,Relationship Manager,Canada - East,Individual Contributor,2024-07-19,2026-04-11,4,2026-04-11,2026-04-16,Self-Paced eLearning,False,True
U04167,Retail Banking,Relationship Manager,US - Northeast,Individual Contributor,2020-03-03,2026-02-22,2,2026-02-20,,Live Virtual,False,True
U04168,Operations,Operations Specialist,Europe,Individual Contributor,2025-03-02,2026-04-11,4,2026-04-06,,Manager-Led Briefing,False,True
U04169,Technology,Director,Canada - East,Senior Leader,2016-11-21,2026-02-18,2,2026-02-15,2026-03-03,In-Person Workshop,False,True
U04170,Operations,Operations Specialist,Canada - East,Individual Contributor,2023-01-09,2026-04-06,4,2026-04-02,2026-04-16,Live Virtual,False,True
U04171,Corporate Functions,Associate,US - Northeast,Individual Contributor,2025-11-30,2026-03-23,3,2026-03-20,,Live Virtual,False,True
U04172,Capital Markets,Analyst,Canada - East,Individual Contributor,2020-01-11,2026-02-13,2,2026-02-06,2026-02-14,Manager-Led Briefing,True,True
U04173,Corporate Functions,Analyst,Canada - West,Individual Contributor,2022-08-24,2026-03-31,4,2026-03-27,2026-03-30,Live Virtual,False,True
U04174,Operations,Operations Specialist,US - Northeast,Individual Contributor,2025-06-25,2026-05-04,5,2026-04-29,2026-05-08,Self-Paced eLearning,False,True
U04175,Wealth Management,Associate,Europe,Individual Contributor,2020-02-27,2026-05-12,5,2026-05-11,,Live Virtual,False,True
U04176,Technology,Director,Canada - West,Senior Leader,2016-05-26,,2,2026-01-31,2026-02-21,Manager-Led Briefing,False,False
U04177,Commercial Banking,Relationship Manager,US - Northeast,Individual Contributor,2022-12-28,2026-01-31,1,2026-01-27,2026-02-03,In-Person Workshop,False,True
U04178,Corporate Functions,Associate,Canada - West,Individual Contributor,2025-10-01,2026-04-16,4,2026-04-10,2026-05-01,Self-Paced eLearning,False,True
U04179,Commercial Banking,Manager,Canada - East,People Manager,2024-12-30,2026-05-31,6,2026-05-31,,Self-Paced eLearning,False,True
U04180,Risk and Compliance,Analyst,APAC,Individual Contributor,2022-11-24,2026-04-07,4,2026-04-02,2026-04-16,Self-Paced eLearning,False,True
U04181,Capital Markets,Director,Canada - East,Senior Leader,2017-09-06,2026-04-20,4,2026-04-13,2026-04-19,Live Virtual,False,True
U04182,Retail Banking,Relationship Manager,US - Northeast,Individual Contributor,2018-04-17,2026-04-22,4,2026-04-20,,Self-Paced eLearning,False,True
U04183,Commercial Banking,Analyst,Europe,Individual Contributor,2016-09-21,2026-03-08,3,2026-03-02,2026-03-05,Self-Paced eLearning,False,True
U04184,Technology,Analyst,US - Northeast,Individual Contributor,2017-06-19,2026-01-24,1,2026-01-19,2026-02-02,Self-Paced eLearning,False,True
U04185,Risk and Compliance,Analyst,US - Midwest,Individual Contributor,2022-09-10,2026-05-05,5,2026-05-03,2026-05-15,Live Virtual,False,True
U04186,Wealth Management,Relationship Manager,US - Northeast,Individual Contributor,2022-08-03,2026-06-08,6,2026-06-08,2026-06-23,Live Virtual,False,True
U04187,Retail Banking,Manager,US - Northeast,People Manager,2022-07-05,2026-05-07,5,2026-05-01,2026-05-16,In-Person Workshop,False,True
U04188,Retail Banking,Relationship Manager,Canada - West,Individual Contributor,2024-06-13,2026-04-13,4,2026-04-10,2026-04-22,In-Person Workshop,False,True
U04189,Retail Banking,Director,Europe,Senior Leader,2024-06-18,2026-03-01,2,2026-02-25,,Manager-Led Briefing,True,True
U04190,Technology,Director,Canada - West,Senior Leader,2025-06-20,2026-03-10,3,2026-03-03,2026-03-22,Live Virtual,True,True
U04191,Retail Banking,Associate,Canada - East,Individual Contributor,2016-08-02,2026-04-09,4,2026-04-07,2026-04-24,Self-Paced eLearning,False,True
U04192,Capital Markets,Associate,US - Midwest,Individual Contributor,2020-09-13,2026-02-17,2,2026-02-12,2026-02-22,Self-Paced eLearning,False,True
U04193,Technology,Director,Canada - East,Senior Leader,2022-12-18,2026-02-06,2,2026-01-30,2026-02-03,Self-Paced eLearning,True,True
U04194,Wealth Management,Relationship Manager,Canada - East,Individual Contributor,2025-05-03,2026-02-09,2,2026-02-05,,Live Virtual,False,True
U04195,Retail Banking,Relationship Manager,US - Midwest,Individual Contributor,2023-08-18,2026-05-11,5,2026-05-09,2026-05-14,Live Virtual,False,True
U04196,Technology,Developer,Canada - East,Individual Contributor,2022-01-19,2026-01-15,1,2026-01-09,2026-01-14,In-Person Workshop,True,True
U04197,Retail Banking,Director,Canada - West,Senior Leader,2022-03-15,2026-02-26,2,2026-02-23,2026-02-27,Self-Paced eLearning,False,True
U04198,Risk and Compliance,Risk Analyst,Canada - East,Individual Contributor,2023-08-09,,5,2026-05-08,,Live Virtual,False,False
U04199,Retail Banking,Relationship Manager,Canada - East,Individual Contributor,2021-09-23,2026-02-25,2,2026-02-20,2026-03-09,Live Virtual,False,True
U04200,Retail Banking,Associate,US - Midwest,Individual Contributor,2019-05-23,2026-04-28,5,2026-04-28,2026-05-13,Self-Paced eLearning,True,True
U04201,Retail Banking,Relationship Manager,US - Northeast,Individual Contributor,2021-03-15,2026-02-09,2,2026-02-02,2026-02-21,Self-Paced eLearning,True,True
U04202,Wealth Management,Relationship Manager,Canada - East,Individual Contributor,2024-03-28,2026-06-21,6,2026-06-18,2026-07-04,In-Person Workshop,False,True
U04203,Retail Banking,Relationship Manager,US - Northeast,Individual Contributor,2024-11-12,2026-05-11,5,2026-05-09,2026-05-14,Self-Paced eLearning,False,True
U04204,Commercial Banking,Associate,US - Northeast,Individual Contributor,2019-04-01,,2,2026-02-23,,Live Virtual,False,False
U04205,Capital Markets,Manager,Canada - East,People Manager,2021-06-16,2026-01-08,1,2026-01-07,2026-01-18,Self-Paced eLearning,False,True
U04206,Capital Markets,Analyst,US - Northeast,Individual Contributor,2025-06-21,2026-05-29,6,2026-05-23,2026-06-07,Self-Paced eLearning,False,True
U04207,Retail Banking,Associate,US - Northeast,Individual Contributor,2017-04-23,2026-02-16,2,2026-02-14,,Self-Paced eLearning,True,True
U04208,Retail Banking,Associate,US - Northeast,Individual Contributor,2022-03-05,2026-01-05,1,2026-01-04,2026-01-24,Manager-Led Briefing,False,True
U04209,Operations,Operations Specialist,Canada - East,Individual Contributor,2021-04-02,2026-04-16,4,2026-04-15,,Self-Paced eLearning,False,True
U04210,Retail Banking,Associate,US - Northeast,Individual Contributor,2017-12-23,2026-06-11,6,2026-06-07,,Self-Paced eLearning,False,True
U04211,Commercial Banking,Associate,US - Northeast,Individual Contributor,2021-06-07,,4,2026-04-04,2026-04-24,In-Person Workshop,True,False
U04212,Operations,Operations Specialist,US - Northeast,Individual Contributor,2019-02-12,2026-05-07,5,2026-05-06,2026-05-19,Self-Paced eLearning,False,True
U04213,Operations,Operations Specialist,Canada - East,Individual Contributor,2017-01-20,2026-04-09,4,2026-04-06,,Live Virtual,False,True
U04214,Retail Banking,Associate,Canada - West,Individual Contributor,2016-05-23,2026-03-14,3,2026-03-14,2026-03-30,Self-Paced eLearning,False,True
U04215,Technology,Associate,Canada - East,Individual Contributor,2025-04-22,2026-02-04,2,2026-02-03,2026-02-08,Self-Paced eLearning,False,True
U04216,Retail Banking,Relationship Manager,Canada - West,Individual Contributor,2024-04-19,2026-05-11,5,2026-05-06,,Manager-Led Briefing,True,True
U04217,Commercial Banking,Relationship Manager,Canada - East,Individual Contributor,2019-06-13,2026-04-13,4,2026-04-12,,Live Virtual,False,True
U04218,Retail Banking,Manager,Europe,People Manager,2022-04-11,2026-01-18,1,2026-01-16,,Self-Paced eLearning,False,True
U04219,Corporate Functions,Associate,US - Northeast,Individual Contributor,2024-02-08,2026-01-16,1,2026-01-16,,Live Virtual,False,True
U04220,Commercial Banking,Manager,Canada - West,People Manager,2025-10-05,2026-01-28,1,2026-01-23,2026-01-28,In-Person Workshop,False,True
U04221,Retail Banking,Associate,Canada - East,Individual Contributor,2020-05-02,2026-04-11,4,2026-04-11,,Live Virtual,False,True
U04222,Retail Banking,Relationship Manager,US - Northeast,Individual Contributor,2025-06-24,2026-04-13,4,2026-04-07,2026-04-22,Self-Paced eLearning,False,True
U04223,Operations,Operations Specialist,Canada - West,Individual Contributor,2020-10-10,2026-02-28,2,2026-02-24,2026-03-13,Live Virtual,False,True
U04224,Retail Banking,Manager,Canada - East,People Manager,2018-09-16,,4,2026-04-06,2026-04-22,Self-Paced eLearning,False,False
U04225,Retail Banking,Associate,Canada - East,Individual Contributor,2023-01-20,2026-02-13,2,2026-02-10,2026-02-21,Self-Paced eLearning,False,True
U04226,Risk and Compliance,Risk Analyst,Canada - East,Individual Contributor,2017-01-16,2026-06-16,6,2026-06-16,2026-06-30,Manager-Led Briefing,False,True
U04227,Commercial Banking,Analyst,US - Northeast,Individual Contributor,2016-03-06,2026-02-03,2,2026-01-27,2026-02-17,Live Virtual,False,True
U04228,Retail Banking,Director,Canada - East,Senior Leader,2020-05-10,2026-03-05,3,2026-03-04,,Live Virtual,False,True
U04229,Technology,Developer,Canada - West,Individual Contributor,2018-10-28,2026-01-09,1,2026-01-09,2026-01-22,Live Virtual,True,True
U04230,Retail Banking,Associate,APAC,Individual Contributor,2019-12-21,2026-01-08,1,2026-01-05,,In-Person Workshop,False,True
U04231,Corporate Functions,Manager,APAC,People Manager,2018-02-21,2026-05-30,6,2026-05-27,2026-06-10,Live Virtual,False,True
U04232,Retail Banking,Associate,US - Northeast,Individual Contributor,2022-07-19,2026-01-15,1,2026-01-14,,Self-Paced eLearning,True,False
U04233,Capital Markets,Developer,Canada - East,Individual Contributor,2021-12-05,2026-02-08,2,2026-02-01,2026-02-17,In-Person Workshop,False,True
U04234,Capital Markets,Associate,Canada - East,Individual Contributor,2022-12-03,2026-01-07,1,2026-01-06,2026-01-11,Live Virtual,False,True
U04235,Retail Banking,Associate,Canada - East,Individual Contributor,2021-12-29,2026-05-09,5,2026-05-07,2026-05-11,Self-Paced eLearning,False,True
U04236,Retail Banking,Relationship Manager,US - Midwest,Individual Contributor,2022-11-14,2026-03-26,3,2026-03-26,2026-04-15,Self-Paced eLearning,True,True
U04237,Operations,Operations Specialist,APAC,Individual Contributor,2024-05-31,2026-04-25,4,2026-04-22,2026-05-02,Manager-Led Briefing,False,True
U04238,Risk and Compliance,Risk Analyst,Canada - East,Individual Contributor,2019-10-02,,6,2026-05-23,2026-05-29,Live Virtual,False,False
U04239,Technology,Manager,Canada - West,People Manager,2020-06-19,2026-01-12,1,2026-01-08,2026-01-19,In-Person Workshop,True,True
U04240,Commercial Banking,Relationship Manager,Canada - East,Individual Contributor,2019-11-24,2026-04-02,4,2026-03-31,2026-04-12,Live Virtual,False,True
U04241,Wealth Management,Associate,Canada - East,Individual Contributor,2022-01-29,2026-04-14,4,2026-04-11,2026-04-30,Manager-Led Briefing,False,True
U04242,Wealth Management,Analyst,US - Northeast,Individual Contributor,2017-02-04,2026-05-04,5,2026-04-27,2026-05-07,Live Virtual,False,True
U04243,Technology,Developer,US - Northeast,Individual Contributor,2021-01-02,2026-04-15,4,2026-04-13,2026-04-21,Live Virtual,False,True
U04244,Technology,Manager,Canada - East,People Manager,2016-12-06,2026-04-11,4,2026-04-08,2026-04-16,Self-Paced eLearning,True,True
U04245,Capital Markets,Analyst,Canada - West,Individual Contributor,2018-05-21,2026-01-22,1,2026-01-20,2026-02-04,Self-Paced eLearning,False,True
U04246,Retail Banking,Manager,Canada - East,People Manager,2022-09-21,2026-03-11,3,2026-03-09,2026-03-12,In-Person Workshop,False,True
U04247,Wealth Management,Manager,Canada - West,People Manager,2019-12-14,2026-03-03,3,2026-03-02,2026-03-05,Live Virtual,False,True
U04248,Retail Banking,Associate,APAC,Individual Contributor,2024-03-29,2026-04-15,4,2026-04-12,,Live Virtual,False,True
U04249,Retail Banking,Associate,Canada - East,Individual Contributor,2020-06-27,2026-06-04,6,2026-06-04,2026-06-11,In-Person Workshop,False,True
U04250,Wealth Management,Analyst,Canada - East,Individual Contributor,2022-01-15,2026-01-26,1,2026-01-23,2026-02-13,Self-Paced eLearning,False,True
U04251,Operations,Director,Canada - East,Senior Leader,2018-10-20,2026-03-03,3,2026-02-28,,Live Virtual,False,True
U04252,Retail Banking,Analyst,APAC,Individual Contributor,2023-07-03,2026-03-06,3,2026-02-27,2026-03-06,Self-Paced eLearning,False,True
U04253,Retail Banking,Associate,APAC,Individual Contributor,2022-06-25,2026-04-24,4,2026-04-20,2026-05-11,Live Virtual,True,True
U04254,Technology,Developer,Canada - East,Individual Contributor,2025-09-17,2026-03-23,3,2026-03-16,2026-03-30,Self-Paced eLearning,False,True
U04255,Wealth Management,Relationship Manager,Canada - East,Individual Contributor,2022-07-16,2026-02-23,2,2026-02-18,2026-03-06,Self-Paced eLearning,False,True
U04256,Retail Banking,Analyst,US - Northeast,Individual Contributor,2019-05-11,2026-03-05,3,2026-03-05,,Self-Paced eLearning,False,True
U04257,Retail Banking,Relationship Manager,US - Northeast,Individual Contributor,2024-10-16,2026-03-07,3,2026-03-01,2026-03-04,Self-Paced eLearning,False,True
U04258,Technology,Analyst,Canada - East,Individual Contributor,2022-12-23,2026-01-05,1,2025-12-30,2026-01-16,Self-Paced eLearning,False,True
U04259,Corporate Functions,Analyst,US - Northeast,Individual Contributor,2022-05-29,2026-03-13,3,2026-03-13,2026-03-31,Self-Paced eLearning,False,True
U04260,Retail Banking,Associate,US - Midwest,Individual Contributor,2025-01-08,2026-05-24,5,2026-05-17,,In-Person Workshop,False,True
U04261,Corporate Functions,Analyst,Canada - West,Individual Contributor,2020-10-23,2026-04-08,4,2026-04-01,2026-04-15,Manager-Led Briefing,False,True
U04262,Risk and Compliance,Analyst,US - Northeast,Individual Contributor,2019-06-22,2026-02-22,2,2026-02-18,2026-03-10,In-Person Workshop,False,True
U04263,Operations,Manager,APAC,People Manager,2024-03-13,2026-02-05,2,2026-02-03,,In-Person Workshop,False,True
U04264,Wealth Management,Relationship Manager,Canada - West,Individual Contributor,2017-07-03,2026-03-13,3,2026-03-07,,Live Virtual,False,True
U04265,Commercial Banking,Analyst,US - Northeast,Individual Contributor,2024-03-17,2026-03-28,3,2026-03-23,2026-04-10,Live Virtual,False,True
U04266,Technology,Developer,Europe,Individual Contributor,2023-01-02,2026-06-10,6,2026-06-04,2026-06-14,Self-Paced eLearning,True,True
U04267,Operations,Associate,Canada - West,Individual Contributor,2023-03-31,2026-05-03,5,2026-04-29,2026-05-13,In-Person Workshop,True,True
U04268,Wealth Management,Associate,US - Northeast,Individual Contributor,2024-11-21,2026-01-10,1,2026-01-06,2026-01-23,Self-Paced eLearning,True,True
U04269,Wealth Management,Relationship Manager,Canada - West,Individual Contributor,2016-11-24,2026-05-21,5,2026-05-20,2026-06-04,Live Virtual,False,True
U04270,Capital Markets,Director,US - Northeast,Senior Leader,2024-02-02,,2,2026-02-21,2026-02-27,Self-Paced eLearning,False,False
U04271,Corporate Functions,Associate,APAC,Individual Contributor,2018-06-13,2026-01-29,1,2026-01-28,2026-02-10,Self-Paced eLearning,False,True
U04272,Technology,Developer,Canada - East,Individual Contributor,2020-12-01,2026-01-23,1,2026-01-22,2026-02-07,Self-Paced eLearning,False,True
U04273,Wealth Management,Associate,US - Northeast,Individual Contributor,2020-03-15,2026-06-09,6,2026-06-04,2026-06-21,In-Person Workshop,False,True
U04274,Risk and Compliance,Director,Canada - West,Senior Leader,2019-12-10,2026-04-28,5,2026-04-22,2026-05-12,Live Virtual,False,True
U04275,Retail Banking,Associate,Canada - West,Individual Contributor,2018-11-28,2026-04-22,4,2026-04-20,2026-05-03,Live Virtual,False,True
U04276,Retail Banking,Relationship Manager,Canada - West,Individual Contributor,2018-05-02,2026-02-02,2,2026-01-28,2026-02-16,Self-Paced eLearning,False,True
U04277,Operations,Operations Specialist,Canada - West,Individual Contributor,2019-05-27,2026-02-10,2,2026-02-10,,Self-Paced eLearning,False,True
U04278,Wealth Management,Relationship Manager,US - Northeast,Individual Contributor,2021-03-21,2026-05-30,6,2026-05-25,2026-06-11,Live Virtual,False,True
U04279,Operations,Operations Specialist,Canada - West,Individual Contributor,2016-01-12,2026-04-22,4,2026-04-18,,Live Virtual,False,True
U04280,Capital Markets,Associate,Canada - West,Individual Contributor,2023-10-14,2026-06-20,6,2026-06-19,,Live Virtual,False,True
U04281,Retail Banking,Manager,Europe,People Manager,2019-11-05,2026-05-30,6,2026-05-30,2026-06-17,Manager-Led Briefing,False,True
U04282,Operations,Operations Specialist,US - Midwest,Individual Contributor,2017-11-26,2026-06-16,6,2026-06-10,2026-06-28,Manager-Led Briefing,False,True
U04283,Commercial Banking,Analyst,US - Midwest,Individual Contributor,2016-07-23,2026-03-12,3,2026-03-07,2026-03-28,Self-Paced eLearning,False,True
U04284,Retail Banking,Associate,Canada - East,Individual Contributor,2016-07-22,2026-05-16,5,2026-05-13,,In-Person Workshop,True,True
U04285,Risk and Compliance,Manager,US - Northeast,People Manager,2018-09-15,2026-06-08,6,2026-06-04,2026-06-25,Live Virtual,True,True
U04286,Retail Banking,Relationship Manager,US - Midwest,Individual Contributor,2019-02-16,2026-01-19,1,2026-01-15,2026-02-04,Manager-Led Briefing,True,True
U04287,Risk and Compliance,Analyst,APAC,Individual Contributor,2023-07-16,2026-05-14,5,2026-05-14,2026-05-26,Self-Paced eLearning,False,True
U04288,Retail Banking,Associate,US - Northeast,Individual Contributor,2016-06-30,2026-02-13,2,2026-02-08,2026-02-14,Self-Paced eLearning,True,True
U04289,Corporate Functions,Operations Specialist,APAC,Individual Contributor,2019-03-31,2026-02-15,2,2026-02-08,2026-02-22,Self-Paced eLearning,False,True
U04290,Commercial Banking,Manager,US - Northeast,People Manager,2021-04-23,2026-03-28,3,2026-03-21,2026-04-11,Self-Paced eLearning,False,True
U04291,Retail Banking,Director,Canada - East,Senior Leader,2016-10-30,2026-03-21,3,2026-03-18,,In-Person Workshop,False,True
U04292,Retail Banking,Relationship Manager,US - Northeast,Individual Contributor,2025-06-26,2026-04-22,4,2026-04-20,,Self-Paced eLearning,False,True
U04293,Retail Banking,Associate,Europe,Individual Contributor,2017-05-18,2026-06-01,6,2026-05-31,2026-06-13,Live Virtual,True,True
U04294,Commercial Banking,Analyst,APAC,Individual Contributor,2021-09-17,2026-02-15,2,2026-02-15,2026-03-01,Live Virtual,False,True
U04295,Wealth Management,Relationship Manager,Canada - East,Individual Contributor,2017-11-04,2026-03-02,3,2026-02-25,2026-03-12,Self-Paced eLearning,False,True
U04296,Operations,Associate,Europe,Individual Contributor,2023-09-20,2026-05-20,5,2026-05-13,2026-05-31,Self-Paced eLearning,False,True
U04297,Operations,Associate,Canada - West,Individual Contributor,2023-05-02,2026-01-07,1,2026-01-04,,Self-Paced eLearning,False,True
U04298,Commercial Banking,Analyst,US - Northeast,Individual Contributor,2023-09-26,2026-05-20,5,2026-05-14,2026-05-25,Self-Paced eLearning,False,True
U04299,Technology,Developer,Canada - East,Individual Contributor,2022-06-17,2026-02-20,2,2026-02-15,2026-03-08,Manager-Led Briefing,False,True
U04300,Commercial Banking,Analyst,Canada - West,Individual Contributor,2023-11-07,2026-01-22,1,2026-01-19,2026-02-07,Live Virtual,False,True
U04301,Technology,Developer,Canada - West,Individual Contributor,2018-12-25,2026-02-05,2,2026-02-01,2026-02-13,Live Virtual,True,True
U04302,Capital Markets,Associate,US - Northeast,Individual Contributor,2018-05-21,2026-05-15,5,2026-05-13,,Self-Paced eLearning,False,True
U04303,Corporate Functions,Director,Canada - West,Senior Leader,2018-08-10,2026-06-02,6,2026-06-01,2026-06-22,Self-Paced eLearning,False,True
U04304,Operations,Operations Specialist,Europe,Individual Contributor,2018-08-14,2026-03-17,3,2026-03-11,2026-03-23,In-Person Workshop,False,True
U04305,Retail Banking,Relationship Manager,Canada - East,Individual Contributor,2020-07-21,2026-05-11,5,2026-05-08,2026-05-22,Self-Paced eLearning,False,True
U04306,Retail Banking,Manager,US - Northeast,People Manager,2020-11-03,2026-02-19,2,2026-02-13,2026-02-23,In-Person Workshop,False,True
U04307,Technology,Developer,Canada - East,Individual Contributor,2025-04-06,2026-02-08,2,2026-02-05,2026-02-24,Self-Paced eLearning,False,True
U04308,Operations,Operations Specialist,US - Northeast,Individual Contributor,2018-03-01,2026-04-27,5,2026-04-25,,Self-Paced eLearning,False,True
U04309,Risk and Compliance,Risk Analyst,Canada - East,Individual Contributor,2016-07-29,2026-06-13,6,2026-06-10,2026-06-21,Manager-Led Briefing,False,True
U04310,Commercial Banking,Analyst,US - Midwest,Individual Contributor,2018-02-20,2026-05-23,5,2026-05-18,2026-06-02,Self-Paced eLearning,False,True
U04311,Technology,Director,Canada - West,Senior Leader,2024-06-23,2026-01-24,1,2026-01-17,2026-01-20,Self-Paced eLearning,False,True
U04312,Wealth Management,Relationship Manager,Canada - East,Individual Contributor,2019-07-08,2026-03-22,3,2026-03-19,,Self-Paced eLearning,False,True
U04313,Retail Banking,Associate,Canada - East,Individual Contributor,2017-11-08,2026-06-14,6,2026-06-09,2026-06-17,Live Virtual,False,True
U04314,Wealth Management,Analyst,US - Northeast,Individual Contributor,2022-10-07,2026-03-28,3,2026-03-22,2026-04-01,Self-Paced eLearning,False,True
U04315,Retail Banking,Relationship Manager,Canada - West,Individual Contributor,2021-03-08,2026-03-17,3,2026-03-14,2026-03-19,In-Person Workshop,False,True
U04316,Commercial Banking,Relationship Manager,US - Northeast,Individual Contributor,2019-06-26,2026-03-26,3,2026-03-20,2026-03-27,In-Person Workshop,False,True
U04317,Risk and Compliance,Risk Analyst,US - Northeast,Individual Contributor,2016-11-21,2026-05-04,5,2026-05-02,2026-05-08,Self-Paced eLearning,False,True
U04318,Wealth Management,Associate,APAC,Individual Contributor,2017-11-13,2026-05-28,6,2026-05-27,2026-06-06,Live Virtual,False,True
U04319,Wealth Management,Relationship Manager,Europe,Individual Contributor,2016-04-09,2026-01-20,1,2026-01-18,2026-02-07,In-Person Workshop,False,True
U04320,Operations,Associate,Canada - West,Individual Contributor,2016-10-29,2026-06-05,6,2026-05-29,,Live Virtual,False,True
U04321,Wealth Management,Relationship Manager,Canada - East,Individual Contributor,2019-08-01,2026-04-08,4,2026-04-04,,Live Virtual,False,True
U04322,Technology,Developer,Canada - East,Individual Contributor,2024-06-25,2026-01-10,1,2026-01-09,2026-01-18,Manager-Led Briefing,True,True
U04323,Commercial Banking,Associate,Canada - East,Individual Contributor,2019-10-06,2026-03-08,3,2026-03-04,2026-03-08,Self-Paced eLearning,False,True
U04324,Retail Banking,Director,Europe,Senior Leader,2022-07-09,2026-06-10,6,2026-06-07,,Live Virtual,False,True
U04325,Retail Banking,Relationship Manager,APAC,Individual Contributor,2020-01-06,2026-02-07,2,2026-02-03,2026-02-12,Live Virtual,False,True
U04326,Technology,Developer,Canada - West,Individual Contributor,2016-03-02,2026-02-21,2,2026-02-21,2026-02-27,Manager-Led Briefing,False,True
U04327,Retail Banking,Manager,Canada - East,People Manager,2017-05-05,2026-04-05,4,2026-04-02,2026-04-21,Live Virtual,False,True
U04328,Capital Markets,Associate,US - Northeast,Individual Contributor,2017-07-14,2026-01-31,1,2026-01-31,2026-02-03,Live Virtual,False,True
U04329,Wealth Management,Analyst,Canada - East,Individual Contributor,2022-04-10,2026-03-19,3,2026-03-13,2026-04-03,Self-Paced eLearning,False,True
U04330,Risk and Compliance,Risk Analyst,Canada - East,Individual Contributor,2024-05-03,2026-04-21,4,2026-04-21,2026-05-06,Manager-Led Briefing,False,False
U04331,Retail Banking,Associate,US - Northeast,Individual Contributor,2022-09-27,,6,2026-06-02,,Self-Paced eLearning,True,False
U04332,Risk and Compliance,Manager,Canada - East,People Manager,2018-04-23,,6,2026-06-19,2026-07-10,Self-Paced eLearning,False,False
U04333,Retail Banking,Manager,Canada - East,People Manager,2018-03-02,2026-06-15,6,2026-06-08,2026-06-18,Self-Paced eLearning,False,True
U04334,Technology,Director,APAC,Senior Leader,2025-02-28,2026-02-25,2,2026-02-21,2026-02-26,Live Virtual,True,True
U04335,Wealth Management,Relationship Manager,US - Northeast,Individual Contributor,2019-06-06,2026-03-15,3,2026-03-10,2026-03-31,Self-Paced eLearning,False,True
U04336,Retail Banking,Relationship Manager,US - Northeast,Individual Contributor,2018-08-25,2026-05-30,6,2026-05-23,,Self-Paced eLearning,False,True
U04337,Retail Banking,Associate,Canada - East,Individual Contributor,2019-09-09,2026-05-19,5,2026-05-13,,Live Virtual,False,True
U04338,Retail Banking,Associate,Canada - East,Individual Contributor,2018-06-11,2026-06-01,6,2026-05-26,,Self-Paced eLearning,False,True
U04339,Technology,Developer,US - Northeast,Individual Contributor,2018-08-02,2026-03-12,3,2026-03-08,2026-03-24,Self-Paced eLearning,True,True
U04340,Wealth Management,Associate,US - Northeast,Individual Contributor,2020-02-05,2026-03-15,3,2026-03-10,2026-03-29,Live Virtual,False,True
U04341,Retail Banking,Associate,Europe,Individual Contributor,2016-02-29,2026-06-13,6,2026-06-13,2026-06-17,Live Virtual,False,False
U04342,Retail Banking,Manager,Canada - East,People Manager,2017-01-19,2026-03-10,3,2026-03-10,,Self-Paced eLearning,False,True
U04343,Technology,Director,US - Northeast,Senior Leader,2019-02-13,2026-03-04,3,2026-03-04,,Live Virtual,False,True
U04344,Retail Banking,Associate,Europe,Individual Contributor,2024-08-29,2026-04-10,4,2026-04-08,2026-04-20,Self-Paced eLearning,False,True
U04345,Capital Markets,Developer,US - Midwest,Individual Contributor,2017-10-16,2026-03-31,4,2026-03-31,2026-04-03,Self-Paced eLearning,False,True
U04346,Corporate Functions,Operations Specialist,US - Northeast,Individual Contributor,2016-12-22,2026-06-03,6,2026-06-03,2026-06-09,Live Virtual,False,True
U04347,Capital Markets,Associate,Canada - East,Individual Contributor,2025-02-05,2026-03-04,3,2026-03-03,,Live Virtual,True,True
U04348,Risk and Compliance,Analyst,US - Midwest,Individual Contributor,2019-06-16,2026-04-29,5,2026-04-28,,Live Virtual,False,True
U04349,Technology,Developer,Canada - West,Individual Contributor,2018-01-23,2026-02-15,2,2026-02-14,,Self-Paced eLearning,False,True
U04350,Wealth Management,Manager,US - Northeast,People Manager,2020-02-11,2026-01-29,1,2026-01-29,2026-02-05,Self-Paced eLearning,False,True
U04351,Retail Banking,Relationship Manager,Canada - East,Individual Contributor,2020-04-22,2026-02-16,2,2026-02-16,,Self-Paced eLearning,False,True
U04352,Retail Banking,Relationship Manager,APAC,Individual Contributor,2018-07-15,2026-05-15,5,2026-05-13,,Manager-Led Briefing,True,True
U04353,Commercial Banking,Relationship Manager,Europe,Individual Contributor,2024-04-03,2026-04-12,4,2026-04-07,,Self-Paced eLearning,False,True
U04354,Retail Banking,Relationship Manager,US - Northeast,Individual Contributor,2025-11-07,2026-06-10,6,2026-06-09,2026-06-18,Self-Paced eLearning,False,False
U04355,Risk and Compliance,Analyst,US - Northeast,Individual Contributor,2019-02-27,2026-06-05,6,2026-06-01,2026-06-16,Self-Paced eLearning,True,False
U04356,Commercial Banking,Associate,Europe,Individual Contributor,2022-10-11,2026-02-09,2,2026-02-03,2026-02-06,Self-Paced eLearning,False,True
U04357,Corporate Functions,Analyst,US - Northeast,Individual Contributor,2024-11-25,2026-02-02,2,2026-01-29,,Self-Paced eLearning,False,True
U04358,Operations,Operations Specialist,Canada - East,Individual Contributor,2017-09-23,2026-05-21,5,2026-05-20,2026-05-26,Self-Paced eLearning,True,True
U04359,Technology,Developer,Canada - East,Individual Contributor,2025-07-07,2026-01-23,1,2026-01-18,2026-01-29,In-Person Workshop,False,True
U04360,Capital Markets,Developer,US - Northeast,Individual Contributor,2024-01-30,2026-05-08,5,2026-05-03,2026-05-12,In-Person Workshop,False,True
U04361,Retail Banking,Relationship Manager,Canada - East,Individual Contributor,2021-03-23,2026-03-15,3,2026-03-14,,Self-Paced eLearning,True,True
U04362,Technology,Developer,Canada - East,Individual Contributor,2021-03-08,2026-01-19,1,2026-01-15,,Self-Paced eLearning,True,True
U04363,Commercial Banking,Director,US - Northeast,Senior Leader,2021-06-16,2026-01-06,1,2025-12-31,2026-01-21,Live Virtual,False,True
U04364,Corporate Functions,Associate,Canada - East,Individual Contributor,2019-07-24,2026-02-14,2,2026-02-07,,Live Virtual,False,True
U04365,Capital Markets,Associate,US - Midwest,Individual Contributor,2023-08-02,2026-02-10,2,2026-02-08,2026-02-26,Manager-Led Briefing,False,True
U04366,Retail Banking,Analyst,Canada - East,Individual Contributor,2019-04-12,2026-06-11,6,2026-06-11,,Self-Paced eLearning,False,True
U04367,Technology,Developer,US - Midwest,Individual Contributor,2018-05-07,2026-02-20,2,2026-02-20,2026-03-12,In-Person Workshop,False,True
U04368,Commercial Banking,Analyst,Canada - East,Individual Contributor,2017-04-22,2026-06-16,6,2026-06-16,,In-Person Workshop,True,True
U04369,Retail Banking,Associate,US - Northeast,Individual Contributor,2022-11-06,2026-04-24,4,2026-04-17,,Manager-Led Briefing,False,True
U04370,Operations,Manager,Canada - East,People Manager,2016-07-06,2026-06-10,6,2026-06-05,2026-06-23,Self-Paced eLearning,,True
U04371,Operations,Associate,Canada - West,Individual Contributor,2022-08-26,2026-03-08,3,2026-03-02,2026-03-05,Self-Paced eLearning,False,True
U04372,Retail Banking,Analyst,US - Midwest,Individual Contributor,2023-10-02,2026-06-13,6,2026-06-10,2026-06-25,Live Virtual,False,True
U04373,Technology,Developer,Canada - East,Individual Contributor,2024-12-11,2026-03-16,3,2026-03-13,,Live Virtual,True,True
U04374,Retail Banking,Analyst,APAC,Individual Contributor,2016-11-27,2026-04-21,4,2026-04-21,,Live Virtual,False,True
U04375,Commercial Banking,Relationship Manager,Canada - West,Individual Contributor,2025-08-08,2026-05-28,6,2026-05-26,2026-06-07,Self-Paced eLearning,False,True
U04376,Retail Banking,Relationship Manager,Canada - East,Individual Contributor,2025-04-02,2026-04-26,4,2026-04-21,,Live Virtual,False,True
U04377,Capital Markets,Analyst,US - Midwest,Individual Contributor,2017-01-31,,1,2026-01-10,2026-01-28,Live Virtual,True,False
U04378,Retail Banking,Relationship Manager,Canada - East,Individual Contributor,2025-05-24,2026-06-13,6,2026-06-10,2026-06-25,Self-Paced eLearning,False,False
U04379,Risk and Compliance,Risk Analyst,Canada - East,Individual Contributor,2024-07-05,2026-04-19,4,2026-04-19,,Live Virtual,True,True
U04380,Retail Banking,Relationship Manager,Canada - West,Individual Contributor,2021-01-05,2026-06-03,6,2026-05-29,2026-06-05,Manager-Led Briefing,False,True
U04381,Technology,Analyst,Canada - East,Individual Contributor,2025-04-29,2026-03-07,3,2026-03-03,2026-03-11,Manager-Led Briefing,True,True
U04382,Operations,Analyst,Canada - West,Individual Contributor,2024-07-30,2026-05-18,5,2026-05-15,2026-05-27,Self-Paced eLearning,False,True
U04383,Retail Banking,Associate,Canada - West,Individual Contributor,2018-07-20,2026-04-17,4,2026-04-16,2026-04-25,Self-Paced eLearning,False,True
U04384,Technology,Director,Europe,Senior Leader,2018-01-27,2026-01-06,1,2026-01-02,2026-01-05,Live Virtual,True,False
U04385,Wealth Management,Relationship Manager,US - Northeast,Individual Contributor,2017-05-27,2026-04-17,4,2026-04-16,2026-05-05,Manager-Led Briefing,False,True
U04386,Risk and Compliance,Risk Analyst,Europe,Individual Contributor,2021-01-21,2026-05-28,6,2026-05-21,2026-06-10,Live Virtual,True,True
U04387,Operations,Operations Specialist,Canada - East,Individual Contributor,2022-06-03,2026-02-19,2,2026-02-17,,Self-Paced eLearning,False,True
U04388,Retail Banking,Associate,Canada - East,Individual Contributor,2016-10-26,2026-05-02,5,2026-04-25,2026-05-09,Self-Paced eLearning,True,True
U04389,Capital Markets,Developer,US - Northeast,Individual Contributor,2022-07-18,2026-02-23,2,2026-02-19,,Self-Paced eLearning,True,True
U04390,Commercial Banking,Analyst,US - Midwest,Individual Contributor,2017-11-23,2026-03-29,3,2026-03-25,2026-03-28,Self-Paced eLearning,False,True
U04391,Retail Banking,Analyst,Canada - East,Individual Contributor,2016-05-13,2026-03-26,3,2026-03-21,2026-04-05,Manager-Led Briefing,False,True
U04392,Capital Markets,Developer,Europe,Individual Contributor,2017-05-17,2026-03-10,3,2026-03-05,2026-03-14,Live Virtual,False,True
U04393,Technology,Developer,US - Midwest,Individual Contributor,2021-08-28,2026-02-18,2,2026-02-14,2026-02-24,Manager-Led Briefing,False,True
U04394,Commercial Banking,Relationship Manager,APAC,Individual Contributor,2023-05-09,2026-01-13,1,2026-01-06,2026-01-18,Live Virtual,False,True
U04395,Operations,Operations Specialist,Canada - East,Individual Contributor,2024-04-14,2026-02-16,2,2026-02-09,2026-02-18,Live Virtual,False,True
U04396,Operations,Operations Specialist,APAC,Individual Contributor,2016-02-18,2026-03-13,3,2026-03-08,2026-03-20,Manager-Led Briefing,True,True
U04397,Retail Banking,Associate,Canada - West,Individual Contributor,2016-02-10,2026-04-23,4,2026-04-18,,Live Virtual,True,True
U04398,Capital Markets,Manager,Europe,People Manager,2025-10-28,2026-05-03,5,2026-04-28,2026-05-07,In-Person Workshop,False,True
U04399,Retail Banking,Associate,Europe,Individual Contributor,2024-07-10,2026-06-06,6,2026-06-06,2026-06-23,Live Virtual,False,True
U04400,Capital Markets,Developer,US - Northeast,Individual Contributor,2021-12-03,2026-01-20,1,2026-01-16,2026-01-26,Live Virtual,False,True
U04401,Wealth Management,Relationship Manager,US - Northeast,Individual Contributor,2022-11-17,2026-03-21,3,2026-03-19,2026-04-09,Self-Paced eLearning,False,True
U04402,Capital Markets,Analyst,Canada - East,Individual Contributor,2019-06-14,2026-02-02,2,2026-01-30,2026-02-10,Self-Paced eLearning,False,True
U04403,Retail Banking,Associate,Canada - East,Individual Contributor,2021-06-05,2026-01-21,1,2026-01-16,2026-01-31,Self-Paced eLearning,False,True
U04404,Retail Banking,Relationship Manager,Europe,Individual Contributor,2018-02-18,2026-04-04,4,2026-03-31,,Self-Paced eLearning,False,True
U04405,Technology,Developer,Canada - East,Individual Contributor,2016-11-03,2026-01-25,1,2026-01-21,2026-01-24,Self-Paced eLearning,False,True
U04406,Commercial Banking,Associate,US - Northeast,Individual Contributor,2020-09-20,2026-03-31,4,2026-03-31,2026-04-07,Live Virtual,False,True
U04407,Risk and Compliance,Analyst,Canada - West,Individual Contributor,2018-06-05,2026-04-07,4,2026-04-04,2026-04-20,In-Person Workshop,True,True
U04408,Operations,Director,Canada - West,Senior Leader,2025-07-07,2026-06-14,6,2026-06-11,,Live Virtual,False,True
U04409,Risk and Compliance,Manager,Canada - East,People Manager,2020-03-21,2026-04-19,4,2026-04-19,2026-05-08,Live Virtual,False,True
U04410,Retail Banking,Director,US - Midwest,Senior Leader,2020-12-01,2026-05-18,5,2026-05-11,,In-Person Workshop,False,True
U04411,Operations,Operations Specialist,US - Northeast,Individual Contributor,2021-07-24,2026-04-13,4,2026-04-08,,Live Virtual,False,True
U04412,Retail Banking,Associate,Canada - West,Individual Contributor,2024-02-03,2026-06-18,6,2026-06-16,2026-06-26,Self-Paced eLearning,False,True
U04413,Capital Markets,Analyst,Europe,Individual Contributor,2019-01-20,2026-03-09,3,2026-03-04,,Self-Paced eLearning,True,True
U04414,Retail Banking,Relationship Manager,US - Midwest,Individual Contributor,2019-04-29,2026-05-09,5,2026-05-07,,Manager-Led Briefing,False,True
U04415,Retail Banking,Analyst,US - Northeast,Individual Contributor,2017-03-01,2026-05-12,5,2026-05-06,,Live Virtual,False,True
U04416,Capital Markets,Associate,Europe,Individual Contributor,2017-07-14,2026-03-26,3,2026-03-21,2026-04-07,In-Person Workshop,True,True
U04417,Technology,Developer,US - Northeast,Individual Contributor,2019-10-25,2026-02-02,2,2026-01-26,2026-02-14,In-Person Workshop,False,True
U04418,Retail Banking,Analyst,US - Midwest,Individual Contributor,2020-07-11,2026-03-02,3,2026-02-23,,Live Virtual,False,True
U04419,Retail Banking,Analyst,Canada - East,Individual Contributor,2025-03-02,2026-04-26,4,2026-04-20,2026-05-07,Self-Paced eLearning,False,True
U04420,Technology,Analyst,Canada - East,Individual Contributor,2024-02-08,2026-02-17,2,2026-02-12,2026-03-02,Self-Paced eLearning,True,True
U04421,Operations,Operations Specialist,US - Midwest,Individual Contributor,2018-11-07,,2,2026-02-24,,Self-Paced eLearning,False,False
U04422,Retail Banking,Associate,Canada - East,Individual Contributor,2016-03-16,2026-01-10,1,2026-01-04,2026-01-10,Self-Paced eLearning,False,True
U04423,Commercial Banking,Analyst,Canada - East,Individual Contributor,2019-10-12,2026-04-30,5,2026-04-23,2026-05-11,Self-Paced eLearning,False,True
U04424,Retail Banking,Associate,Canada - East,Individual Contributor,2018-08-17,2026-06-16,6,2026-06-12,,In-Person Workshop,False,True
U04425,Commercial Banking,Director,Europe,Senior Leader,2017-11-18,2026-02-24,2,2026-02-20,2026-03-11,Self-Paced eLearning,False,True
U04426,Operations,Operations Specialist,US - Northeast,Individual Contributor,2021-12-25,2026-04-09,4,2026-04-08,,Live Virtual,False,True
U04427,Retail Banking,Relationship Manager,US - Northeast,Individual Contributor,2024-11-06,2026-04-03,4,2026-03-30,2026-04-12,In-Person Workshop,False,True
U04428,Retail Banking,Relationship Manager,US - Northeast,Individual Contributor,2023-03-30,2026-04-09,4,2026-04-07,2026-04-11,In-Person Workshop,True,True
U04429,Retail Banking,Manager,Canada - East,People Manager,2025-10-07,2026-04-25,4,2026-04-24,2026-04-29,In-Person Workshop,True,True
U04430,Retail Banking,Analyst,Europe,Individual Contributor,2017-02-06,2026-01-10,1,2026-01-09,2026-01-29,Live Virtual,False,True
U04431,Operations,Operations Specialist,Europe,Individual Contributor,2018-08-26,2026-01-21,1,2026-01-21,,Self-Paced eLearning,False,True
U04432,Risk and Compliance,Risk Analyst,Europe,Individual Contributor,2016-11-27,2026-06-15,6,2026-06-09,,Self-Paced eLearning,True,True
U04433,Wealth Management,Analyst,Canada - West,Individual Contributor,2019-12-22,2026-03-10,3,2026-03-08,,Self-Paced eLearning,True,True
U04434,Operations,Operations Specialist,US - Northeast,Individual Contributor,2017-11-05,2026-04-19,4,2026-04-14,2026-04-20,In-Person Workshop,False,True
U04435,Technology,Director,Canada - East,Senior Leader,2025-06-19,2026-01-20,1,2026-01-19,2026-02-02,Self-Paced eLearning,False,True
U04436,Technology,Analyst,Canada - East,Individual Contributor,2017-10-15,2026-01-15,1,2026-01-14,2026-01-19,Self-Paced eLearning,False,True
U04437,Wealth Management,Analyst,Europe,Individual Contributor,2021-10-05,2026-03-13,3,2026-03-11,2026-03-25,Live Virtual,False,True
U04438,Retail Banking,Analyst,US - Northeast,Individual Contributor,2016-02-21,2026-01-16,1,2026-01-14,,Live Virtual,False,True
U04439,Operations,Operations Specialist,APAC,Individual Contributor,2018-09-09,2026-05-23,5,2026-05-20,,Self-Paced eLearning,True,True
U04440,Operations,Operations Specialist,US - Midwest,Individual Contributor,2021-09-03,2026-05-25,6,2026-05-24,,Live Virtual,False,True
U04441,Retail Banking,Associate,Canada - West,Individual Contributor,2024-03-10,2026-04-24,4,2026-04-23,,Self-Paced eLearning,False,True
U04442,Operations,Operations Specialist,US - Northeast,Individual Contributor,2018-02-09,2026-05-02,5,2026-04-27,2026-05-18,Live Virtual,False,True
U04443,Risk and Compliance,Risk Analyst,Europe,Individual Contributor,2016-09-18,2026-04-26,4,2026-04-22,,Self-Paced eLearning,False,True
U04444,Risk and Compliance,Analyst,US - Northeast,Individual Contributor,2019-10-30,2026-04-12,4,2026-04-06,2026-04-17,Live Virtual,True,True
U04445,Retail Banking,Manager,US - Midwest,People Manager,2020-02-28,2026-01-19,1,2026-01-19,2026-02-05,Live Virtual,True,True
U04446,Operations,Operations Specialist,APAC,Individual Contributor,2020-10-09,2026-06-05,6,2026-06-01,,Self-Paced eLearning,False,False
U04447,Operations,Manager,Canada - East,People Manager,2025-07-30,,1,2026-01-22,,Live Virtual,True,False
U04448,Technology,Developer,Canada - East,Individual Contributor,2023-03-28,2026-04-07,4,2026-04-03,,Live Virtual,False,True
U04449,Technology,Developer,Canada - West,Individual Contributor,2025-04-03,2026-04-10,4,2026-04-04,2026-04-23,In-Person Workshop,True,True
U04450,Retail Banking,Relationship Manager,APAC,Individual Contributor,2023-01-23,2026-05-27,6,2026-05-22,2026-05-25,In-Person Workshop,False,True
U04451,Wealth Management,Relationship Manager,US - Midwest,Individual Contributor,2024-05-04,2026-02-16,2,2026-02-14,2026-02-25,Self-Paced eLearning,False,False
U04452,Corporate Functions,Director,Canada - West,Senior Leader,2019-05-12,2026-04-26,4,2026-04-21,2026-05-10,Self-Paced eLearning,False,True
U04453,Commercial Banking,Analyst,Canada - West,Individual Contributor,2020-12-08,2026-05-02,5,2026-04-28,2026-05-15,Self-Paced eLearning,False,True
U04454,Commercial Banking,Director,Europe,Senior Leader,2017-10-26,2026-06-05,6,2026-06-04,2026-06-13,Self-Paced eLearning,False,True
U04455,Technology,Developer,Canada - East,Individual Contributor,2020-03-06,2026-03-01,2,2026-02-22,2026-03-10,Manager-Led Briefing,False,True
U04456,Operations,Operations Specialist,Canada - East,Individual Contributor,2023-12-27,2026-03-22,3,2026-03-19,2026-03-31,Self-Paced eLearning,False,True
U04457,Retail Banking,Associate,Canada - East,Individual Contributor,2018-05-03,2026-04-15,4,2026-04-10,,Self-Paced eLearning,False,True
U04458,Commercial Banking,Analyst,US - Northeast,Individual Contributor,2021-10-31,2026-03-23,3,2026-03-18,2026-03-29,Self-Paced eLearning,True,True
U04459,Retail Banking,Relationship Manager,US - Northeast,Individual Contributor,2025-08-29,2026-03-10,3,2026-03-10,,Self-Paced eLearning,True,True
U04460,Wealth Management,Relationship Manager,APAC,Individual Contributor,2024-09-29,2026-03-13,3,2026-03-07,2026-03-11,Live Virtual,False,True
U04461,Operations,Operations Specialist,Canada - West,Individual Contributor,2025-05-01,2026-04-26,4,2026-04-24,,Self-Paced eLearning,False,True
U04462,Operations,Associate,Canada - East,Individual Contributor,2023-11-27,2026-04-21,4,2026-04-19,2026-04-30,Self-Paced eLearning,False,True
U04463,Operations,Operations Specialist,US - Northeast,Individual Contributor,2022-05-10,2026-06-17,6,2026-06-11,2026-06-15,Manager-Led Briefing,False,True
U04464,Corporate Functions,Associate,Europe,Individual Contributor,2018-05-10,2026-02-17,2,2026-02-10,2026-02-19,Manager-Led Briefing,False,True
U04465,Retail Banking,Relationship Manager,US - Midwest,Individual Contributor,2022-03-06,2026-05-26,6,2026-05-19,,Self-Paced eLearning,False,True
U04466,Retail Banking,Associate,US - Midwest,Individual Contributor,2025-02-20,2026-05-03,5,2026-04-30,,Self-Paced eLearning,False,True
U04467,Retail Banking,Manager,US - Midwest,People Manager,2019-06-04,2026-06-14,6,2026-06-07,2026-06-10,In-Person Workshop,False,True
U04468,Commercial Banking,Associate,US - Northeast,Individual Contributor,2020-12-24,2026-04-03,4,2026-03-27,2026-04-07,Self-Paced eLearning,False,True
U04469,Corporate Functions,Analyst,Canada - West,Individual Contributor,2016-08-26,2026-01-21,1,2026-01-21,2026-01-27,Self-Paced eLearning,False,True
U04470,Retail Banking,Manager,Canada - East,People Manager,2021-05-15,2026-03-06,3,2026-02-27,2026-03-07,Live Virtual,False,True
U04471,Risk and Compliance,Risk Analyst,Canada - East,Individual Contributor,2024-11-04,2026-03-14,3,2026-03-11,,Self-Paced eLearning,False,True
U04472,Retail Banking,Relationship Manager,Europe,Individual Contributor,2017-07-24,2026-01-14,1,2026-01-11,,In-Person Workshop,False,True
U04473,Commercial Banking,Relationship Manager,Canada - East,Individual Contributor,2023-02-20,2026-03-20,3,2026-03-15,,Live Virtual,False,True
U04474,Retail Banking,Director,Canada - East,Senior Leader,2016-02-19,2026-04-17,4,2026-04-12,,Live Virtual,False,True
U04475,Technology,Analyst,US - Midwest,Individual Contributor,2018-03-18,2026-01-24,1,2026-01-23,2026-02-01,Self-Paced eLearning,True,True
U04476,Commercial Banking,Relationship Manager,APAC,Individual Contributor,2024-03-25,2026-04-11,4,2026-04-09,2026-04-25,Self-Paced eLearning,False,True
U04477,Technology,Director,Europe,Senior Leader,2020-01-01,2026-01-11,1,2026-01-05,2026-01-23,Manager-Led Briefing,True,True
U04478,Retail Banking,Associate,Canada - East,Individual Contributor,2022-11-19,2026-04-12,4,2026-04-07,,In-Person Workshop,False,True
U04479,Wealth Management,Relationship Manager,APAC,Individual Contributor,2024-05-10,2026-04-27,5,2026-04-22,2026-05-12,In-Person Workshop,False,True
U04480,Corporate Functions,Analyst,Canada - West,Individual Contributor,2024-04-16,2026-05-22,5,2026-05-20,2026-05-25,Manager-Led Briefing,False,True
U04481,Operations,Associate,Canada - East,Individual Contributor,2020-08-07,2026-02-15,2,2026-02-11,2026-03-01,Self-Paced eLearning,False,True
U04482,Commercial Banking,Relationship Manager,Canada - West,Individual Contributor,2024-05-26,2026-04-24,4,2026-04-24,2026-05-13,Live Virtual,False,True
U04483,Wealth Management,Relationship Manager,Canada - West,Individual Contributor,2024-02-06,2026-03-12,3,2026-03-08,2026-03-19,In-Person Workshop,False,True
U04484,Retail Banking,Director,Canada - East,Senior Leader,2017-01-18,2026-02-13,2,2026-02-10,2026-02-19,Self-Paced eLearning,False,True
U04485,Risk and Compliance,Analyst,US - Northeast,Individual Contributor,2022-01-30,,3,2026-03-16,2026-03-28,Live Virtual,False,False
U04486,Operations,Manager,Canada - West,People Manager,2024-02-12,2026-02-04,2,2026-01-29,2026-02-10,Manager-Led Briefing,False,True
U04487,Capital Markets,Analyst,US - Northeast,Individual Contributor,2016-10-09,2026-02-13,2,2026-02-08,2026-02-13,Self-Paced eLearning,False,True
U04488,Retail Banking,Associate,Canada - East,Individual Contributor,2017-03-30,2026-05-25,6,2026-05-23,,Live Virtual,True,True
U04489,Operations,Operations Specialist,Canada - East,Individual Contributor,2019-06-22,2026-02-15,2,2026-02-11,2026-02-19,Live Virtual,False,True
U04490,Technology,Developer,Canada - East,Individual Contributor,2021-02-28,2026-04-24,4,2026-04-22,2026-05-11,Live Virtual,False,True
U04491,Technology,Developer,Europe,Individual Contributor,2018-10-12,2026-04-18,4,2026-04-12,2026-04-26,Live Virtual,False,True
U04492,Wealth Management,Associate,APAC,Individual Contributor,2019-07-01,2026-02-09,2,2026-02-06,2026-02-14,In-Person Workshop,False,True
U04493,Corporate Functions,Analyst,US - Northeast,Individual Contributor,2023-10-13,2026-05-24,5,2026-05-23,,In-Person Workshop,False,True
U04494,Retail Banking,Manager,Canada - East,People Manager,2020-01-24,2026-02-13,2,2026-02-12,,Live Virtual,False,True
U04495,Retail Banking,Relationship Manager,US - Midwest,Individual Contributor,2017-11-23,2026-05-20,5,2026-05-16,2026-05-31,In-Person Workshop,False,True
U04496,Operations,Associate,Canada - East,Individual Contributor,2025-10-28,2026-02-23,2,2026-02-16,2026-03-06,Self-Paced eLearning,False,True
U04497,Technology,Developer,Canada - West,Individual Contributor,2017-11-21,2026-01-14,1,2026-01-13,2026-01-18,Self-Paced eLearning,False,True
U04498,Technology,Analyst,Canada - West,Individual Contributor,2024-07-11,2026-04-07,4,2026-04-05,2026-04-09,In-Person Workshop,True,True
U04499,Wealth Management,Relationship Manager,Canada - East,Individual Contributor,2017-05-05,2026-02-03,2,2026-01-27,2026-02-06,Live Virtual,False,True
U04500,Capital Markets,Associate,US - Northeast,Individual Contributor,2019-11-25,2026-02-09,2,2026-02-09,2026-02-23,In-Person Workshop,False,True
U04501,Retail Banking,Associate,US - Northeast,Individual Contributor,2016-07-09,2026-04-25,4,2026-04-23,2026-05-08,In-Person Workshop,False,False
U04502,Operations,Manager,US - Midwest,People Manager,2017-05-28,2026-02-28,2,2026-02-23,,Self-Paced eLearning,False,True
U04503,Commercial Banking,Relationship Manager,US - Midwest,Individual Contributor,2021-10-07,2026-06-16,6,2026-06-14,2026-06-18,In-Person Workshop,False,True
U04504,Technology,Analyst,APAC,Individual Contributor,2016-07-21,2026-01-31,1,2026-01-27,2026-02-02,Live Virtual,True,True
U04505,Retail Banking,Analyst,Canada - East,Individual Contributor,2016-08-05,2026-02-09,2,2026-02-03,,Live Virtual,False,True
U04506,Operations,Operations Specialist,Europe,Individual Contributor,2025-03-03,2026-03-15,3,2026-03-15,2026-03-18,Self-Paced eLearning,False,True
U04507,Operations,Manager,Canada - West,People Manager,2017-01-15,2026-05-08,5,2026-05-07,2026-05-17,Self-Paced eLearning,False,True
U04508,Retail Banking,Associate,US - Northeast,Individual Contributor,2021-01-14,2026-03-20,3,2026-03-18,2026-03-25,Self-Paced eLearning,False,False
U04509,Capital Markets,Manager,US - Northeast,People Manager,2021-07-06,2026-03-21,3,2026-03-16,2026-03-27,Live Virtual,,True
U04510,Operations,Operations Specialist,US - Northeast,Individual Contributor,2025-10-25,2026-02-19,2,2026-02-17,,Self-Paced eLearning,False,True
U04511,Commercial Banking,Relationship Manager,US - Midwest,Individual Contributor,2016-03-12,2026-06-08,6,2026-06-02,,Self-Paced eLearning,False,True
U04512,Technology,Developer,Canada - East,Individual Contributor,2023-02-05,2026-01-08,1,2026-01-05,2026-01-11,Live Virtual,False,True
U04513,Risk and Compliance,Manager,Canada - East,People Manager,2017-11-12,2026-06-04,6,2026-06-03,2026-06-06,Self-Paced eLearning,False,True
U04514,Retail Banking,Analyst,Canada - East,Individual Contributor,2022-03-12,2026-05-03,5,2026-05-03,2026-05-15,Self-Paced eLearning,False,True
U04515,Retail Banking,Manager,US - Northeast,People Manager,2024-12-27,2026-06-20,6,2026-06-14,2026-06-19,Self-Paced eLearning,False,False
U04516,Operations,Manager,Canada - East,People Manager,2023-12-05,2026-05-21,5,2026-05-21,2026-05-29,Live Virtual,False,True
U04517,Operations,Manager,Europe,People Manager,2024-11-04,2026-05-30,6,2026-05-30,2026-06-08,Manager-Led Briefing,False,True
U04518,Operations,Operations Specialist,APAC,Individual Contributor,2018-01-12,2026-01-24,1,2026-01-23,2026-02-02,Self-Paced eLearning,False,True
U04519,Capital Markets,Manager,Canada - West,People Manager,2024-03-20,2026-02-27,2,2026-02-20,2026-02-23,Manager-Led Briefing,False,True
U04520,Retail Banking,Relationship Manager,APAC,Individual Contributor,2018-02-28,2026-03-19,3,2026-03-15,2026-03-22,Self-Paced eLearning,False,True
U04521,Retail Banking,Associate,US - Northeast,Individual Contributor,2019-07-08,2026-04-02,4,2026-03-31,,Manager-Led Briefing,False,True
U04522,Operations,Operations Specialist,Canada - East,Individual Contributor,2024-03-02,2026-02-24,2,2026-02-19,2026-03-12,Self-Paced eLearning,False,True
U04523,Capital Markets,Manager,Canada - East,People Manager,2020-01-05,2026-01-26,1,2026-01-23,2026-02-02,Self-Paced eLearning,False,True
U04524,Wealth Management,Director,US - Northeast,Senior Leader,2021-01-06,2026-03-18,3,2026-03-15,2026-03-29,In-Person Workshop,False,True
U04525,Capital Markets,Director,Canada - East,Senior Leader,2020-07-01,2026-04-19,4,2026-04-19,2026-04-24,Self-Paced eLearning,True,True
U04526,Technology,Analyst,US - Northeast,Individual Contributor,2017-06-26,2026-02-13,2,2026-02-11,,In-Person Workshop,False,True
U04527,Capital Markets,Developer,US - Northeast,Individual Contributor,2017-09-28,2026-01-14,1,2026-01-12,,Self-Paced eLearning,False,True
U04528,Commercial Banking,Analyst,US - Northeast,Individual Contributor,2019-10-09,2026-01-13,1,2026-01-07,2026-01-16,Live Virtual,False,True
U04529,Retail Banking,Associate,APAC,Individual Contributor,2020-03-26,2026-03-08,3,2026-03-07,,Live Virtual,False,True
U04530,Technology,Manager,Canada - East,People Manager,2018-11-13,2026-03-07,3,2026-03-03,2026-03-18,Self-Paced eLearning,False,True
U04531,Capital Markets,Analyst,Canada - West,Individual Contributor,2020-12-30,2026-01-11,1,2026-01-08,2026-01-21,Manager-Led Briefing,False,True
U04532,Operations,Associate,Canada - West,Individual Contributor,2023-10-02,2026-01-21,1,2026-01-15,2026-01-28,Live Virtual,False,True
U04533,Commercial Banking,Analyst,Europe,Individual Contributor,2021-01-09,2026-02-08,2,2026-02-06,2026-02-23,Live Virtual,,True
U04534,Technology,Developer,Canada - East,Individual Contributor,2016-03-02,2026-02-02,2,2026-01-26,2026-02-15,In-Person Workshop,False,True
U04535,Technology,Analyst,US - Midwest,Individual Contributor,2021-04-08,2026-02-26,2,2026-02-24,2026-03-02,Self-Paced eLearning,False,True
U04536,Retail Banking,Relationship Manager,Canada - West,Individual Contributor,2019-10-23,2026-02-12,2,2026-02-12,2026-02-18,Live Virtual,False,True
U04537,Commercial Banking,Analyst,Europe,Individual Contributor,2019-10-05,2026-05-01,5,2026-04-28,2026-05-06,Manager-Led Briefing,False,True
U04538,Risk and Compliance,Risk Analyst,Canada - West,Individual Contributor,2024-05-15,2026-03-12,3,2026-03-11,2026-03-29,Self-Paced eLearning,False,False
U04539,Retail Banking,Relationship Manager,Europe,Individual Contributor,2017-12-25,2026-03-29,3,2026-03-29,2026-04-10,In-Person Workshop,False,True
U04540,Operations,Manager,Europe,People Manager,2019-03-31,2026-05-06,5,2026-05-01,,Self-Paced eLearning,False,True
U04541,Retail Banking,Relationship Manager,Canada - West,Individual Contributor,2025-10-16,2026-05-20,5,2026-05-18,2026-05-29,Self-Paced eLearning,False,True
U04542,Retail Banking,Associate,Canada - East,Individual Contributor,2017-02-11,2026-03-10,3,2026-03-08,2026-03-29,Live Virtual,False,True
U04543,Corporate Functions,Manager,Canada - West,People Manager,2016-11-10,2026-06-12,6,2026-06-06,2026-06-16,Self-Paced eLearning,False,True
U04544,Technology,Developer,Canada - West,Individual Contributor,2023-06-19,2026-03-01,2,2026-02-27,,In-Person Workshop,True,True
U04545,Operations,Operations Specialist,US - Northeast,Individual Contributor,2017-08-30,2026-04-21,4,2026-04-17,2026-05-04,Self-Paced eLearning,False,True
U04546,Retail Banking,Associate,Canada - West,Individual Contributor,2025-09-01,2026-02-26,2,2026-02-26,,Manager-Led Briefing,False,True
U04547,Corporate Functions,Manager,Canada - West,People Manager,2024-05-09,2026-02-18,2,2026-02-16,2026-03-01,Self-Paced eLearning,True,True
U04548,Retail Banking,Associate,Canada - East,Individual Contributor,2016-08-08,2026-03-08,3,2026-03-06,,In-Person Workshop,True,True
U04549,Capital Markets,Analyst,US - Northeast,Individual Contributor,2024-01-29,2026-06-11,6,2026-06-04,2026-06-23,Live Virtual,False,True
U04550,Operations,Operations Specialist,Canada - East,Individual Contributor,2016-09-15,2026-01-11,1,2026-01-08,,Manager-Led Briefing,False,True
U04551,Retail Banking,Associate,APAC,Individual Contributor,2018-10-14,2026-01-21,1,2026-01-16,,In-Person Workshop,False,True
U04552,Commercial Banking,Director,Europe,Senior Leader,2020-11-06,2026-02-21,2,2026-02-20,2026-02-23,Self-Paced eLearning,False,True
U04553,Retail Banking,Associate,Canada - East,Individual Contributor,2016-08-05,2026-03-20,3,2026-03-15,2026-04-04,Self-Paced eLearning,False,True
U04554,Commercial Banking,Analyst,Canada - East,Individual Contributor,2023-08-01,2026-01-08,1,2026-01-02,2026-01-06,Live Virtual,False,True
U04555,Retail Banking,Relationship Manager,APAC,Individual Contributor,2024-08-05,2026-01-16,1,2026-01-10,2026-01-21,Live Virtual,True,True
U04556,Capital Markets,Director,Canada - West,Senior Leader,2023-10-17,2026-01-10,1,2026-01-04,2026-01-12,Live Virtual,False,True
U04557,Capital Markets,Associate,Canada - West,Individual Contributor,2024-03-28,2026-02-11,2,2026-02-09,2026-02-23,Self-Paced eLearning,False,True
U04558,Capital Markets,Developer,Canada - East,Individual Contributor,2021-11-19,2026-02-16,2,2026-02-10,2026-02-20,Live Virtual,False,True
U04559,Retail Banking,Associate,US - Northeast,Individual Contributor,2019-10-05,2026-02-28,2,2026-02-22,,Live Virtual,True,True
U04560,Capital Markets,Analyst,APAC,Individual Contributor,2017-09-11,2026-01-20,1,2026-01-19,2026-01-22,Manager-Led Briefing,False,True
U04561,Corporate Functions,Manager,Europe,People Manager,2023-06-23,2026-06-12,6,2026-06-07,,Self-Paced eLearning,True,True
U04562,Retail Banking,Relationship Manager,Canada - East,Individual Contributor,2024-05-19,2026-05-10,5,2026-05-04,2026-05-15,Self-Paced eLearning,False,True
U04563,Retail Banking,Analyst,Canada - East,Individual Contributor,2019-06-30,2026-05-21,5,2026-05-18,,Live Virtual,False,True
U04564,Wealth Management,Relationship Manager,Canada - West,Individual Contributor,2022-07-08,2026-04-08,4,2026-04-06,2026-04-18,In-Person Workshop,True,True
U04565,Retail Banking,Relationship Manager,Canada - West,Individual Contributor,2021-07-28,2026-02-09,2,2026-02-03,,Self-Paced eLearning,False,True
U04566,Commercial Banking,Analyst,US - Midwest,Individual Contributor,2016-12-05,2026-04-16,4,2026-04-16,,Self-Paced eLearning,False,True
U04567,Capital Markets,Analyst,APAC,Individual Contributor,2025-03-29,2026-02-14,2,2026-02-08,2026-02-26,Live Virtual,False,True
U04568,Retail Banking,Analyst,Canada - East,Individual Contributor,2016-12-16,2026-06-01,6,2026-05-28,,Self-Paced eLearning,False,True
U04569,Technology,Developer,Canada - West,Individual Contributor,2018-03-27,2026-01-16,1,2026-01-16,2026-02-04,In-Person Workshop,False,True
U04570,Technology,Manager,Europe,People Manager,2016-07-13,2026-01-29,1,2026-01-28,2026-01-31,Live Virtual,False,True
U04571,Operations,Operations Specialist,Canada - East,Individual Contributor,2022-11-23,2026-03-14,3,2026-03-07,,Self-Paced eLearning,False,True
U04572,Risk and Compliance,Associate,US - Midwest,Individual Contributor,2023-05-10,2026-04-19,4,2026-04-16,,Manager-Led Briefing,True,True
U04573,Retail Banking,Associate,Canada - East,Individual Contributor,2018-04-12,2026-03-08,3,2026-03-02,,Manager-Led Briefing,False,False
U04574,Operations,Operations Specialist,Canada - East,Individual Contributor,2022-05-06,2026-04-02,4,2026-03-30,2026-04-14,Manager-Led Briefing,False,True
U04575,Wealth Management,Analyst,US - Northeast,Individual Contributor,2020-03-14,2026-03-13,3,2026-03-10,,Self-Paced eLearning,,True
U04576,Retail Banking,Relationship Manager,Canada - East,Individual Contributor,2017-06-21,2026-03-23,3,2026-03-16,2026-04-06,In-Person Workshop,True,True
U04577,Wealth Management,Relationship Manager,APAC,Individual Contributor,2021-10-04,2026-02-16,2,2026-02-11,2026-02-26,Self-Paced eLearning,False,True
U04578,Retail Banking,Analyst,Canada - East,Individual Contributor,2018-03-06,2026-04-23,4,2026-04-18,2026-04-23,In-Person Workshop,False,True
U04579,Technology,Developer,Canada - East,Individual Contributor,2019-02-07,2026-01-23,1,2026-01-16,2026-02-02,Manager-Led Briefing,False,True
U04580,Retail Banking,Manager,US - Northeast,People Manager,2024-11-25,2026-01-12,1,2026-01-05,2026-01-19,Self-Paced eLearning,False,True
U04581,Commercial Banking,Manager,Canada - East,People Manager,2022-03-12,2026-04-15,4,2026-04-13,2026-04-30,In-Person Workshop,False,True
U04582,Wealth Management,Relationship Manager,US - Midwest,Individual Contributor,2020-09-14,2026-06-12,6,2026-06-12,2026-06-23,Self-Paced eLearning,True,True
U04583,Wealth Management,Associate,US - Northeast,Individual Contributor,2021-04-30,2026-05-20,5,2026-05-14,2026-05-23,Self-Paced eLearning,False,True
U04584,Corporate Functions,Director,US - Northeast,Senior Leader,2018-09-11,2026-05-12,5,2026-05-07,2026-05-22,Live Virtual,False,True
U04585,Commercial Banking,Analyst,APAC,Individual Contributor,2023-08-22,2026-05-13,5,2026-05-13,,Manager-Led Briefing,False,True
U04586,Capital Markets,Associate,US - Northeast,Individual Contributor,2018-02-01,2026-02-04,2,2026-01-31,2026-02-15,Self-Paced eLearning,False,True
U04587,Technology,Manager,US - Northeast,People Manager,2018-10-26,2026-02-10,2,2026-02-10,2026-02-13,Manager-Led Briefing,True,True
U04588,Risk and Compliance,Risk Analyst,Canada - West,Individual Contributor,2016-08-10,2026-04-21,4,2026-04-20,2026-05-05,Live Virtual,True,True
U04589,Commercial Banking,Manager,Canada - West,People Manager,2020-10-25,2026-01-25,1,2026-01-20,,In-Person Workshop,False,True
U04590,Risk and Compliance,Analyst,US - Northeast,Individual Contributor,2021-11-16,2026-04-16,4,2026-04-13,,Live Virtual,,True
U04591,Retail Banking,Associate,US - Northeast,Individual Contributor,2023-08-31,2026-03-02,3,2026-02-23,2026-02-28,Live Virtual,False,True
U04592,Technology,Analyst,Canada - East,Individual Contributor,2021-02-08,2026-02-05,2,2026-01-29,2026-02-02,Live Virtual,True,True
U04593,Capital Markets,Developer,Canada - East,Individual Contributor,2023-04-20,2026-04-18,4,2026-04-16,2026-04-27,Manager-Led Briefing,False,True
U04594,Retail Banking,Relationship Manager,Europe,Individual Contributor,2021-06-30,2026-04-13,4,2026-04-10,,In-Person Workshop,False,True
U04595,Retail Banking,Relationship Manager,Canada - East,Individual Contributor,2020-02-07,2026-05-06,5,2026-04-30,2026-05-08,Self-Paced eLearning,True,True
U04596,Corporate Functions,Analyst,APAC,Individual Contributor,2025-10-25,2026-03-22,3,2026-03-17,2026-04-05,Self-Paced eLearning,False,True
U04597,Operations,Operations Specialist,Canada - East,Individual Contributor,2020-06-20,2026-03-13,3,2026-03-07,,In-Person Workshop,False,True
U04598,Retail Banking,Associate,Europe,Individual Contributor,2018-01-11,2026-04-10,4,2026-04-04,,Live Virtual,False,True
U04599,Operations,Director,APAC,Senior Leader,2025-09-29,2026-05-23,5,2026-05-21,2026-06-11,Self-Paced eLearning,False,True
U04600,Operations,Operations Specialist,Europe,Individual Contributor,2024-04-13,2026-05-09,5,2026-05-07,,Live Virtual,False,True
U04601,Commercial Banking,Relationship Manager,US - Northeast,Individual Contributor,2021-08-02,2026-02-20,2,2026-02-14,2026-02-24,Live Virtual,False,True
U04602,Risk and Compliance,Risk Analyst,Canada - West,Individual Contributor,2025-11-25,2026-04-28,5,2026-04-28,2026-05-11,Live Virtual,True,True
U04603,Corporate Functions,Associate,US - Midwest,Individual Contributor,2019-11-18,2026-04-03,4,2026-03-31,2026-04-07,Live Virtual,False,True
U04604,Commercial Banking,Analyst,US - Northeast,Individual Contributor,2020-06-05,2026-03-18,3,2026-03-18,2026-04-05,Live Virtual,False,True
U04605,Commercial Banking,Relationship Manager,Canada - East,Individual Contributor,2020-02-28,2026-05-28,6,2026-05-22,2026-06-04,Self-Paced eLearning,False,True
U04606,Operations,Associate,US - Northeast,Individual Contributor,2024-08-31,2026-06-10,6,2026-06-09,2026-06-17,Self-Paced eLearning,True,True
U04607,Wealth Management,Director,Canada - West,Senior Leader,2016-12-27,2026-02-11,2,2026-02-04,2026-02-20,Live Virtual,False,True
U04608,Retail Banking,Analyst,Canada - East,Individual Contributor,2016-06-03,2026-03-03,3,2026-02-27,,Self-Paced eLearning,False,True
U04609,Retail Banking,Manager,Canada - East,People Manager,2023-08-17,2026-03-03,3,2026-03-01,2026-03-21,Self-Paced eLearning,False,True
U04610,Corporate Functions,Analyst,Canada - West,Individual Contributor,2022-04-24,2026-05-04,5,2026-04-29,2026-05-15,Self-Paced eLearning,False,True
U04611,Risk and Compliance,Associate,Canada - East,Individual Contributor,2023-10-25,2026-05-21,5,2026-05-20,,Live Virtual,False,True
U04612,Operations,Associate,Canada - East,Individual Contributor,2022-01-23,2026-03-04,3,2026-02-25,,In-Person Workshop,True,True
U04613,Commercial Banking,Relationship Manager,Canada - East,Individual Contributor,2025-06-26,2026-03-14,3,2026-03-12,2026-03-21,Self-Paced eLearning,False,True
U04614,Technology,Developer,Canada - West,Individual Contributor,2021-02-06,2026-02-25,2,2026-02-24,,Live Virtual,True,True
U04615,Operations,Manager,Europe,People Manager,2020-08-02,2026-06-08,6,2026-06-08,,Self-Paced eLearning,False,True
U04616,Operations,Operations Specialist,Canada - East,Individual Contributor,2024-09-06,2026-03-24,3,2026-03-20,2026-03-30,Self-Paced eLearning,False,True
U04617,Retail Banking,Analyst,US - Northeast,Individual Contributor,2024-07-02,2026-03-05,3,2026-02-26,2026-03-15,Self-Paced eLearning,False,True
U04618,Technology,Analyst,Canada - West,Individual Contributor,2023-06-11,2026-02-01,1,2026-01-30,2026-02-12,Manager-Led Briefing,True,True
U04619,Operations,Director,US - Northeast,Senior Leader,2022-11-06,2026-04-30,5,2026-04-28,2026-05-01,Manager-Led Briefing,True,True
U04620,Technology,Analyst,US - Northeast,Individual Contributor,2016-10-16,2026-04-16,4,2026-04-15,2026-04-19,In-Person Workshop,False,True
U04621,Retail Banking,Relationship Manager,Europe,Individual Contributor,2023-12-27,,5,2026-05-20,,Self-Paced eLearning,True,False
U04622,Risk and Compliance,Risk Analyst,Europe,Individual Contributor,2016-05-03,2026-06-20,6,2026-06-19,,Manager-Led Briefing,False,False
U04623,Commercial Banking,Relationship Manager,Europe,Individual Contributor,2019-11-01,2026-03-23,3,2026-03-22,2026-03-27,Live Virtual,True,True
U04624,Risk and Compliance,Risk Analyst,Canada - East,Individual Contributor,2017-10-07,2026-05-05,5,2026-05-02,2026-05-09,Manager-Led Briefing,True,True
U04625,Retail Banking,Relationship Manager,Canada - East,Individual Contributor,2025-11-26,2026-05-20,5,2026-05-16,2026-05-26,Self-Paced eLearning,False,True
U04626,Commercial Banking,Manager,Canada - East,People Manager,2024-11-07,2026-04-03,4,2026-03-30,2026-04-06,Live Virtual,False,True
U04627,Wealth Management,Associate,Europe,Individual Contributor,2023-11-12,2026-02-13,2,2026-02-06,2026-02-24,Self-Paced eLearning,False,True
U04628,Operations,Operations Specialist,US - Northeast,Individual Contributor,2018-04-14,2026-03-11,3,2026-03-07,2026-03-14,Live Virtual,True,True
U04629,Retail Banking,Associate,Canada - West,Individual Contributor,2017-11-19,2026-01-31,1,2026-01-28,,Live Virtual,False,True
U04630,Retail Banking,Associate,US - Northeast,Individual Contributor,2016-03-26,2026-01-05,1,2026-01-01,2026-01-11,In-Person Workshop,False,True
U04631,Retail Banking,Manager,Canada - East,People Manager,2019-06-15,2026-06-15,6,2026-06-13,,Live Virtual,False,True
U04632,Operations,Operations Specialist,US - Northeast,Individual Contributor,2020-12-13,2026-03-29,3,2026-03-26,,Self-Paced eLearning,False,True
U04633,Operations,Director,Canada - East,Senior Leader,2025-09-17,2026-03-21,3,2026-03-17,,Live Virtual,False,True
U04634,Retail Banking,Associate,Europe,Individual Contributor,2017-11-01,2026-05-11,5,2026-05-05,,Self-Paced eLearning,False,True
U04635,Commercial Banking,Director,Canada - West,Senior Leader,2020-04-03,2026-05-03,5,2026-04-29,2026-05-16,Manager-Led Briefing,False,True
U04636,Retail Banking,Associate,Canada - East,Individual Contributor,2025-08-20,2026-05-17,5,2026-05-15,2026-05-25,In-Person Workshop,True,True
U04637,Operations,Operations Specialist,Canada - East,Individual Contributor,2023-05-04,2026-03-08,3,2026-03-08,2026-03-26,Live Virtual,False,True
U04638,Commercial Banking,Analyst,US - Northeast,Individual Contributor,2017-06-25,2026-03-11,3,2026-03-07,2026-03-22,Live Virtual,False,True
U04639,Retail Banking,Manager,Canada - East,People Manager,2016-01-17,2026-04-04,4,2026-03-29,2026-04-12,Live Virtual,False,True
U04640,Retail Banking,Relationship Manager,US - Midwest,Individual Contributor,2025-03-07,2026-02-14,2,2026-02-13,,Live Virtual,False,True
U04641,Retail Banking,Manager,Europe,People Manager,2018-03-24,2026-04-01,4,2026-03-27,,Manager-Led Briefing,False,True
U04642,Retail Banking,Analyst,Canada - West,Individual Contributor,2016-08-17,2026-04-13,4,2026-04-12,2026-04-24,Self-Paced eLearning,True,True
U04643,Technology,Associate,Canada - East,Individual Contributor,2024-09-03,2026-01-12,1,2026-01-10,2026-01-31,Live Virtual,False,True
U04644,Retail Banking,Manager,Canada - East,People Manager,2019-03-01,2026-03-14,3,2026-03-08,2026-03-19,Live Virtual,False,True
U04645,Retail Banking,Associate,Canada - East,Individual Contributor,2018-02-02,2026-04-08,4,2026-04-05,,Self-Paced eLearning,False,True
U04646,Corporate Functions,Director,US - Northeast,Senior Leader,2021-07-13,2026-02-16,2,2026-02-10,2026-03-03,Manager-Led Briefing,False,True
U04647,Risk and Compliance,Associate,US - Northeast,Individual Contributor,2016-05-25,2026-06-02,6,2026-05-30,,Self-Paced eLearning,False,True
U04648,Retail Banking,Relationship Manager,US - Northeast,Individual Contributor,2020-08-24,2026-02-19,2,2026-02-16,2026-02-26,Live Virtual,False,True
U04649,Operations,Operations Specialist,US - Midwest,Individual Contributor,2024-06-24,2026-05-10,5,2026-05-06,2026-05-13,Self-Paced eLearning,False,True
U04650,Technology,Developer,Canada - West,Individual Contributor,2018-09-28,2026-02-12,2,2026-02-06,2026-02-17,Live Virtual,False,True
U04651,Wealth Management,Associate,Canada - West,Individual Contributor,2025-12-04,2026-04-14,4,2026-04-07,2026-04-22,Self-Paced eLearning,False,True
U04652,Wealth Management,Associate,Europe,Individual Contributor,2020-02-16,2026-06-07,6,2026-06-04,,Manager-Led Briefing,False,True
U04653,Retail Banking,Associate,Canada - West,Individual Contributor,2022-08-10,2026-05-12,5,2026-05-07,2026-05-13,Self-Paced eLearning,False,True
U04654,Retail Banking,Associate,Europe,Individual Contributor,2018-01-13,2026-05-17,5,2026-05-15,2026-05-24,Live Virtual,False,True
U04655,Operations,Operations Specialist,US - Northeast,Individual Contributor,2018-03-12,2026-05-10,5,2026-05-04,,Self-Paced eLearning,False,True
U04656,Risk and Compliance,Risk Analyst,US - Midwest,Individual Contributor,2018-03-11,2026-05-18,5,2026-05-14,2026-05-22,Manager-Led Briefing,False,True
U04657,Risk and Compliance,Risk Analyst,US - Northeast,Individual Contributor,2018-03-12,2026-06-12,6,2026-06-10,,Live Virtual,True,True
U04658,Retail Banking,Associate,US - Northeast,Individual Contributor,2017-12-25,2026-04-18,4,2026-04-12,2026-04-16,Live Virtual,False,True
U04659,Technology,Analyst,US - Northeast,Individual Contributor,2017-02-22,2026-01-11,1,2026-01-05,2026-01-26,Self-Paced eLearning,False,True
U04660,Retail Banking,Relationship Manager,Canada - West,Individual Contributor,2024-02-12,2026-02-08,2,2026-02-06,,In-Person Workshop,False,True
U04661,Commercial Banking,Associate,Canada - West,Individual Contributor,2017-04-06,2026-06-09,6,2026-06-09,2026-06-16,Manager-Led Briefing,False,True
U04662,Risk and Compliance,Analyst,US - Northeast,Individual Contributor,2017-03-17,2026-04-10,4,2026-04-09,2026-04-25,Self-Paced eLearning,False,True
U04663,Operations,Operations Specialist,Europe,Individual Contributor,2017-01-01,2026-05-26,6,2026-05-23,2026-06-04,Self-Paced eLearning,False,True
U04664,Retail Banking,Relationship Manager,Canada - East,Individual Contributor,2020-01-24,2026-05-30,6,2026-05-29,,In-Person Workshop,False,True
U04665,Technology,Manager,US - Midwest,People Manager,2021-02-14,2026-02-26,2,2026-02-24,2026-02-27,In-Person Workshop,False,True
U04666,Operations,Operations Specialist,US - Northeast,Individual Contributor,2017-07-17,2026-01-09,1,2026-01-07,,Live Virtual,False,True
U04667,Wealth Management,Relationship Manager,Canada - East,Individual Contributor,2016-11-10,2026-06-14,6,2026-06-10,2026-06-23,Live Virtual,,True
U04668,Operations,Manager,US - Northeast,People Manager,2020-07-24,2026-06-19,6,2026-06-16,2026-06-25,Live Virtual,True,True
U04669,Risk and Compliance,Risk Analyst,US - Northeast,Individual Contributor,2022-12-15,2026-05-07,5,2026-05-04,,Self-Paced eLearning,True,True
U04670,Retail Banking,Manager,Canada - West,People Manager,2023-02-14,2026-06-18,6,2026-06-11,2026-06-19,Self-Paced eLearning,False,True
U04671,Retail Banking,Associate,Europe,Individual Contributor,2021-08-08,2026-06-18,6,2026-06-17,,Live Virtual,False,True
U04672,Operations,Associate,Canada - West,Individual Contributor,2023-04-23,2026-01-12,1,2026-01-05,2026-01-24,In-Person Workshop,False,True
U04673,Retail Banking,Relationship Manager,Canada - West,Individual Contributor,2021-06-30,2026-01-23,1,2026-01-16,2026-02-03,Self-Paced eLearning,False,True
U04674,Operations,Operations Specialist,Europe,Individual Contributor,2025-07-07,2026-03-22,3,2026-03-20,,Self-Paced eLearning,False,True
U04675,Commercial Banking,Relationship Manager,Canada - West,Individual Contributor,2022-05-21,2026-03-21,3,2026-03-16,2026-03-31,In-Person Workshop,False,True
U04676,Retail Banking,Associate,APAC,Individual Contributor,2019-10-09,,6,2026-05-31,,Self-Paced eLearning,False,False
U04677,Retail Banking,Relationship Manager,Canada - East,Individual Contributor,2019-03-07,2026-04-05,4,2026-04-02,,In-Person Workshop,False,True
U04678,Retail Banking,Relationship Manager,Canada - East,Individual Contributor,2024-06-16,2026-06-14,6,2026-06-08,,Self-Paced eLearning,True,True
U04679,Retail Banking,Analyst,APAC,Individual Contributor,2021-10-12,2026-03-16,3,2026-03-09,2026-03-26,Live Virtual,True,True
U04680,Risk and Compliance,Manager,Europe,People Manager,2024-05-20,2026-05-20,5,2026-05-13,2026-05-20,In-Person Workshop,True,True
U04681,Corporate Functions,Director,Canada - West,Senior Leader,2025-06-18,2026-03-02,3,2026-02-26,,Self-Paced eLearning,False,True
U04682,Retail Banking,Relationship Manager,Canada - East,Individual Contributor,2019-03-27,2026-02-01,1,2026-01-26,2026-02-09,Live Virtual,False,True
U04683,Capital Markets,Director,Canada - West,Senior Leader,2023-04-30,2026-04-08,4,2026-04-06,2026-04-15,Live Virtual,False,True
U04684,Capital Markets,Associate,US - Northeast,Individual Contributor,2025-01-11,2026-01-26,1,2026-01-21,,Live Virtual,False,True
U04685,Corporate Functions,Associate,Canada - East,Individual Contributor,2016-03-21,2026-05-04,5,2026-04-29,2026-05-05,Live Virtual,True,False
U04686,Operations,Manager,Canada - West,People Manager,2019-12-06,2026-03-30,4,2026-03-23,2026-03-27,Live Virtual,False,True
U04687,Operations,Operations Specialist,Canada - East,Individual Contributor,2024-07-04,2026-05-25,6,2026-05-24,,Self-Paced eLearning,False,True
U04688,Operations,Manager,US - Midwest,People Manager,2018-12-05,2026-02-15,2,2026-02-14,2026-02-24,Self-Paced eLearning,False,True
U04689,Wealth Management,Associate,US - Northeast,Individual Contributor,2022-06-02,2026-04-21,4,2026-04-16,2026-05-07,Self-Paced eLearning,False,True
U04690,Capital Markets,Associate,Europe,Individual Contributor,2016-10-01,2026-04-29,5,2026-04-23,2026-05-10,Self-Paced eLearning,False,True
U04691,Technology,Associate,Canada - West,Individual Contributor,2021-10-25,2026-03-05,3,2026-02-28,2026-03-20,Live Virtual,False,True
U04692,Retail Banking,Relationship Manager,US - Northeast,Individual Contributor,2024-07-28,2026-06-16,6,2026-06-11,2026-06-15,In-Person Workshop,True,True
U04693,Capital Markets,Associate,Canada - East,Individual Contributor,2022-12-18,2026-01-20,1,2026-01-17,2026-01-21,In-Person Workshop,False,True
U04694,Wealth Management,Analyst,Canada - East,Individual Contributor,2021-05-30,2026-03-23,3,2026-03-16,2026-03-27,Manager-Led Briefing,False,True
U04695,Operations,Operations Specialist,Canada - East,Individual Contributor,2021-10-11,2026-05-15,5,2026-05-10,2026-05-28,In-Person Workshop,False,True
U04696,Commercial Banking,Manager,Canada - West,People Manager,2024-03-12,2026-04-10,4,2026-04-06,2026-04-18,In-Person Workshop,True,True
U04697,Operations,Operations Specialist,US - Midwest,Individual Contributor,2018-01-09,2026-01-16,1,2026-01-16,,Self-Paced eLearning,False,False
U04698,Technology,Developer,Canada - West,Individual Contributor,2024-11-02,2026-02-19,2,2026-02-18,,Self-Paced eLearning,False,True
U04699,Technology,Developer,Europe,Individual Contributor,2024-01-24,2026-01-05,1,2025-12-31,2026-01-03,Self-Paced eLearning,True,True
U04700,Capital Markets,Manager,APAC,People Manager,2018-03-02,2026-03-14,3,2026-03-08,2026-03-19,Live Virtual,False,True
U04701,Corporate Functions,Manager,Canada - West,People Manager,2021-01-26,2026-03-11,3,2026-03-07,,Manager-Led Briefing,False,True
U04702,Operations,Operations Specialist,Canada - East,Individual Contributor,2023-01-06,2026-04-21,4,2026-04-19,2026-05-04,Self-Paced eLearning,True,True
U04703,Operations,Associate,US - Northeast,Individual Contributor,2018-09-04,2026-05-07,5,2026-05-03,2026-05-10,Live Virtual,True,True
U04704,Operations,Operations Specialist,Canada - East,Individual Contributor,2019-05-10,2026-03-08,3,2026-03-03,,Self-Paced eLearning,True,True
U04705,Retail Banking,Analyst,Canada - East,Individual Contributor,2022-12-27,2026-01-21,1,2026-01-16,,Self-Paced eLearning,False,True
U04706,Operations,Operations Specialist,Europe,Individual Contributor,2024-07-14,2026-05-08,5,2026-05-02,,Manager-Led Briefing,True,True
U04707,Retail Banking,Associate,US - Northeast,Individual Contributor,2024-08-03,2026-02-18,2,2026-02-15,2026-02-26,In-Person Workshop,False,True
U04708,Operations,Manager,Canada - West,People Manager,2020-12-08,2026-03-02,3,2026-03-01,2026-03-13,Self-Paced eLearning,True,True
U04709,Retail Banking,Director,US - Midwest,Senior Leader,2021-10-18,2026-05-21,5,2026-05-19,2026-06-06,Manager-Led Briefing,False,True
U04710,Operations,Operations Specialist,Canada - East,Individual Contributor,2025-02-27,2026-04-20,4,2026-04-19,,Self-Paced eLearning,False,True
U04711,Wealth Management,Relationship Manager,Canada - East,Individual Contributor,2019-03-22,2026-05-11,5,2026-05-07,2026-05-15,Live Virtual,True,True
U04712,Retail Banking,Associate,APAC,Individual Contributor,2022-10-12,2026-04-24,4,2026-04-18,,In-Person Workshop,True,True
U04713,Commercial Banking,Manager,US - Northeast,People Manager,2022-01-04,2026-03-27,3,2026-03-23,2026-04-07,Live Virtual,False,True
U04714,Risk and Compliance,Analyst,Canada - East,Individual Contributor,2021-07-05,2026-05-31,6,2026-05-26,2026-06-12,Self-Paced eLearning,True,True
U04715,Technology,Developer,Europe,Individual Contributor,2025-07-01,2026-04-16,4,2026-04-16,2026-04-19,Self-Paced eLearning,False,True
U04716,Retail Banking,Relationship Manager,Canada - East,Individual Contributor,2020-11-22,2026-03-01,2,2026-02-28,2026-03-04,In-Person Workshop,False,True
U04717,Operations,Operations Specialist,Europe,Individual Contributor,2016-11-04,2026-02-21,2,2026-02-14,2026-02-22,In-Person Workshop,False,True
U04718,Commercial Banking,Analyst,Canada - East,Individual Contributor,2018-07-08,2026-04-02,4,2026-04-01,2026-04-16,Live Virtual,False,True
U04719,Technology,Developer,US - Northeast,Individual Contributor,2018-10-01,2026-02-22,2,2026-02-15,,Self-Paced eLearning,True,True
U04720,Retail Banking,Analyst,US - Northeast,Individual Contributor,2023-06-22,2026-05-19,5,2026-05-12,,Live Virtual,False,True
U04721,Operations,Operations Specialist,Europe,Individual Contributor,2023-09-28,2026-03-27,3,2026-03-25,,Self-Paced eLearning,False,True
U04722,Technology,Manager,Canada - West,People Manager,2017-05-14,2026-02-28,2,2026-02-27,2026-03-11,Live Virtual,True,True
U04723,Retail Banking,Associate,US - Midwest,Individual Contributor,2024-09-25,2026-02-21,2,2026-02-16,,Self-Paced eLearning,False,True
U04724,Commercial Banking,Analyst,Canada - West,Individual Contributor,2023-08-06,2026-05-12,5,2026-05-12,2026-05-31,Live Virtual,True,True
U04725,Retail Banking,Analyst,Europe,Individual Contributor,2016-05-30,2026-03-13,3,2026-03-12,,In-Person Workshop,False,True
U04726,Operations,Manager,US - Midwest,People Manager,2022-05-17,2026-04-30,5,2026-04-26,2026-04-29,Live Virtual,False,True
U04727,Wealth Management,Associate,APAC,Individual Contributor,2022-08-20,2026-02-11,2,2026-02-09,2026-02-20,Live Virtual,False,True
U04728,Retail Banking,Relationship Manager,US - Midwest,Individual Contributor,2019-01-21,2026-05-04,5,2026-04-29,2026-05-15,Self-Paced eLearning,False,True
U04729,Commercial Banking,Analyst,US - Midwest,Individual Contributor,2025-11-26,2026-04-24,4,2026-04-21,2026-04-29,Manager-Led Briefing,False,True
U04730,Operations,Operations Specialist,US - Midwest,Individual Contributor,2018-11-16,2026-05-01,5,2026-04-28,,Self-Paced eLearning,True,True
U04731,Operations,Operations Specialist,Canada - West,Individual Contributor,2017-01-15,2026-03-30,4,2026-03-25,2026-04-04,Live Virtual,False,True
U04732,Risk and Compliance,Risk Analyst,Canada - East,Individual Contributor,2016-10-15,2026-05-15,5,2026-05-10,,Self-Paced eLearning,False,True
U04733,Operations,Operations Specialist,US - Northeast,Individual Contributor,2016-11-12,2026-03-23,3,2026-03-23,,Manager-Led Briefing,True,True
U04734,Retail Banking,Analyst,Canada - East,Individual Contributor,2018-08-16,2026-03-22,3,2026-03-19,,Self-Paced eLearning,False,True
U04735,Risk and Compliance,Analyst,US - Midwest,Individual Contributor,2019-02-27,2026-03-08,3,2026-03-08,2026-03-26,Manager-Led Briefing,False,True
U04736,Capital Markets,Director,Canada - East,Senior Leader,2022-11-05,2026-06-09,6,2026-06-03,2026-06-24,Live Virtual,False,True
U04737,Commercial Banking,Associate,Canada - West,Individual Contributor,2017-01-13,2026-06-05,6,2026-06-04,,Self-Paced eLearning,False,True
U04738,Retail Banking,Relationship Manager,US - Midwest,Individual Contributor,2022-03-26,2026-05-24,5,2026-05-22,,Live Virtual,False,True
U04739,Retail Banking,Relationship Manager,Canada - West,Individual Contributor,2022-10-26,2026-06-16,6,2026-06-13,,Self-Paced eLearning,False,True
U04740,Commercial Banking,Manager,US - Northeast,People Manager,2020-12-07,2026-05-23,5,2026-05-20,,Self-Paced eLearning,False,False
U04741,Retail Banking,Analyst,Canada - East,Individual Contributor,2023-12-24,2026-02-10,2,2026-02-05,2026-02-10,Self-Paced eLearning,,True
U04742,Retail Banking,Associate,US - Midwest,Individual Contributor,2016-06-07,2026-01-16,1,2026-01-16,2026-01-22,In-Person Workshop,True,True
U04743,Capital Markets,Associate,Europe,Individual Contributor,2016-07-28,2026-03-12,3,2026-03-07,2026-03-24,Live Virtual,False,True
U04744,Operations,Operations Specialist,Europe,Individual Contributor,2023-10-10,2026-04-16,4,2026-04-10,,Self-Paced eLearning,False,True
U04745,Retail Banking,Associate,US - Northeast,Individual Contributor,2025-10-11,2026-05-11,5,2026-05-07,,Self-Paced eLearning,True,True
U04746,Retail Banking,Analyst,US - Northeast,Individual Contributor,2023-08-14,2026-05-07,5,2026-04-30,2026-05-06,Live Virtual,False,True
U04747,Operations,Manager,Europe,People Manager,2022-05-20,2026-01-30,1,2026-01-28,2026-02-14,In-Person Workshop,False,True
U04748,Commercial Banking,Associate,Canada - East,Individual Contributor,2021-06-29,2026-05-03,5,2026-05-03,2026-05-22,Live Virtual,True,True
U04749,Risk and Compliance,Associate,Canada - West,Individual Contributor,2022-01-09,2026-04-15,4,2026-04-13,,Manager-Led Briefing,False,True
U04750,Retail Banking,Analyst,Europe,Individual Contributor,2022-11-05,2026-04-06,4,2026-04-06,2026-04-19,Manager-Led Briefing,False,True
U04751,Retail Banking,Relationship Manager,Canada - West,Individual Contributor,2025-07-24,2026-05-03,5,2026-05-02,2026-05-18,Manager-Led Briefing,False,True
U04752,Technology,Manager,Canada - East,People Manager,2019-10-26,2026-01-23,1,2026-01-23,2026-01-28,Live Virtual,True,True
U04753,Operations,Operations Specialist,Canada - East,Individual Contributor,2020-07-06,2026-04-08,4,2026-04-08,,Self-Paced eLearning,,True
U04754,Technology,Analyst,US - Midwest,Individual Contributor,2017-04-12,2026-02-17,2,2026-02-17,2026-02-27,Self-Paced eLearning,True,True
U04755,Risk and Compliance,Risk Analyst,Europe,Individual Contributor,2025-01-24,2026-03-30,4,2026-03-30,2026-04-17,Manager-Led Briefing,False,True
U04756,Technology,Analyst,Canada - East,Individual Contributor,2022-07-16,2026-01-25,1,2026-01-25,2026-02-06,Self-Paced eLearning,False,True
U04757,Operations,Associate,Canada - East,Individual Contributor,2023-11-13,2026-06-11,6,2026-06-06,2026-06-18,Live Virtual,False,True
U04758,Corporate Functions,Manager,Canada - East,People Manager,2025-10-08,2026-03-25,3,2026-03-20,2026-04-06,In-Person Workshop,False,True
U04759,Retail Banking,Relationship Manager,US - Northeast,Individual Contributor,2019-01-20,2026-04-26,4,2026-04-19,2026-04-27,Self-Paced eLearning,False,True
U04760,Risk and Compliance,Manager,US - Northeast,People Manager,2022-04-21,2026-04-18,4,2026-04-15,2026-05-03,Self-Paced eLearning,False,True
U04761,Technology,Developer,Canada - West,Individual Contributor,2025-11-13,2026-01-05,1,2025-12-31,,Live Virtual,False,True
U04762,Technology,Developer,Canada - East,Individual Contributor,2025-08-04,2026-04-21,4,2026-04-14,2026-04-22,Live Virtual,False,True
U04763,Risk and Compliance,Analyst,US - Northeast,Individual Contributor,2019-11-29,2026-06-19,6,2026-06-12,2026-06-30,Live Virtual,False,True
U04764,Technology,Developer,Canada - East,Individual Contributor,2024-11-10,2026-01-09,1,2026-01-04,2026-01-13,In-Person Workshop,False,True
U04765,Operations,Manager,Canada - West,People Manager,2025-04-21,2026-01-18,1,2026-01-11,2026-01-16,Self-Paced eLearning,False,True
U04766,Retail Banking,Relationship Manager,Canada - East,Individual Contributor,2022-03-10,,6,2026-06-09,2026-06-23,Manager-Led Briefing,False,False
U04767,Commercial Banking,Associate,Canada - East,Individual Contributor,2019-11-07,2026-04-15,4,2026-04-12,,Live Virtual,False,True
U04768,Technology,Developer,Canada - West,Individual Contributor,2022-01-25,2026-02-20,2,2026-02-17,2026-03-08,Self-Paced eLearning,False,True
U04769,Retail Banking,Associate,US - Northeast,Individual Contributor,2019-11-15,2026-05-19,5,2026-05-18,,Self-Paced eLearning,False,True
U04770,Capital Markets,Analyst,US - Midwest,Individual Contributor,2016-03-29,2026-01-18,1,2026-01-12,2026-02-02,Self-Paced eLearning,False,True
U04771,Commercial Banking,Associate,Europe,Individual Contributor,2021-11-22,2026-04-20,4,2026-04-18,2026-05-02,Self-Paced eLearning,False,True
U04772,Operations,Operations Specialist,Canada - West,Individual Contributor,2020-11-21,2026-05-20,5,2026-05-16,,In-Person Workshop,False,True
U04773,Retail Banking,Analyst,Europe,Individual Contributor,2021-01-15,2026-04-01,4,2026-04-01,,Self-Paced eLearning,False,True
U04774,Operations,Associate,Canada - East,Individual Contributor,2024-11-06,2026-06-01,6,2026-05-26,2026-06-07,In-Person Workshop,False,True
U04775,Retail Banking,Associate,APAC,Individual Contributor,2019-06-14,2026-03-03,3,2026-02-28,2026-03-12,Self-Paced eLearning,False,True
U04776,Retail Banking,Analyst,Canada - East,Individual Contributor,2019-09-30,2026-03-18,3,2026-03-11,2026-03-26,Live Virtual,True,True
U04777,Operations,Manager,US - Northeast,People Manager,2016-02-09,2026-05-24,5,2026-05-21,,Manager-Led Briefing,False,True
U04778,Retail Banking,Relationship Manager,Europe,Individual Contributor,2025-10-25,2026-02-09,2,2026-02-08,,Live Virtual,True,True
U04779,Retail Banking,Relationship Manager,Canada - East,Individual Contributor,2018-08-23,2026-01-07,1,2026-01-04,,In-Person Workshop,False,True
U04780,Commercial Banking,Director,Canada - East,Senior Leader,2021-12-12,2026-03-06,3,2026-03-01,2026-03-19,Self-Paced eLearning,False,True
U04781,Operations,Associate,Canada - East,Individual Contributor,2022-04-26,2026-04-20,4,2026-04-14,2026-04-24,Self-Paced eLearning,False,True
U04782,Corporate Functions,Associate,Canada - West,Individual Contributor,2018-12-19,2026-03-30,4,2026-03-27,2026-04-10,Self-Paced eLearning,False,True
U04783,Risk and Compliance,Director,US - Northeast,Senior Leader,2023-06-29,2026-03-11,3,2026-03-05,2026-03-24,In-Person Workshop,False,True
U04784,Commercial Banking,Relationship Manager,US - Northeast,Individual Contributor,2021-06-30,2026-02-14,2,2026-02-08,,Manager-Led Briefing,True,True
U04785,Corporate Functions,Analyst,Canada - East,Individual Contributor,2018-03-24,2026-01-22,1,2026-01-20,2026-01-26,Live Virtual,False,True
U04786,Risk and Compliance,Risk Analyst,US - Northeast,Individual Contributor,2018-11-12,2026-02-15,2,2026-02-15,2026-02-28,In-Person Workshop,False,True
U04787,Operations,Analyst,Canada - West,Individual Contributor,2023-11-30,2026-02-18,2,2026-02-11,2026-02-15,Live Virtual,True,True
U04788,Capital Markets,Analyst,US - Midwest,Individual Contributor,2023-04-10,2026-01-05,1,2026-01-02,2026-01-18,Live Virtual,True,True
U04789,Retail Banking,Associate,US - Midwest,Individual Contributor,2019-11-13,2026-06-21,6,2026-06-18,2026-07-06,Self-Paced eLearning,False,True
U04790,Commercial Banking,Relationship Manager,Canada - East,Individual Contributor,2018-09-04,2026-02-07,2,2026-02-02,2026-02-17,Self-Paced eLearning,False,True
U04791,Technology,Manager,US - Northeast,People Manager,2018-07-27,2026-06-17,6,2026-06-17,2026-07-02,Self-Paced eLearning,False,True
U04792,Retail Banking,Analyst,Canada - East,Individual Contributor,2024-05-16,2026-02-11,2,2026-02-10,,Self-Paced eLearning,False,True
U04793,Retail Banking,Relationship Manager,US - Northeast,Individual Contributor,2025-11-15,2026-03-28,3,2026-03-22,,Live Virtual,False,True
U04794,Corporate Functions,Manager,Canada - West,People Manager,2021-01-12,2026-03-19,3,2026-03-18,2026-03-21,In-Person Workshop,False,True
U04795,Operations,Operations Specialist,Canada - East,Individual Contributor,2017-08-23,2026-02-21,2,2026-02-20,2026-02-23,In-Person Workshop,False,False
U04796,Retail Banking,Relationship Manager,Canada - East,Individual Contributor,2019-10-24,,3,2026-03-10,2026-03-14,Live Virtual,False,False
U04797,Retail Banking,Relationship Manager,Canada - East,Individual Contributor,2017-01-15,2026-02-16,2,2026-02-15,2026-03-05,In-Person Workshop,False,True
U04798,Technology,Developer,Canada - East,Individual Contributor,2019-12-18,2026-02-01,1,2026-01-25,2026-02-11,In-Person Workshop,False,True
U04799,Wealth Management,Relationship Manager,US - Midwest,Individual Contributor,2018-02-10,2026-05-02,5,2026-04-27,2026-05-11,In-Person Workshop,False,True
U04800,Capital Markets,Associate,APAC,Individual Contributor,2020-06-24,2026-01-06,1,2026-01-05,2026-01-23,Self-Paced eLearning,True,True
U04801,Operations,Associate,Canada - East,Individual Contributor,2023-07-13,2026-03-11,3,2026-03-11,,Live Virtual,False,True
U04802,Retail Banking,Analyst,Canada - East,Individual Contributor,2022-02-16,2026-02-26,2,2026-02-22,2026-03-09,In-Person Workshop,False,True
U04803,Retail Banking,Associate,Canada - West,Individual Contributor,2021-10-02,2026-04-05,4,2026-04-03,2026-04-06,Manager-Led Briefing,True,True
U04804,Technology,Developer,Canada - East,Individual Contributor,2022-04-27,2026-02-03,2,2026-01-29,2026-02-06,Self-Paced eLearning,True,True
U04805,Wealth Management,Associate,Canada - East,Individual Contributor,2022-10-14,2026-06-04,6,2026-06-02,2026-06-23,Manager-Led Briefing,True,True
U04806,Capital Markets,Developer,US - Northeast,Individual Contributor,2019-08-18,2026-02-10,2,2026-02-03,2026-02-16,In-Person Workshop,False,True
U04807,Operations,Operations Specialist,Europe,Individual Contributor,2023-09-22,2026-04-07,4,2026-04-07,,Self-Paced eLearning,False,True
U04808,Commercial Banking,Relationship Manager,Canada - East,Individual Contributor,2025-11-06,2026-03-15,3,2026-03-12,2026-03-16,Self-Paced eLearning,False,True
U04809,Operations,Associate,US - Northeast,Individual Contributor,2018-08-10,2026-06-13,6,2026-06-11,2026-06-25,Self-Paced eLearning,False,True
U04810,Technology,Manager,Canada - West,People Manager,2018-12-12,2026-02-07,2,2026-02-04,2026-02-12,Self-Paced eLearning,True,True
U04811,Technology,Developer,Canada - West,Individual Contributor,2023-03-03,2026-02-03,2,2026-02-02,2026-02-23,Manager-Led Briefing,False,True
U04812,Commercial Banking,Manager,APAC,People Manager,2023-11-16,2026-01-26,1,2026-01-20,2026-01-25,Self-Paced eLearning,False,True
U04813,Technology,Developer,APAC,Individual Contributor,2021-10-16,2026-04-24,4,2026-04-23,2026-05-11,Live Virtual,False,True
U04814,Corporate Functions,Manager,US - Northeast,People Manager,2019-07-08,2026-04-27,5,2026-04-21,,Self-Paced eLearning,False,True
U04815,Operations,Manager,US - Northeast,People Manager,2022-07-07,2026-06-09,6,2026-06-08,2026-06-25,Self-Paced eLearning,False,True
U04816,Retail Banking,Relationship Manager,APAC,Individual Contributor,2020-03-01,2026-04-09,4,2026-04-02,,Self-Paced eLearning,False,True
U04817,Retail Banking,Relationship Manager,Europe,Individual Contributor,2019-10-29,2026-04-21,4,2026-04-19,,In-Person Workshop,False,True
U04818,Technology,Developer,Canada - West,Individual Contributor,2016-01-12,2026-01-27,1,2026-01-23,2026-02-06,Live Virtual,True,True
U04819,Technology,Developer,Canada - East,Individual Contributor,2018-11-30,2026-01-07,1,2026-01-01,2026-01-19,Self-Paced eLearning,False,True
U04820,Technology,Associate,US - Northeast,Individual Contributor,2019-02-17,2026-03-17,3,2026-03-15,2026-03-26,In-Person Workshop,False,True
U04821,Capital Markets,Associate,Canada - East,Individual Contributor,2021-12-21,2026-04-13,4,2026-04-09,2026-04-29,Self-Paced eLearning,True,True
U04822,Retail Banking,Manager,US - Northeast,People Manager,2022-07-27,2026-06-06,6,2026-06-01,,Self-Paced eLearning,False,True
U04823,Commercial Banking,Relationship Manager,Canada - East,Individual Contributor,2020-05-04,2026-02-27,2,2026-02-20,2026-03-01,Live Virtual,False,True
U04824,Capital Markets,Analyst,Canada - East,Individual Contributor,2017-06-22,2026-02-03,2,2026-02-03,2026-02-12,Live Virtual,False,True
U04825,Operations,Associate,US - Northeast,Individual Contributor,2023-08-11,2026-04-01,4,2026-03-29,,Self-Paced eLearning,False,True
U04826,Operations,Operations Specialist,APAC,Individual Contributor,2019-03-18,2026-05-27,6,2026-05-25,2026-06-10,Live Virtual,False,True
U04827,Retail Banking,Relationship Manager,Canada - East,Individual Contributor,2024-10-09,2026-06-08,6,2026-06-08,,Self-Paced eLearning,False,True
U04828,Operations,Operations Specialist,Canada - East,Individual Contributor,2018-07-12,2026-02-13,2,2026-02-11,2026-02-19,Live Virtual,False,True
U04829,Wealth Management,Relationship Manager,Canada - East,Individual Contributor,2021-08-04,2026-03-24,3,2026-03-18,2026-03-22,Live Virtual,False,True
U04830,Risk and Compliance,Manager,Canada - West,People Manager,2018-02-09,2026-03-31,4,2026-03-28,,Self-Paced eLearning,False,True
U04831,Commercial Banking,Manager,Europe,People Manager,2025-03-29,2026-05-08,5,2026-05-04,2026-05-18,Live Virtual,False,True
U04832,Operations,Director,Canada - East,Senior Leader,2017-02-26,2026-01-08,1,2026-01-02,,Live Virtual,False,True
U04833,Commercial Banking,Analyst,US - Northeast,Individual Contributor,2022-12-07,2026-02-27,2,2026-02-21,2026-02-28,In-Person Workshop,False,True
U04834,Capital Markets,Developer,Canada - West,Individual Contributor,2023-11-19,2026-01-09,1,2026-01-03,2026-01-08,Self-Paced eLearning,True,True
U04835,Operations,Operations Specialist,US - Northeast,Individual Contributor,2018-02-12,2026-05-06,5,2026-05-05,2026-05-21,Live Virtual,False,True
U04836,Wealth Management,Analyst,Canada - East,Individual Contributor,2021-07-24,,6,2026-06-06,,In-Person Workshop,False,False
U04837,Retail Banking,Associate,US - Northeast,Individual Contributor,2017-06-03,2026-02-12,2,2026-02-11,2026-02-23,Self-Paced eLearning,True,False
U04838,Retail Banking,Associate,US - Midwest,Individual Contributor,2020-09-27,2026-06-21,6,2026-06-19,2026-06-28,In-Person Workshop,False,True
U04839,Retail Banking,Associate,Canada - West,Individual Contributor,2024-03-28,2026-05-17,5,2026-05-10,2026-05-30,Manager-Led Briefing,False,True
U04840,Retail Banking,Relationship Manager,Canada - West,Individual Contributor,2019-09-02,2026-04-25,4,2026-04-24,,Live Virtual,False,True
U04841,Risk and Compliance,Manager,Canada - West,People Manager,2025-01-28,2026-06-18,6,2026-06-11,,Self-Paced eLearning,True,True
U04842,Operations,Director,US - Midwest,Senior Leader,2021-07-05,2026-05-24,5,2026-05-17,,Live Virtual,False,True
U04843,Retail Banking,Associate,Canada - East,Individual Contributor,2023-12-24,2026-05-26,6,2026-05-26,2026-06-08,Manager-Led Briefing,True,True
U04844,Operations,Director,Canada - East,Senior Leader,2019-12-18,2026-04-12,4,2026-04-11,2026-04-23,Live Virtual,False,True
U04845,Operations,Operations Specialist,Canada - East,Individual Contributor,2022-02-04,2026-03-19,3,2026-03-12,,Live Virtual,False,True
U04846,Operations,Operations Specialist,US - Midwest,Individual Contributor,2025-01-18,2026-03-29,3,2026-03-23,,Self-Paced eLearning,False,True
U04847,Retail Banking,Relationship Manager,APAC,Individual Contributor,2016-01-25,2026-05-16,5,2026-05-09,,Live Virtual,True,True
U04848,Commercial Banking,Manager,Canada - East,People Manager,2018-11-19,2026-04-25,4,2026-04-19,,Live Virtual,True,True
U04849,Retail Banking,Relationship Manager,US - Northeast,Individual Contributor,2016-02-10,2026-03-24,3,2026-03-20,2026-03-26,Self-Paced eLearning,False,True
U04850,Capital Markets,Analyst,APAC,Individual Contributor,2024-01-28,2026-01-09,1,2026-01-03,2026-01-15,Live Virtual,True,True
U04851,Retail Banking,Relationship Manager,US - Northeast,Individual Contributor,2016-05-13,2026-03-12,3,2026-03-05,,Live Virtual,False,True
U04852,Capital Markets,Analyst,Canada - East,Individual Contributor,2024-03-19,2026-02-15,2,2026-02-13,2026-02-25,Self-Paced eLearning,False,True
U04853,Wealth Management,Relationship Manager,US - Northeast,Individual Contributor,2020-04-24,2026-02-26,2,2026-02-25,2026-03-18,Self-Paced eLearning,False,True
U04854,Retail Banking,Relationship Manager,Canada - East,Individual Contributor,2020-02-26,2026-04-11,4,2026-04-09,2026-04-12,Manager-Led Briefing,False,True
U04855,Retail Banking,Analyst,Canada - West,Individual Contributor,2019-10-30,2026-05-04,5,2026-04-29,2026-05-18,Manager-Led Briefing,True,True
U04856,Corporate Functions,Associate,Canada - West,Individual Contributor,2019-04-19,2026-05-16,5,2026-05-09,2026-05-20,In-Person Workshop,False,True
U04857,Technology,Developer,US - Northeast,Individual Contributor,2021-10-11,2026-01-14,1,2026-01-07,2026-01-16,Live Virtual,True,True
U04858,Commercial Banking,Analyst,Canada - West,Individual Contributor,2018-12-03,2026-01-06,1,2026-01-06,,Live Virtual,False,True
U04859,Retail Banking,Associate,US - Northeast,Individual Contributor,2020-08-03,2026-04-03,4,2026-03-30,2026-04-15,Self-Paced eLearning,False,True
U04860,Retail Banking,Relationship Manager,US - Midwest,Individual Contributor,2025-02-08,2026-03-19,3,2026-03-16,,Live Virtual,False,True
U04861,Technology,Developer,Canada - East,Individual Contributor,2025-09-19,2026-04-09,4,2026-04-03,2026-04-15,Self-Paced eLearning,True,True
U04862,Risk and Compliance,Associate,Canada - West,Individual Contributor,2019-07-30,2026-05-29,6,2026-05-24,,Self-Paced eLearning,False,True
U04863,Retail Banking,Associate,US - Northeast,Individual Contributor,2020-10-23,2026-03-12,3,2026-03-06,2026-03-13,Live Virtual,True,True
U04864,Capital Markets,Analyst,Canada - East,Individual Contributor,2023-07-24,2026-01-10,1,2026-01-07,2026-01-10,In-Person Workshop,True,True
U04865,Commercial Banking,Analyst,Canada - East,Individual Contributor,2016-11-11,2026-02-10,2,2026-02-10,,Self-Paced eLearning,False,True
U04866,Retail Banking,Relationship Manager,Canada - East,Individual Contributor,2020-10-14,2026-05-16,5,2026-05-16,,In-Person Workshop,False,True
U04867,Operations,Operations Specialist,Europe,Individual Contributor,2022-09-23,2026-06-20,6,2026-06-20,2026-07-04,Live Virtual,False,True
U04868,Retail Banking,Relationship Manager,Europe,Individual Contributor,2020-06-30,2026-02-21,2,2026-02-15,,Live Virtual,False,True
U04869,Operations,Operations Specialist,Canada - East,Individual Contributor,2019-10-05,2026-01-31,1,2026-01-25,2026-02-09,Self-Paced eLearning,False,True
U04870,Commercial Banking,Associate,US - Northeast,Individual Contributor,2023-12-28,2026-01-25,1,2026-01-18,2026-01-22,Self-Paced eLearning,False,True
U04871,Operations,Associate,US - Northeast,Individual Contributor,2022-11-19,2026-03-25,3,2026-03-22,2026-03-25,Live Virtual,False,True
U04872,Retail Banking,Relationship Manager,Canada - West,Individual Contributor,2025-03-09,2026-04-28,5,2026-04-26,,Live Virtual,False,True
U04873,Commercial Banking,Manager,Canada - East,People Manager,2016-10-29,2026-03-03,3,2026-03-02,2026-03-09,Self-Paced eLearning,True,True
U04874,Commercial Banking,Relationship Manager,US - Northeast,Individual Contributor,2021-11-24,2026-04-16,4,2026-04-09,2026-04-21,Live Virtual,False,True
U04875,Technology,Developer,Europe,Individual Contributor,2018-10-16,2026-02-05,2,2026-02-02,,Live Virtual,True,True
U04876,Technology,Analyst,Canada - East,Individual Contributor,2016-01-16,2026-01-09,1,2026-01-06,2026-01-21,Self-Paced eLearning,True,True
U04877,Retail Banking,Relationship Manager,Canada - East,Individual Contributor,2024-01-24,2026-02-06,2,2026-02-06,,Live Virtual,False,True
U04878,Commercial Banking,Analyst,APAC,Individual Contributor,2022-01-01,2026-05-09,5,2026-05-05,2026-05-22,In-Person Workshop,False,True
U04879,Operations,Operations Specialist,US - Northeast,Individual Contributor,2020-05-22,2026-03-20,3,2026-03-20,2026-03-31,Live Virtual,False,True
U04880,Operations,Operations Specialist,Canada - West,Individual Contributor,2016-10-12,2026-04-11,4,2026-04-06,2026-04-20,Self-Paced eLearning,False,True
U04881,Retail Banking,Director,Canada - West,Senior Leader,2022-05-14,2026-01-22,1,2026-01-18,2026-01-31,Live Virtual,False,True
U04882,Commercial Banking,Relationship Manager,APAC,Individual Contributor,2018-04-22,2026-04-03,4,2026-04-02,2026-04-08,Live Virtual,False,True
U04883,Commercial Banking,Relationship Manager,US - Northeast,Individual Contributor,2018-07-09,2026-04-03,4,2026-04-01,2026-04-21,Self-Paced eLearning,False,True
U04884,Operations,Manager,APAC,People Manager,2021-10-21,2026-04-01,4,2026-03-31,2026-04-13,Self-Paced eLearning,False,True
U04885,Wealth Management,Associate,Canada - East,Individual Contributor,2025-09-20,2026-04-27,5,2026-04-23,2026-05-08,Live Virtual,False,True
U04886,Wealth Management,Relationship Manager,Canada - East,Individual Contributor,2024-04-26,2026-03-13,3,2026-03-07,2026-03-12,Self-Paced eLearning,False,True
U04887,Retail Banking,Relationship Manager,Canada - West,Individual Contributor,2017-11-27,2026-03-14,3,2026-03-08,,In-Person Workshop,False,True
U04888,Commercial Banking,Analyst,Canada - West,Individual Contributor,2020-06-10,2026-01-26,1,2026-01-26,,Live Virtual,False,True
U04889,Operations,Operations Specialist,US - Northeast,Individual Contributor,2016-06-30,2026-01-21,1,2026-01-17,,Self-Paced eLearning,False,True
U04890,Corporate Functions,Director,APAC,Senior Leader,2021-04-10,2026-03-27,3,2026-03-23,,In-Person Workshop,False,True
U04891,Retail Banking,Associate,US - Northeast,Individual Contributor,2019-04-27,2026-02-24,2,2026-02-22,2026-03-06,In-Person Workshop,False,True
U04892,Operations,Analyst,Canada - West,Individual Contributor,2020-07-31,2026-03-26,3,2026-03-24,2026-04-11,In-Person Workshop,False,True
U04893,Operations,Operations Specialist,Europe,Individual Contributor,2020-04-04,2026-02-18,2,2026-02-15,2026-02-23,Self-Paced eLearning,True,True
U04894,Retail Banking,Relationship Manager,Canada - East,Individual Contributor,2025-11-17,2026-04-12,4,2026-04-07,2026-04-15,Self-Paced eLearning,False,True
U04895,Commercial Banking,Manager,Canada - East,People Manager,2018-02-20,2026-06-04,6,2026-06-03,2026-06-20,Self-Paced eLearning,False,True
U04896,Technology,Developer,Canada - West,Individual Contributor,2022-02-01,2026-01-08,1,2026-01-07,2026-01-24,Manager-Led Briefing,False,True
U04897,Retail Banking,Relationship Manager,Canada - East,Individual Contributor,2018-08-21,2026-01-14,1,2026-01-07,,Self-Paced eLearning,False,True
U04898,Technology,Developer,Canada - East,Individual Contributor,2022-08-30,2026-02-22,2,2026-02-15,2026-03-07,In-Person Workshop,False,True
U04899,Risk and Compliance,Analyst,Canada - East,Individual Contributor,2020-09-12,2026-03-09,3,2026-03-06,2026-03-21,Self-Paced eLearning,False,True
U04900,Wealth Management,Relationship Manager,Canada - East,Individual Contributor,2021-11-02,2026-06-17,6,2026-06-12,2026-06-23,Live Virtual,False,True
U04901,Technology,Developer,APAC,Individual Contributor,2018-07-29,,4,2026-03-31,2026-04-20,Live Virtual,True,False
U04902,Operations,Operations Specialist,Canada - East,Individual Contributor,2025-04-22,2026-01-08,1,2026-01-02,2026-01-08,In-Person Workshop,False,True
U04903,Retail Banking,Analyst,Canada - West,Individual Contributor,2022-10-08,2026-03-12,3,2026-03-05,,In-Person Workshop,False,True
U04904,Risk and Compliance,Risk Analyst,APAC,Individual Contributor,2017-05-04,2026-06-04,6,2026-05-31,2026-06-06,In-Person Workshop,False,True
U04905,Capital Markets,Manager,Canada - East,People Manager,2017-11-17,2026-02-14,2,2026-02-14,2026-03-02,Live Virtual,False,True
U04906,Technology,Director,US - Northeast,Senior Leader,2019-10-09,2026-01-05,1,2026-01-05,2026-01-24,Manager-Led Briefing,True,True
U04907,Risk and Compliance,Manager,Canada - West,People Manager,2017-10-29,2026-04-20,4,2026-04-20,2026-04-26,Self-Paced eLearning,False,True
U04908,Retail Banking,Director,APAC,Senior Leader,2018-11-02,2026-03-19,3,2026-03-12,,Live Virtual,False,True
U04909,Commercial Banking,Manager,Canada - West,People Manager,2021-01-27,2026-03-27,3,2026-03-27,,Live Virtual,False,True
U04910,Retail Banking,Analyst,Europe,Individual Contributor,2017-09-10,2026-03-25,3,2026-03-25,2026-04-08,Self-Paced eLearning,False,True
U04911,Retail Banking,Analyst,Canada - West,Individual Contributor,2017-04-04,2026-06-13,6,2026-06-08,2026-06-12,In-Person Workshop,True,True
U04912,Technology,Manager,Canada - West,People Manager,2018-10-24,2026-03-02,3,2026-02-24,2026-02-27,Self-Paced eLearning,False,True
U04913,Operations,Operations Specialist,US - Midwest,Individual Contributor,2024-09-14,2026-01-27,1,2026-01-27,,Self-Paced eLearning,False,True
U04914,Corporate Functions,Manager,Canada - East,People Manager,2017-12-07,2026-03-19,3,2026-03-17,2026-04-05,In-Person Workshop,False,True
U04915,Operations,Director,Canada - West,Senior Leader,2020-03-23,2026-02-24,2,2026-02-23,,Live Virtual,False,True
U04916,Wealth Management,Relationship Manager,US - Northeast,Individual Contributor,2024-07-14,2026-04-22,4,2026-04-17,,Live Virtual,False,True
U04917,Capital Markets,Director,Canada - West,Senior Leader,2017-03-31,2026-03-15,3,2026-03-08,2026-03-11,In-Person Workshop,True,True
U04918,Commercial Banking,Analyst,APAC,Individual Contributor,2017-05-12,2026-05-31,6,2026-05-28,2026-06-18,In-Person Workshop,False,True
U04919,Risk and Compliance,Risk Analyst,US - Northeast,Individual Contributor,2017-09-25,2026-05-30,6,2026-05-27,,In-Person Workshop,False,True
U04920,Operations,Operations Specialist,Canada - West,Individual Contributor,2024-10-16,2026-04-07,4,2026-03-31,2026-04-20,Manager-Led Briefing,False,True
U04921,Operations,Analyst,Canada - West,Individual Contributor,2022-06-20,2026-02-26,2,2026-02-23,,Self-Paced eLearning,False,True
U04922,Retail Banking,Associate,US - Northeast,Individual Contributor,2019-04-11,2026-05-15,5,2026-05-09,,Live Virtual,False,True
U04923,Retail Banking,Associate,Canada - East,Individual Contributor,2023-04-11,2026-06-03,6,2026-06-03,,In-Person Workshop,False,True
U04924,Risk and Compliance,Manager,Canada - West,People Manager,2025-02-22,2026-04-25,4,2026-04-18,2026-04-30,In-Person Workshop,False,True
U04925,Technology,Analyst,APAC,Individual Contributor,2016-07-27,2026-01-24,1,2026-01-19,2026-02-04,Self-Paced eLearning,True,True
U04926,Operations,Associate,Canada - East,Individual Contributor,2023-01-06,2026-06-19,6,2026-06-18,2026-06-24,Self-Paced eLearning,False,True
U04927,Retail Banking,Director,Canada - West,Senior Leader,2018-10-23,2026-02-03,2,2026-01-27,,In-Person Workshop,False,True
U04928,Technology,Director,Canada - East,Senior Leader,2018-02-03,2026-04-22,4,2026-04-18,2026-05-08,Manager-Led Briefing,False,True
U04929,Capital Markets,Developer,Canada - West,Individual Contributor,2016-06-09,2026-02-13,2,2026-02-10,,Manager-Led Briefing,True,True
U04930,Operations,Operations Specialist,Canada - West,Individual Contributor,2024-07-25,2026-06-08,6,2026-06-06,2026-06-14,Manager-Led Briefing,False,True
U04931,Capital Markets,Developer,Europe,Individual Contributor,2016-10-03,2026-05-11,5,2026-05-09,2026-05-19,Self-Paced eLearning,False,True
U04932,Commercial Banking,Director,Canada - East,Senior Leader,2025-11-15,2026-05-27,6,2026-05-26,2026-05-29,Live Virtual,False,True
U04933,Wealth Management,Relationship Manager,US - Northeast,Individual Contributor,2018-02-26,2026-03-10,3,2026-03-09,,Live Virtual,False,True
U04934,Retail Banking,Relationship Manager,US - Midwest,Individual Contributor,2024-12-20,2026-03-17,3,2026-03-12,2026-03-29,Live Virtual,False,True
U04935,Commercial Banking,Relationship Manager,US - Northeast,Individual Contributor,2021-05-27,2026-01-18,1,2026-01-15,,Live Virtual,False,True
U04936,Retail Banking,Manager,APAC,People Manager,2016-05-09,2026-01-10,1,2026-01-03,,In-Person Workshop,False,True
U04937,Operations,Associate,Europe,Individual Contributor,2017-06-25,2026-03-12,3,2026-03-07,2026-03-20,Live Virtual,False,True
U04938,Capital Markets,Analyst,Canada - West,Individual Contributor,2023-10-17,2026-01-27,1,2026-01-27,2026-02-11,Self-Paced eLearning,False,True
U04939,Commercial Banking,Analyst,Europe,Individual Contributor,2019-05-19,2026-03-11,3,2026-03-05,,Live Virtual,False,True
U04940,Retail Banking,Analyst,APAC,Individual Contributor,2023-02-10,2026-01-30,1,2026-01-23,2026-02-04,Self-Paced eLearning,False,True
U04941,Wealth Management,Relationship Manager,Canada - West,Individual Contributor,2020-10-25,2026-03-09,3,2026-03-05,2026-03-14,Live Virtual,False,True
U04942,Retail Banking,Associate,US - Northeast,Individual Contributor,2022-10-19,2026-06-02,6,2026-05-26,,Self-Paced eLearning,False,True
U04943,Commercial Banking,Associate,Canada - West,Individual Contributor,2016-12-27,2026-03-01,2,2026-02-26,2026-03-09,Self-Paced eLearning,False,True
U04944,Corporate Functions,Associate,Canada - East,Individual Contributor,2019-08-07,2026-02-06,2,2026-02-03,,Live Virtual,False,True
U04945,Technology,Developer,Canada - West,Individual Contributor,2020-02-07,2026-01-17,1,2026-01-12,2026-01-19,Self-Paced eLearning,False,True
U04946,Wealth Management,Director,Canada - West,Senior Leader,2023-07-11,2026-03-06,3,2026-03-01,,Self-Paced eLearning,False,True
U04947,Commercial Banking,Analyst,US - Northeast,Individual Contributor,2025-04-11,2026-01-19,1,2026-01-17,2026-01-23,Self-Paced eLearning,False,True
U04948,Wealth Management,Director,Europe,Senior Leader,2020-02-26,2026-01-08,1,2026-01-07,2026-01-13,Live Virtual,False,True
U04949,Commercial Banking,Manager,Canada - West,People Manager,2018-08-29,2026-02-25,2,2026-02-21,2026-03-07,Self-Paced eLearning,False,True
U04950,Commercial Banking,Relationship Manager,Canada - East,Individual Contributor,2021-12-10,2026-02-13,2,2026-02-10,2026-03-03,Self-Paced eLearning,True,True
U04951,Retail Banking,Manager,Europe,People Manager,2025-03-03,2026-04-07,4,2026-04-03,2026-04-15,Live Virtual,False,True
U04952,Capital Markets,Manager,Canada - East,People Manager,2021-07-08,2026-03-01,2,2026-02-26,,Self-Paced eLearning,True,True
U04953,Retail Banking,Analyst,Canada - West,Individual Contributor,2025-05-22,2026-04-13,4,2026-04-06,,Live Virtual,False,True
U04954,Corporate Functions,Analyst,Canada - West,Individual Contributor,2020-11-19,2026-06-21,6,2026-06-16,,Live Virtual,False,True
U04955,Retail Banking,Relationship Manager,US - Midwest,Individual Contributor,2024-08-31,2026-04-16,4,2026-04-11,2026-04-28,Manager-Led Briefing,False,True
U04956,Retail Banking,Associate,Canada - East,Individual Contributor,2020-04-06,2026-05-23,5,2026-05-18,2026-06-04,In-Person Workshop,False,True
U04957,Wealth Management,Relationship Manager,Canada - East,Individual Contributor,2025-04-05,2026-03-08,3,2026-03-01,,In-Person Workshop,,True
U04958,Retail Banking,Relationship Manager,Canada - East,Individual Contributor,2020-07-15,2026-04-02,4,2026-03-30,,In-Person Workshop,False,True
U04959,Operations,Associate,Canada - East,Individual Contributor,2024-03-17,2026-04-02,4,2026-03-27,,Live Virtual,False,True
U04960,Capital Markets,Analyst,APAC,Individual Contributor,2018-06-17,,5,2026-05-12,2026-05-30,Live Virtual,True,False
U04961,Retail Banking,Relationship Manager,Canada - East,Individual Contributor,2020-05-02,2026-05-04,5,2026-04-29,,Live Virtual,True,True
U04962,Retail Banking,Director,Canada - West,Senior Leader,2023-01-28,2026-03-31,4,2026-03-25,,Live Virtual,False,True
U04963,Technology,Analyst,Canada - West,Individual Contributor,2017-06-04,2026-01-28,1,2026-01-22,2026-02-02,In-Person Workshop,False,True
U04964,Retail Banking,Manager,US - Midwest,People Manager,2019-04-29,2026-01-24,1,2026-01-18,2026-01-28,Live Virtual,True,True
U04965,Retail Banking,Analyst,Canada - East,Individual Contributor,2019-12-08,2026-05-07,5,2026-05-07,,Self-Paced eLearning,True,True
U04966,Retail Banking,Associate,Europe,Individual Contributor,2024-07-18,2026-04-14,4,2026-04-11,2026-05-02,Self-Paced eLearning,False,True
U04967,Operations,Operations Specialist,Europe,Individual Contributor,2020-06-15,2026-04-06,4,2026-04-04,2026-04-23,Live Virtual,False,True
U04968,Operations,Operations Specialist,Canada - East,Individual Contributor,2020-02-27,2026-03-17,3,2026-03-15,2026-03-20,In-Person Workshop,False,True
U04969,Retail Banking,Relationship Manager,Canada - East,Individual Contributor,2018-04-13,2026-04-26,4,2026-04-25,2026-05-06,Live Virtual,False,True
U04970,Commercial Banking,Manager,Canada - East,People Manager,2016-12-19,2026-01-15,1,2026-01-14,2026-01-25,Self-Paced eLearning,False,True
U04971,Commercial Banking,Associate,US - Midwest,Individual Contributor,2017-07-21,2026-03-03,3,2026-02-25,2026-03-11,Live Virtual,False,True
U04972,Retail Banking,Relationship Manager,Canada - East,Individual Contributor,2023-11-21,2026-01-24,1,2026-01-23,2026-02-07,Live Virtual,False,True
U04973,Operations,Manager,Canada - East,People Manager,2017-12-07,2026-01-29,1,2026-01-29,2026-02-08,Manager-Led Briefing,False,True
U04974,Risk and Compliance,Analyst,Canada - West,Individual Contributor,2021-04-24,2026-06-21,6,2026-06-15,2026-06-19,Live Virtual,False,True
U04975,Commercial Banking,Analyst,Canada - East,Individual Contributor,2017-08-12,,3,2026-02-28,2026-03-14,In-Person Workshop,False,False
U04976,Operations,Associate,Canada - East,Individual Contributor,2018-07-04,2026-03-22,3,2026-03-19,,Live Virtual,False,True
U04977,Technology,Analyst,Canada - East,Individual Contributor,2018-06-16,2026-05-19,5,2026-05-12,2026-05-20,Self-Paced eLearning,False,True
U04978,Retail Banking,Relationship Manager,Canada - East,Individual Contributor,2023-08-18,2026-02-23,2,2026-02-22,2026-03-03,Self-Paced eLearning,False,True
U04979,Wealth Management,Relationship Manager,Canada - East,Individual Contributor,2024-12-02,2026-02-28,2,2026-02-23,,Manager-Led Briefing,False,True
U04980,Risk and Compliance,Analyst,Canada - East,Individual Contributor,2022-01-06,2026-04-03,4,2026-03-29,2026-04-13,Self-Paced eLearning,False,True
U04981,Risk and Compliance,Risk Analyst,Canada - East,Individual Contributor,2017-02-23,2026-06-07,6,2026-06-06,2026-06-15,Self-Paced eLearning,False,True
U04982,Retail Banking,Relationship Manager,US - Northeast,Individual Contributor,2017-09-22,2026-04-28,5,2026-04-28,2026-05-08,Live Virtual,False,False
U04983,Operations,Associate,Canada - East,Individual Contributor,2023-03-12,2026-02-02,2,2026-01-26,2026-02-08,Live Virtual,False,True
U04984,Retail Banking,Manager,Canada - West,People Manager,2017-02-06,2026-06-17,6,2026-06-10,,Live Virtual,False,True
U04985,Operations,Associate,Europe,Individual Contributor,2016-09-23,2026-06-11,6,2026-06-06,2026-06-15,Live Virtual,False,True
U04986,Operations,Associate,Canada - East,Individual Contributor,2019-11-05,2026-04-29,5,2026-04-29,,Live Virtual,False,True
U04987,Commercial Banking,Relationship Manager,Europe,Individual Contributor,2021-03-04,2026-03-15,3,2026-03-11,2026-03-21,Live Virtual,False,True
U04988,Retail Banking,Relationship Manager,US - Northeast,Individual Contributor,2019-07-17,2026-02-05,2,2026-01-29,2026-02-09,Live Virtual,False,True
U04989,Risk and Compliance,Analyst,Canada - East,Individual Contributor,2025-04-10,2026-05-30,6,2026-05-27,2026-06-04,Live Virtual,True,True
U04990,Retail Banking,Associate,Europe,Individual Contributor,2021-05-27,2026-04-28,5,2026-04-27,,Self-Paced eLearning,False,True
U04991,Retail Banking,Relationship Manager,US - Northeast,Individual Contributor,2020-10-09,2026-04-02,4,2026-03-30,,Self-Paced eLearning,False,True
U04992,Wealth Management,Relationship Manager,Europe,Individual Contributor,2017-12-27,2026-04-20,4,2026-04-20,2026-04-24,Self-Paced eLearning,True,True
U04993,Capital Markets,Manager,Europe,People Manager,2016-01-13,2026-03-09,3,2026-03-07,2026-03-13,Self-Paced eLearning,True,True
U04994,Operations,Operations Specialist,Canada - West,Individual Contributor,2019-06-05,2026-03-28,3,2026-03-25,,Live Virtual,False,True
U04995,Commercial Banking,Relationship Manager,Canada - West,Individual Contributor,2025-10-11,2026-05-15,5,2026-05-08,2026-05-18,Live Virtual,False,True
U04996,Retail Banking,Analyst,APAC,Individual Contributor,2018-08-30,2026-04-20,4,2026-04-20,,Self-Paced eLearning,False,True
U04997,Retail Banking,Associate,US - Northeast,Individual Contributor,2025-10-22,2026-04-28,5,2026-04-27,,Manager-Led Briefing,False,True
U04998,Technology,Manager,Canada - East,People Manager,2021-04-06,2026-01-06,1,2026-01-01,2026-01-09,Self-Paced eLearning,True,True
U04999,Operations,Operations Specialist,Canada - East,Individual Contributor,2016-10-07,2026-01-23,1,2026-01-18,,In-Person Workshop,False,True
U05000,Commercial Banking,Associate,US - Northeast,Individual Contributor,2024-11-16,2026-05-02,5,2026-04-26,2026-05-14,Manager-Led Briefing,False,True
U05001,Retail Banking,Associate,Canada - West,Individual Contributor,2025-06-01,2026-03-27,3,2026-03-22,,Self-Paced eLearning,False,True
U05002,Commercial Banking,Analyst,US - Midwest,Individual Contributor,2017-06-21,2026-01-20,1,2026-01-15,2026-02-01,Live Virtual,False,True
U05003,Capital Markets,Analyst,Canada - East,Individual Contributor,2016-07-08,2026-05-21,5,2026-05-19,2026-06-09,Live Virtual,False,True
U05004,Retail Banking,Associate,Canada - East,Individual Contributor,2016-06-01,2026-04-20,4,2026-04-14,,In-Person Workshop,False,True
U05005,Retail Banking,Associate,Canada - West,Individual Contributor,2018-02-27,2026-04-12,4,2026-04-09,,Live Virtual,False,True
U05006,Operations,Operations Specialist,Europe,Individual Contributor,2025-03-14,2026-05-27,6,2026-05-23,,Self-Paced eLearning,False,True
U05007,Capital Markets,Director,Europe,Senior Leader,2023-06-29,2026-01-07,1,2026-01-06,2026-01-26,Self-Paced eLearning,False,True
U05008,Commercial Banking,Relationship Manager,APAC,Individual Contributor,2016-03-11,2026-05-08,5,2026-05-01,2026-05-10,Live Virtual,False,True
U05009,Capital Markets,Associate,Canada - East,Individual Contributor,2022-01-30,2026-02-01,1,2026-01-31,2026-02-19,Self-Paced eLearning,False,True
U05010,Operations,Manager,Europe,People Manager,2025-02-12,2026-05-11,5,2026-05-04,2026-05-09,Self-Paced eLearning,False,True
U05011,Retail Banking,Relationship Manager,Canada - East,Individual Contributor,2022-11-09,2026-02-25,2,2026-02-20,,Self-Paced eLearning,False,True
U05012,Technology,Developer,Canada - East,Individual Contributor,2024-06-12,2026-01-07,1,2026-01-02,2026-01-13,In-Person Workshop,True,True
U05013,Retail Banking,Associate,Europe,Individual Contributor,2019-02-15,2026-04-14,4,2026-04-11,2026-04-24,Self-Paced eLearning,False,True
U05014,Capital Markets,Analyst,Europe,Individual Contributor,2018-06-23,2026-01-12,1,2026-01-10,2026-01-29,Self-Paced eLearning,False,True
U05015,Retail Banking,Manager,Canada - East,People Manager,2017-10-04,2026-04-27,5,2026-04-22,,Self-Paced eLearning,False,True
U05016,Operations,Operations Specialist,US - Northeast,Individual Contributor,2023-07-18,2026-06-04,6,2026-06-04,2026-06-23,Self-Paced eLearning,False,True
U05017,Technology,Developer,US - Northeast,Individual Contributor,2016-08-14,2026-03-04,3,2026-03-02,2026-03-23,Self-Paced eLearning,False,True
U05018,Technology,Manager,Canada - West,People Manager,2016-02-10,2026-04-15,4,2026-04-09,,Self-Paced eLearning,False,True
U05019,Commercial Banking,Analyst,APAC,Individual Contributor,2020-12-24,2026-02-06,2,2026-02-05,2026-02-18,Self-Paced eLearning,False,True
U05020,Operations,Operations Specialist,Canada - West,Individual Contributor,2023-04-26,2026-04-16,4,2026-04-12,,Self-Paced eLearning,False,True
U05021,Risk and Compliance,Manager,Canada - West,People Manager,2020-05-11,2026-06-20,6,2026-06-13,2026-06-24,Self-Paced eLearning,True,True
U05022,Wealth Management,Relationship Manager,Canada - West,Individual Contributor,2025-05-17,2026-04-10,4,2026-04-10,,Live Virtual,False,False
U05023,Risk and Compliance,Analyst,Canada - West,Individual Contributor,2019-11-09,2026-03-22,3,2026-03-21,2026-04-04,Self-Paced eLearning,False,True
U05024,Commercial Banking,Associate,Canada - East,Individual Contributor,2018-02-05,2026-01-31,1,2026-01-31,2026-02-19,Manager-Led Briefing,False,True
U05025,Commercial Banking,Manager,Canada - East,People Manager,2021-04-27,2026-05-24,5,2026-05-18,,Self-Paced eLearning,False,True
U05026,Commercial Banking,Analyst,Canada - East,Individual Contributor,2019-11-15,2026-03-09,3,2026-03-03,2026-03-18,Live Virtual,False,True
U05027,Operations,Operations Specialist,Canada - West,Individual Contributor,2025-02-13,2026-01-07,1,2026-01-01,2026-01-13,Self-Paced eLearning,False,True
U05028,Operations,Associate,Canada - West,Individual Contributor,2023-05-30,2026-02-25,2,2026-02-23,,Live Virtual,False,True
U05029,Commercial Banking,Director,Canada - East,Senior Leader,2016-12-11,2026-04-17,4,2026-04-13,2026-04-25,Manager-Led Briefing,False,True
U05030,Retail Banking,Manager,US - Midwest,People Manager,2021-10-21,2026-04-28,5,2026-04-26,2026-05-05,Self-Paced eLearning,False,True
U05031,Retail Banking,Relationship Manager,Canada - East,Individual Contributor,2022-10-11,2026-05-09,5,2026-05-06,2026-05-22,Self-Paced eLearning,False,True
U05032,Wealth Management,Associate,US - Northeast,Individual Contributor,2018-02-24,2026-05-01,5,2026-04-29,2026-05-02,Self-Paced eLearning,False,True
U05033,Retail Banking,Relationship Manager,US - Northeast,Individual Contributor,2017-05-04,2026-06-14,6,2026-06-10,2026-06-24,Self-Paced eLearning,False,True
U05034,Technology,Developer,Europe,Individual Contributor,2019-09-11,2026-04-08,4,2026-04-06,2026-04-13,Live Virtual,False,True
U05035,Commercial Banking,Associate,Canada - West,Individual Contributor,2025-09-23,2026-01-05,1,2026-01-03,,In-Person Workshop,False,True
U05036,Retail Banking,Relationship Manager,US - Midwest,Individual Contributor,2021-08-12,2026-04-13,4,2026-04-07,2026-04-13,Self-Paced eLearning,False,True
U05037,Risk and Compliance,Risk Analyst,Europe,Individual Contributor,2018-09-23,2026-01-08,1,2026-01-06,2026-01-13,Manager-Led Briefing,True,True
U05038,Retail Banking,Associate,US - Midwest,Individual Contributor,2021-05-13,2026-05-20,5,2026-05-14,,Live Virtual,False,True
U05039,Risk and Compliance,Associate,Canada - East,Individual Contributor,2025-11-28,2026-05-01,5,2026-04-28,,Live Virtual,False,True
U05040,Capital Markets,Associate,Canada - East,Individual Contributor,2023-04-26,2026-01-06,1,2026-01-05,2026-01-10,Self-Paced eLearning,False,False
U05041,Retail Banking,Analyst,Canada - West,Individual Contributor,2022-08-02,2026-01-10,1,2026-01-05,,In-Person Workshop,False,True
U05042,Retail Banking,Relationship Manager,US - Midwest,Individual Contributor,2020-09-27,2026-01-20,1,2026-01-16,,Self-Paced eLearning,False,True
U05043,Operations,Analyst,Canada - West,Individual Contributor,2022-07-06,2026-03-23,3,2026-03-17,,Self-Paced eLearning,False,False
U05044,Operations,Operations Specialist,US - Northeast,Individual Contributor,2024-06-08,2026-06-15,6,2026-06-13,,Manager-Led Briefing,False,True
U05045,Retail Banking,Relationship Manager,Canada - West,Individual Contributor,2016-05-25,2026-02-01,1,2026-01-26,,Live Virtual,False,True
U05046,Corporate Functions,Analyst,US - Midwest,Individual Contributor,2025-04-21,2026-03-25,3,2026-03-24,,Self-Paced eLearning,True,True
U05047,Retail Banking,Manager,US - Northeast,People Manager,2019-02-06,2026-04-24,4,2026-04-24,,Self-Paced eLearning,,True
U05048,Wealth Management,Analyst,Canada - West,Individual Contributor,2017-04-22,2026-03-06,3,2026-03-04,2026-03-13,Live Virtual,False,True
U05049,Retail Banking,Associate,Canada - East,Individual Contributor,2020-09-19,2026-05-09,5,2026-05-08,,Live Virtual,False,True
U05050,Corporate Functions,Director,US - Midwest,Senior Leader,2025-04-14,2026-05-24,5,2026-05-24,,Self-Paced eLearning,,True
U05051,Retail Banking,Associate,Canada - East,Individual Contributor,2021-05-15,2026-03-07,3,2026-03-06,,Self-Paced eLearning,False,True
U05052,Operations,Operations Specialist,US - Midwest,Individual Contributor,2024-04-25,2026-03-20,3,2026-03-15,2026-03-24,Self-Paced eLearning,False,True
U05053,Technology,Developer,Canada - West,Individual Contributor,2021-11-11,2026-03-09,3,2026-03-06,2026-03-09,Self-Paced eLearning,True,True
U05054,Retail Banking,Relationship Manager,Canada - East,Individual Contributor,2016-08-21,2026-05-19,5,2026-05-13,2026-06-02,Live Virtual,False,True
U05055,Wealth Management,Director,US - Northeast,Senior Leader,2019-07-06,2026-04-14,4,2026-04-08,2026-04-22,In-Person Workshop,True,True
U05056,Retail Banking,Associate,Europe,Individual Contributor,2022-08-07,2026-06-10,6,2026-06-05,2026-06-15,Live Virtual,False,True
U05057,Technology,Manager,Europe,People Manager,2017-04-10,2026-01-13,1,2026-01-11,2026-01-19,Live Virtual,False,True
U05058,Technology,Developer,Canada - East,Individual Contributor,2021-03-21,2026-01-23,1,2026-01-17,2026-01-26,Self-Paced eLearning,False,True
U05059,Commercial Banking,Relationship Manager,Europe,Individual Contributor,2016-06-24,2026-01-18,1,2026-01-11,2026-01-15,Live Virtual,False,True
U05060,Retail Banking,Associate,US - Midwest,Individual Contributor,2020-12-26,2026-04-13,4,2026-04-13,2026-05-02,Live Virtual,False,True
U05061,Retail Banking,Relationship Manager,Europe,Individual Contributor,2020-03-18,2026-02-17,2,2026-02-11,2026-02-20,Self-Paced eLearning,False,True
U05062,Retail Banking,Analyst,Canada - East,Individual Contributor,2016-11-25,2026-01-24,1,2026-01-18,2026-01-26,Live Virtual,False,True
U05063,Operations,Operations Specialist,Europe,Individual Contributor,2017-05-29,2026-02-04,2,2026-02-01,,Self-Paced eLearning,False,True
U05064,Retail Banking,Relationship Manager,Europe,Individual Contributor,2019-08-14,2026-01-28,1,2026-01-22,2026-02-07,Self-Paced eLearning,False,True
U05065,Risk and Compliance,Risk Analyst,US - Northeast,Individual Contributor,2017-10-23,2026-06-02,6,2026-05-28,2026-06-04,Live Virtual,False,True
U05066,Technology,Analyst,APAC,Individual Contributor,2019-06-29,2026-02-17,2,2026-02-10,2026-02-18,Live Virtual,False,True
U05067,Commercial Banking,Relationship Manager,Canada - West,Individual Contributor,2025-01-23,2026-03-26,3,2026-03-22,2026-04-02,Self-Paced eLearning,False,True
U05068,Operations,Operations Specialist,Canada - West,Individual Contributor,2025-07-10,2026-01-26,1,2026-01-23,2026-01-27,Self-Paced eLearning,False,True
U05069,Retail Banking,Relationship Manager,US - Midwest,Individual Contributor,2020-11-19,2026-03-23,3,2026-03-23,,Live Virtual,True,True
U05070,Technology,Director,Europe,Senior Leader,2019-06-06,2026-02-16,2,2026-02-13,2026-02-21,In-Person Workshop,True,True
U05071,Operations,Operations Specialist,Canada - East,Individual Contributor,2024-08-12,2026-02-05,2,2026-02-05,2026-02-08,Self-Paced eLearning,False,True
U05072,Operations,Analyst,Canada - East,Individual Contributor,2020-09-25,2026-03-12,3,2026-03-07,,Self-Paced eLearning,False,True
U05073,Operations,Associate,APAC,Individual Contributor,2016-04-07,2026-02-18,2,2026-02-15,2026-03-04,Live Virtual,False,True
U05074,Technology,Developer,Canada - East,Individual Contributor,2018-05-06,2026-03-22,3,2026-03-18,2026-03-27,In-Person Workshop,True,True
U05075,Corporate Functions,Associate,Canada - East,Individual Contributor,2025-11-23,2026-02-17,2,2026-02-15,2026-03-06,Live Virtual,False,True
U05076,Retail Banking,Relationship Manager,Canada - West,Individual Contributor,2018-07-14,2026-06-18,6,2026-06-12,2026-06-27,Self-Paced eLearning,False,True
U05077,Technology,Developer,Canada - East,Individual Contributor,2023-03-13,2026-05-20,5,2026-05-14,2026-05-19,Live Virtual,True,True
U05078,Retail Banking,Relationship Manager,US - Northeast,Individual Contributor,2017-04-17,2026-03-17,3,2026-03-13,2026-03-29,Self-Paced eLearning,False,True
U05079,Operations,Operations Specialist,Canada - West,Individual Contributor,2024-07-21,2026-04-21,4,2026-04-17,,Self-Paced eLearning,False,True
U05080,Capital Markets,Analyst,Canada - East,Individual Contributor,2019-09-12,2026-03-18,3,2026-03-12,,Self-Paced eLearning,False,True
U05081,Retail Banking,Associate,Canada - East,Individual Contributor,2021-06-26,2026-03-23,3,2026-03-17,2026-03-30,Self-Paced eLearning,False,True
U05082,Commercial Banking,Associate,Canada - East,Individual Contributor,2023-01-02,2026-05-26,6,2026-05-25,,Self-Paced eLearning,True,True
U05083,Operations,Operations Specialist,Europe,Individual Contributor,2019-08-30,2026-05-28,6,2026-05-28,2026-06-07,In-Person Workshop,False,True
U05084,Retail Banking,Associate,Europe,Individual Contributor,2022-12-22,2026-06-16,6,2026-06-14,2026-07-04,Live Virtual,False,True
U05085,Risk and Compliance,Associate,Canada - East,Individual Contributor,2021-02-04,2026-05-09,5,2026-05-08,2026-05-15,Live Virtual,False,True
U05086,Operations,Manager,Canada - East,People Manager,2022-04-08,2026-02-02,2,2026-02-01,,Self-Paced eLearning,False,True
U05087,Wealth Management,Associate,APAC,Individual Contributor,2022-05-25,2026-05-14,5,2026-05-12,2026-06-02,Self-Paced eLearning,False,True
U05088,Operations,Operations Specialist,US - Northeast,Individual Contributor,2024-10-28,2026-02-13,2,2026-02-11,,Self-Paced eLearning,False,True
U05089,Risk and Compliance,Risk Analyst,Canada - East,Individual Contributor,2025-03-17,2026-05-13,5,2026-05-11,2026-05-17,Self-Paced eLearning,False,True
U05090,Operations,Operations Specialist,Canada - East,Individual Contributor,2025-11-17,2026-06-17,6,2026-06-10,,Self-Paced eLearning,False,True
U05091,Operations,Operations Specialist,Canada - East,Individual Contributor,2019-09-01,2026-05-06,5,2026-04-29,2026-05-08,In-Person Workshop,True,True
U05092,Capital Markets,Associate,Canada - East,Individual Contributor,2025-08-15,2026-02-22,2,2026-02-15,2026-02-21,In-Person Workshop,False,True
U05093,Operations,Operations Specialist,Canada - East,Individual Contributor,2025-09-04,2026-04-24,4,2026-04-21,2026-04-25,Live Virtual,False,True
U05094,Operations,Operations Specialist,US - Midwest,Individual Contributor,2025-06-30,2026-03-22,3,2026-03-18,2026-03-29,Live Virtual,False,True
U05095,Corporate Functions,Associate,Canada - East,Individual Contributor,2023-12-03,2026-04-18,4,2026-04-16,,Self-Paced eLearning,False,True
U05096,Technology,Analyst,Canada - West,Individual Contributor,2025-11-17,2026-03-04,3,2026-03-03,2026-03-17,Self-Paced eLearning,False,False
U05097,Commercial Banking,Manager,Canada - East,People Manager,2018-07-15,2026-01-18,1,2026-01-18,2026-01-28,Self-Paced eLearning,False,True
U05098,Commercial Banking,Associate,Europe,Individual Contributor,2022-08-11,2026-04-01,4,2026-04-01,,Self-Paced eLearning,False,True
U05099,Wealth Management,Manager,US - Northeast,People Manager,2023-02-12,2026-03-05,3,2026-02-27,2026-03-03,Live Virtual,False,True
U05100,Risk and Compliance,Analyst,Europe,Individual Contributor,2019-03-03,2026-04-22,4,2026-04-16,2026-04-30,Live Virtual,False,True
U05101,Technology,Developer,Europe,Individual Contributor,2023-11-01,,2,2026-02-25,2026-03-08,Self-Paced eLearning,True,False
U05102,Operations,Operations Specialist,Canada - West,Individual Contributor,2023-06-20,2026-02-27,2,2026-02-26,,Live Virtual,False,True
U05103,Retail Banking,Relationship Manager,Canada - West,Individual Contributor,2017-07-25,2026-01-25,1,2026-01-19,2026-02-05,In-Person Workshop,False,True
U05104,Commercial Banking,Associate,Canada - East,Individual Contributor,2016-10-24,2026-04-27,5,2026-04-22,2026-04-29,Self-Paced eLearning,False,True
U05105,Wealth Management,Manager,Canada - East,People Manager,2023-11-20,,6,2026-06-13,2026-06-21,Live Virtual,False,False
U05106,Operations,Operations Specialist,Canada - East,Individual Contributor,2024-12-22,2026-06-20,6,2026-06-15,,Self-Paced eLearning,False,True
U05107,Retail Banking,Relationship Manager,Europe,Individual Contributor,2022-09-16,2026-03-02,3,2026-03-01,,Self-Paced eLearning,True,True
U05108,Operations,Operations Specialist,Canada - West,Individual Contributor,2022-06-07,2026-06-01,6,2026-05-28,2026-06-07,In-Person Workshop,True,True
U05109,Technology,Manager,Canada - West,People Manager,2017-01-25,2026-05-08,5,2026-05-05,2026-05-19,Live Virtual,True,True
U05110,Wealth Management,Relationship Manager,Canada - West,Individual Contributor,2025-12-02,2026-05-05,5,2026-04-29,2026-05-03,Live Virtual,False,True
U05111,Retail Banking,Analyst,Canada - West,Individual Contributor,2023-04-19,2026-03-30,4,2026-03-29,2026-04-14,Self-Paced eLearning,False,True
U05112,Commercial Banking,Associate,Europe,Individual Contributor,2021-04-28,2026-02-20,2,2026-02-16,2026-02-22,Live Virtual,True,True
U05113,Capital Markets,Analyst,Canada - East,Individual Contributor,2020-03-11,2026-04-14,4,2026-04-11,2026-04-28,Live Virtual,,True
U05114,Risk and Compliance,Risk Analyst,Canada - East,Individual Contributor,2019-12-23,2026-04-23,4,2026-04-21,2026-05-10,In-Person Workshop,False,True
U05115,Retail Banking,Associate,Canada - East,Individual Contributor,2019-02-06,2026-03-20,3,2026-03-17,2026-03-22,Live Virtual,False,True
U05116,Risk and Compliance,Risk Analyst,US - Northeast,Individual Contributor,2025-02-21,2026-05-02,5,2026-04-27,2026-05-03,In-Person Workshop,False,True
U05117,Commercial Banking,Relationship Manager,US - Northeast,Individual Contributor,2022-06-15,2026-03-12,3,2026-03-09,2026-03-27,Self-Paced eLearning,False,True
U05118,Capital Markets,Analyst,Canada - West,Individual Contributor,2018-02-21,2026-03-07,3,2026-03-04,2026-03-22,Manager-Led Briefing,False,True
U05119,Retail Banking,Relationship Manager,Canada - East,Individual Contributor,2023-01-20,2026-03-15,3,2026-03-14,2026-03-25,In-Person Workshop,False,True
U05120,Technology,Analyst,US - Midwest,Individual Contributor,2019-03-07,2026-04-03,4,2026-03-28,2026-04-18,Live Virtual,False,True
U05121,Commercial Banking,Relationship Manager,US - Midwest,Individual Contributor,2025-08-04,2026-04-09,4,2026-04-05,2026-04-19,In-Person Workshop,False,True
U05122,Operations,Operations Specialist,Europe,Individual Contributor,2017-05-28,2026-06-15,6,2026-06-10,2026-06-28,Self-Paced eLearning,False,True
U05123,Operations,Analyst,US - Northeast,Individual Contributor,2021-12-27,2026-03-09,3,2026-03-06,,Self-Paced eLearning,False,True
U05124,Technology,Developer,Canada - West,Individual Contributor,2025-03-29,2026-01-16,1,2026-01-11,2026-01-22,In-Person Workshop,False,True
U05125,Technology,Analyst,APAC,Individual Contributor,2021-03-24,2026-01-24,1,2026-01-19,2026-02-08,Live Virtual,True,True
U05126,Retail Banking,Analyst,Canada - East,Individual Contributor,2022-09-26,2026-05-24,5,2026-05-23,2026-06-13,Live Virtual,False,True
U05127,Operations,Operations Specialist,Canada - West,Individual Contributor,2020-02-09,2026-04-04,4,2026-04-01,,Live Virtual,False,True
U05128,Retail Banking,Associate,Canada - East,Individual Contributor,2023-02-20,2026-05-04,5,2026-04-30,,Manager-Led Briefing,False,True
U05129,Risk and Compliance,Risk Analyst,Europe,Individual Contributor,2025-09-01,2026-05-10,5,2026-05-10,,In-Person Workshop,False,True
U05130,Corporate Functions,Analyst,Europe,Individual Contributor,2021-10-21,2026-05-05,5,2026-05-05,,Live Virtual,False,True
U05131,Operations,Associate,US - Northeast,Individual Contributor,2022-08-06,2026-01-18,1,2026-01-18,,Manager-Led Briefing,False,True
U05132,Retail Banking,Associate,APAC,Individual Contributor,2025-05-27,2026-04-21,4,2026-04-20,,Live Virtual,False,True
U05133,Retail Banking,Relationship Manager,US - Northeast,Individual Contributor,2021-02-19,2026-01-17,1,2026-01-16,2026-01-19,Self-Paced eLearning,False,True
U05134,Technology,Director,US - Midwest,Senior Leader,2017-01-11,,1,2026-01-24,2026-02-08,Live Virtual,True,False
U05135,Risk and Compliance,Associate,Canada - West,Individual Contributor,2025-08-22,2026-06-20,6,2026-06-19,2026-07-08,Live Virtual,True,True
U05136,Technology,Associate,Canada - East,Individual Contributor,2016-08-29,,2,2026-02-19,2026-02-26,Self-Paced eLearning,True,False
U05137,Retail Banking,Director,Europe,Senior Leader,2018-09-24,2026-06-06,6,2026-06-04,2026-06-17,Self-Paced eLearning,False,True
U05138,Retail Banking,Associate,Canada - West,Individual Contributor,2021-04-30,2026-03-20,3,2026-03-17,,Manager-Led Briefing,False,True
U05139,Retail Banking,Relationship Manager,Europe,Individual Contributor,2023-01-04,2026-06-11,6,2026-06-04,2026-06-20,Live Virtual,False,True
U05140,Wealth Management,Manager,Canada - East,People Manager,2017-05-20,2026-01-30,1,2026-01-25,,Self-Paced eLearning,False,True
U05141,Commercial Banking,Analyst,US - Northeast,Individual Contributor,2022-08-27,2026-03-16,3,2026-03-09,2026-03-26,Self-Paced eLearning,False,True
U05142,Technology,Developer,APAC,Individual Contributor,2020-01-23,2026-01-10,1,2026-01-04,2026-01-21,Manager-Led Briefing,False,True
U05143,Operations,Operations Specialist,Canada - East,Individual Contributor,2025-05-23,2026-05-18,5,2026-05-11,,Live Virtual,False,True
U05144,Risk and Compliance,Risk Analyst,Canada - East,Individual Contributor,2023-11-22,2026-04-08,4,2026-04-05,2026-04-26,Self-Paced eLearning,True,True
U05145,Operations,Manager,US - Midwest,People Manager,2024-02-05,2026-06-05,6,2026-06-03,2026-06-20,Live Virtual,False,True
U05146,Wealth Management,Associate,Canada - East,Individual Contributor,2025-05-13,2026-04-14,4,2026-04-07,2026-04-12,Live Virtual,False,True
U05147,Risk and Compliance,Risk Analyst,Canada - West,Individual Contributor,2023-08-27,2026-06-15,6,2026-06-14,2026-06-20,Self-Paced eLearning,False,True
U05148,Technology,Director,APAC,Senior Leader,2020-07-24,2026-02-13,2,2026-02-08,2026-02-24,Self-Paced eLearning,False,True
U05149,Risk and Compliance,Associate,Europe,Individual Contributor,2018-10-19,2026-05-25,6,2026-05-24,2026-06-14,Live Virtual,False,True
U05150,Retail Banking,Relationship Manager,Canada - East,Individual Contributor,2024-11-12,2026-01-29,1,2026-01-23,2026-01-31,Self-Paced eLearning,False,True
U05151,Commercial Banking,Associate,Canada - East,Individual Contributor,2024-06-15,2026-05-07,5,2026-05-02,,Live Virtual,False,True
U05152,Retail Banking,Associate,Canada - East,Individual Contributor,2025-05-06,2026-05-29,6,2026-05-26,,Self-Paced eLearning,True,True
U05153,Technology,Developer,Canada - East,Individual Contributor,2017-07-16,2026-03-02,3,2026-02-24,2026-03-04,Self-Paced eLearning,False,True
U05154,Retail Banking,Associate,US - Northeast,Individual Contributor,2016-12-04,2026-05-02,5,2026-04-25,,Live Virtual,False,True
U05155,Retail Banking,Manager,APAC,People Manager,2020-07-09,2026-04-21,4,2026-04-19,,Self-Paced eLearning,False,True
U05156,Retail Banking,Manager,Canada - West,People Manager,2020-09-15,2026-01-21,1,2026-01-21,,Self-Paced eLearning,False,True
U05157,Operations,Operations Specialist,Canada - West,Individual Contributor,2020-05-09,2026-04-22,4,2026-04-20,2026-05-05,Manager-Led Briefing,False,True
U05158,Commercial Banking,Analyst,US - Northeast,Individual Contributor,2019-03-19,2026-05-13,5,2026-05-06,,Self-Paced eLearning,False,True
U05159,Operations,Associate,Canada - West,Individual Contributor,2024-05-20,2026-02-09,2,2026-02-07,2026-02-20,Live Virtual,False,True
U05160,Operations,Manager,Canada - West,People Manager,2018-07-31,2026-02-23,2,2026-02-18,,Live Virtual,False,True
U05161,Corporate Functions,Manager,Canada - West,People Manager,2018-09-08,2026-06-19,6,2026-06-14,2026-06-24,Live Virtual,False,True
U05162,Risk and Compliance,Analyst,Canada - West,Individual Contributor,2022-09-23,2026-03-12,3,2026-03-12,,Live Virtual,False,False
U05163,Retail Banking,Relationship Manager,Canada - West,Individual Contributor,2016-02-21,2026-05-29,6,2026-05-27,,Live Virtual,False,True
U05164,Operations,Operations Specialist,Canada - West,Individual Contributor,2022-12-15,2026-03-13,3,2026-03-12,2026-03-22,Self-Paced eLearning,True,True
U05165,Commercial Banking,Analyst,Canada - East,Individual Contributor,2020-07-08,2026-05-10,5,2026-05-03,,Self-Paced eLearning,False,True
U05166,Capital Markets,Manager,Canada - East,People Manager,2017-08-25,2026-03-05,3,2026-02-27,2026-03-15,Manager-Led Briefing,True,True
U05167,Operations,Associate,US - Midwest,Individual Contributor,2018-08-30,2026-06-15,6,2026-06-14,,In-Person Workshop,False,True
U05168,Capital Markets,Associate,US - Northeast,Individual Contributor,2016-08-06,,2,2026-02-18,2026-03-11,Self-Paced eLearning,False,False
U05169,Retail Banking,Analyst,Canada - East,Individual Contributor,2024-11-28,2026-06-06,6,2026-06-04,,Live Virtual,False,True
U05170,Operations,Associate,US - Midwest,Individual Contributor,2019-05-17,2026-03-09,3,2026-03-06,2026-03-24,Self-Paced eLearning,False,True
U05171,Capital Markets,Associate,APAC,Individual Contributor,2017-02-12,2026-02-18,2,2026-02-11,,Self-Paced eLearning,False,True
U05172,Commercial Banking,Relationship Manager,Canada - West,Individual Contributor,2017-06-21,2026-02-19,2,2026-02-15,2026-02-25,Live Virtual,False,True
U05173,Wealth Management,Analyst,US - Midwest,Individual Contributor,2024-02-13,2026-06-21,6,2026-06-19,2026-06-26,Manager-Led Briefing,False,True
U05174,Retail Banking,Manager,US - Midwest,People Manager,2025-07-05,2026-02-15,2,2026-02-10,,Live Virtual,False,True
U05175,Retail Banking,Relationship Manager,Canada - East,Individual Contributor,2022-02-11,2026-03-09,3,2026-03-09,2026-03-15,Live Virtual,,True
U05176,Retail Banking,Relationship Manager,Europe,Individual Contributor,2020-03-04,2026-03-28,3,2026-03-26,,Self-Paced eLearning,False,True
U05177,Retail Banking,Manager,Europe,People Manager,2018-06-01,2026-05-30,6,2026-05-28,2026-06-16,Live Virtual,False,True
U05178,Retail Banking,Relationship Manager,Europe,Individual Contributor,2023-11-18,2026-06-01,6,2026-06-01,2026-06-14,Self-Paced eLearning,False,True
U05179,Technology,Developer,US - Northeast,Individual Contributor,2022-06-14,2026-04-09,4,2026-04-04,2026-04-11,Live Virtual,False,True
U05180,Technology,Manager,US - Midwest,People Manager,2020-12-09,2026-02-03,2,2026-01-31,2026-02-11,In-Person Workshop,False,True
U05181,Commercial Banking,Analyst,Canada - West,Individual Contributor,2025-07-07,2026-05-08,5,2026-05-05,2026-05-12,Self-Paced eLearning,False,True
U05182,Operations,Associate,US - Northeast,Individual Contributor,2021-02-26,2026-03-10,3,2026-03-05,,Self-Paced eLearning,False,True
U05183,Retail Banking,Analyst,Canada - West,Individual Contributor,2018-12-21,2026-04-08,4,2026-04-03,,Live Virtual,False,True
U05184,Commercial Banking,Analyst,Canada - West,Individual Contributor,2022-11-15,2026-03-06,3,2026-03-05,2026-03-24,In-Person Workshop,False,True
U05185,Retail Banking,Relationship Manager,US - Northeast,Individual Contributor,2024-03-15,2026-03-26,3,2026-03-24,2026-04-14,Self-Paced eLearning,True,True
U05186,Risk and Compliance,Analyst,Canada - East,Individual Contributor,2018-06-13,2026-06-12,6,2026-06-11,2026-06-15,Live Virtual,False,True
U05187,Retail Banking,Analyst,Europe,Individual Contributor,2024-09-24,2026-01-06,1,2026-01-06,2026-01-19,Self-Paced eLearning,True,True
U05188,Technology,Developer,Canada - West,Individual Contributor,2025-10-22,2026-05-18,5,2026-05-18,2026-05-25,Live Virtual,False,True
U05189,Risk and Compliance,Analyst,Europe,Individual Contributor,2021-05-03,2026-04-18,4,2026-04-12,2026-04-23,In-Person Workshop,False,True
U05190,Technology,Director,US - Midwest,Senior Leader,2020-12-06,2026-01-16,1,2026-01-13,2026-01-25,Self-Paced eLearning,True,True
U05191,Commercial Banking,Associate,US - Northeast,Individual Contributor,2020-12-01,2026-01-16,1,2026-01-13,2026-01-23,Live Virtual,False,True
U05192,Commercial Banking,Associate,Europe,Individual Contributor,2020-09-11,2026-01-08,1,2026-01-06,2026-01-17,Manager-Led Briefing,False,True
U05193,Retail Banking,Relationship Manager,US - Midwest,Individual Contributor,2021-05-10,2026-05-09,5,2026-05-09,,Live Virtual,False,True
U05194,Commercial Banking,Associate,Canada - West,Individual Contributor,2025-03-11,2026-01-21,1,2026-01-18,2026-02-05,Live Virtual,False,True
U05195,Risk and Compliance,Associate,US - Northeast,Individual Contributor,2022-02-24,2026-04-17,4,2026-04-10,2026-04-26,Manager-Led Briefing,True,True
U05196,Corporate Functions,Director,Canada - East,Senior Leader,2018-09-29,2026-04-22,4,2026-04-15,,Self-Paced eLearning,False,True
U05197,Operations,Operations Specialist,US - Midwest,Individual Contributor,2020-11-18,2026-01-12,1,2026-01-06,2026-01-12,In-Person Workshop,False,True
U05198,Operations,Operations Specialist,Europe,Individual Contributor,2016-03-28,2026-06-05,6,2026-06-01,2026-06-15,Live Virtual,False,True
U05199,Capital Markets,Analyst,Canada - East,Individual Contributor,2019-08-31,2026-02-08,2,2026-02-01,,In-Person Workshop,False,True
U05200,Technology,Developer,US - Midwest,Individual Contributor,2024-02-25,2026-03-26,3,2026-03-24,2026-04-10,Live Virtual,False,True
U05201,Retail Banking,Relationship Manager,Canada - East,Individual Contributor,2018-02-04,2026-01-08,1,2026-01-07,,Self-Paced eLearning,True,True
U05202,Retail Banking,Manager,US - Northeast,People Manager,2024-04-22,2026-04-15,4,2026-04-11,2026-04-19,Self-Paced eLearning,False,True
U05203,Retail Banking,Relationship Manager,US - Midwest,Individual Contributor,2021-09-15,2026-05-22,5,2026-05-19,2026-05-29,Live Virtual,False,True
U05204,Operations,Manager,Canada - East,People Manager,2016-09-03,2026-05-01,5,2026-04-25,,Self-Paced eLearning,False,True
U05205,Retail Banking,Associate,APAC,Individual Contributor,2022-05-26,2026-03-26,3,2026-03-21,,Live Virtual,False,True
U05206,Retail Banking,Relationship Manager,Canada - East,Individual Contributor,2024-12-30,2026-01-23,1,2026-01-22,,Live Virtual,False,True
U05207,Retail Banking,Associate,US - Midwest,Individual Contributor,2025-02-17,2026-04-05,4,2026-04-03,,Self-Paced eLearning,False,True
U05208,Risk and Compliance,Analyst,APAC,Individual Contributor,2024-03-28,2026-06-10,6,2026-06-09,2026-06-20,In-Person Workshop,False,False
U05209,Retail Banking,Relationship Manager,Canada - West,Individual Contributor,2016-07-31,2026-05-14,5,2026-05-14,,In-Person Workshop,False,True
U05210,Retail Banking,Associate,US - Midwest,Individual Contributor,2016-08-25,2026-02-16,2,2026-02-13,2026-02-27,Manager-Led Briefing,False,True
U05211,Operations,Operations Specialist,Canada - West,Individual Contributor,2018-01-18,2026-02-09,2,2026-02-04,,Self-Paced eLearning,False,True
U05212,Retail Banking,Associate,APAC,Individual Contributor,2025-04-17,2026-05-08,5,2026-05-06,,In-Person Workshop,True,True
U05213,Corporate Functions,Associate,Canada - East,Individual Contributor,2022-01-15,2026-05-31,6,2026-05-24,2026-06-02,Manager-Led Briefing,False,True
U05214,Risk and Compliance,Manager,US - Midwest,People Manager,2017-03-17,2026-04-16,4,2026-04-09,,Live Virtual,False,True
U05215,Operations,Associate,US - Northeast,Individual Contributor,2017-05-06,2026-01-11,1,2026-01-09,,Manager-Led Briefing,False,True
U05216,Operations,Operations Specialist,US - Northeast,Individual Contributor,2018-01-03,2026-03-14,3,2026-03-10,2026-03-13,Manager-Led Briefing,False,True
U05217,Operations,Associate,US - Midwest,Individual Contributor,2022-02-05,2026-04-01,4,2026-04-01,2026-04-11,Live Virtual,False,True
U05218,Retail Banking,Analyst,Canada - East,Individual Contributor,2019-10-30,2026-06-10,6,2026-06-07,,Live Virtual,False,True
U05219,Operations,Operations Specialist,US - Midwest,Individual Contributor,2019-08-05,2026-04-04,4,2026-04-02,,In-Person Workshop,False,True
U05220,Retail Banking,Associate,Europe,Individual Contributor,2016-02-08,2026-05-28,6,2026-05-22,2026-06-10,Manager-Led Briefing,False,True
U05221,Retail Banking,Relationship Manager,Europe,Individual Contributor,2016-05-08,2026-02-17,2,2026-02-15,2026-02-23,Self-Paced eLearning,False,True
U05222,Technology,Developer,Canada - West,Individual Contributor,2018-12-11,2026-02-20,2,2026-02-14,2026-03-02,In-Person Workshop,False,True
U05223,Retail Banking,Relationship Manager,Canada - East,Individual Contributor,2024-01-13,2026-03-08,3,2026-03-08,2026-03-26,Manager-Led Briefing,False,True
U05224,Retail Banking,Relationship Manager,Canada - East,Individual Contributor,2023-07-26,2026-03-01,2,2026-02-27,2026-03-20,Live Virtual,True,True
U05225,Technology,Director,US - Midwest,Senior Leader,2023-09-21,2026-01-20,1,2026-01-15,2026-02-03,In-Person Workshop,True,True
U05226,Operations,Manager,Canada - East,People Manager,2021-08-28,2026-05-31,6,2026-05-25,2026-06-03,In-Person Workshop,False,True
U05227,Retail Banking,Relationship Manager,Canada - West,Individual Contributor,2020-02-15,2026-05-14,5,2026-05-09,,Self-Paced eLearning,True,True
U05228,Retail Banking,Associate,US - Midwest,Individual Contributor,2022-05-07,2026-01-16,1,2026-01-12,,In-Person Workshop,False,True
U05229,Retail Banking,Associate,US - Northeast,Individual Contributor,2017-08-10,2026-03-15,3,2026-03-12,2026-04-01,In-Person Workshop,True,True
U05230,Retail Banking,Associate,Canada - East,Individual Contributor,2019-01-29,2026-03-06,3,2026-02-27,,Live Virtual,False,True
U05231,Wealth Management,Manager,Canada - East,People Manager,2019-09-11,2026-05-02,5,2026-04-27,,Self-Paced eLearning,False,True
U05232,Risk and Compliance,Risk Analyst,Canada - West,Individual Contributor,2024-05-11,2026-04-01,4,2026-03-25,,In-Person Workshop,False,True
U05233,Operations,Associate,US - Northeast,Individual Contributor,2019-07-21,2026-04-27,5,2026-04-20,,Live Virtual,False,True
U05234,Operations,Operations Specialist,Canada - East,Individual Contributor,2020-12-27,2026-02-12,2,2026-02-07,,In-Person Workshop,False,True
U05235,Capital Markets,Manager,Canada - East,People Manager,2024-04-27,2026-02-19,2,2026-02-12,2026-03-02,Live Virtual,True,True
U05236,Commercial Banking,Relationship Manager,Canada - East,Individual Contributor,2016-01-28,2026-05-11,5,2026-05-04,2026-05-15,Self-Paced eLearning,False,True
U05237,Retail Banking,Associate,US - Northeast,Individual Contributor,2016-04-22,2026-05-18,5,2026-05-11,,Live Virtual,False,True
U05238,Retail Banking,Associate,Canada - East,Individual Contributor,2021-09-06,2026-04-09,4,2026-04-05,2026-04-26,Self-Paced eLearning,False,True
U05239,Operations,Operations Specialist,Canada - West,Individual Contributor,2017-04-23,,4,2026-04-17,2026-04-25,Self-Paced eLearning,False,False
U05240,Technology,Manager,Canada - West,People Manager,2022-09-03,2026-02-15,2,2026-02-11,2026-03-04,Live Virtual,False,True
U05241,Retail Banking,Relationship Manager,Canada - West,Individual Contributor,2016-11-12,2026-04-07,4,2026-04-06,,Self-Paced eLearning,False,True
U05242,Operations,Operations Specialist,Canada - East,Individual Contributor,2022-02-10,2026-02-27,2,2026-02-24,,Manager-Led Briefing,False,True
U05243,Operations,Operations Specialist,Europe,Individual Contributor,2018-02-05,2026-02-14,2,2026-02-14,,Self-Paced eLearning,True,True
U05244,Retail Banking,Associate,Canada - West,Individual Contributor,2020-07-29,2026-04-05,4,2026-03-29,,Live Virtual,False,True
U05245,Technology,Manager,Canada - East,People Manager,2021-12-22,2026-03-06,3,2026-03-04,2026-03-07,Self-Paced eLearning,False,True
U05246,Commercial Banking,Relationship Manager,Canada - East,Individual Contributor,2021-07-02,2026-03-04,3,2026-02-25,,Self-Paced eLearning,False,True
U05247,Technology,Associate,US - Northeast,Individual Contributor,2018-09-30,2026-02-28,2,2026-02-22,2026-02-28,Manager-Led Briefing,False,False
U05248,Retail Banking,Relationship Manager,US - Midwest,Individual Contributor,2022-02-13,2026-03-28,3,2026-03-21,,Live Virtual,False,True
U05249,Retail Banking,Relationship Manager,US - Northeast,Individual Contributor,2022-02-02,2026-05-21,5,2026-05-18,,Self-Paced eLearning,True,True
U05250,Wealth Management,Analyst,Canada - East,Individual Contributor,2024-07-06,2026-03-12,3,2026-03-05,2026-03-17,Live Virtual,False,True
U05251,Technology,Associate,APAC,Individual Contributor,2025-04-22,2026-02-09,2,2026-02-06,2026-02-22,Manager-Led Briefing,False,True
U05252,Retail Banking,Relationship Manager,Canada - East,Individual Contributor,2024-09-26,2026-02-05,2,2026-02-01,,Self-Paced eLearning,False,True
U05253,Retail Banking,Associate,APAC,Individual Contributor,2021-05-19,2026-03-14,3,2026-03-09,2026-03-24,Self-Paced eLearning,False,True
U05254,Wealth Management,Analyst,Canada - East,Individual Contributor,2017-12-15,2026-02-27,2,2026-02-21,,Self-Paced eLearning,False,True
U05255,Capital Markets,Developer,Canada - East,Individual Contributor,2019-01-19,2026-01-28,1,2026-01-28,2026-02-04,Self-Paced eLearning,False,True
U05256,Risk and Compliance,Risk Analyst,Canada - East,Individual Contributor,2018-09-04,2026-05-07,5,2026-05-04,2026-05-22,Self-Paced eLearning,False,True
U05257,Commercial Banking,Analyst,Canada - East,Individual Contributor,2018-10-06,2026-05-13,5,2026-05-06,2026-05-20,Self-Paced eLearning,False,True
U05258,Operations,Associate,US - Northeast,Individual Contributor,2022-08-19,2026-05-29,6,2026-05-29,,Live Virtual,True,True
U05259,Operations,Manager,Canada - West,People Manager,2018-03-06,2026-04-24,4,2026-04-22,2026-05-07,Live Virtual,False,True
U05260,Retail Banking,Relationship Manager,Canada - East,Individual Contributor,2019-05-14,2026-04-12,4,2026-04-12,2026-04-23,Self-Paced eLearning,False,True
U05261,Commercial Banking,Manager,Canada - East,People Manager,2019-09-26,2026-04-07,4,2026-04-05,2026-04-08,Live Virtual,False,True
U05262,Commercial Banking,Director,Europe,Senior Leader,2021-05-12,2026-02-05,2,2026-02-02,2026-02-17,Live Virtual,False,True
U05263,Retail Banking,Associate,Canada - West,Individual Contributor,2025-03-16,,1,2026-01-27,,Live Virtual,False,False
U05264,Risk and Compliance,Associate,Canada - East,Individual Contributor,2017-03-27,2026-03-01,2,2026-02-24,2026-03-02,Live Virtual,False,True
U05265,Operations,Operations Specialist,Canada - East,Individual Contributor,2019-05-15,2026-01-08,1,2026-01-02,2026-01-11,Self-Paced eLearning,True,True
U05266,Retail Banking,Relationship Manager,Europe,Individual Contributor,2020-04-26,2026-04-18,4,2026-04-11,,Self-Paced eLearning,False,True
U05267,Operations,Manager,Canada - West,People Manager,2020-12-02,2026-03-15,3,2026-03-12,2026-04-01,In-Person Workshop,False,True
U05268,Risk and Compliance,Risk Analyst,Canada - East,Individual Contributor,2025-10-08,2026-05-17,5,2026-05-10,2026-05-24,Self-Paced eLearning,False,True
U05269,Risk and Compliance,Analyst,US - Northeast,Individual Contributor,2021-10-25,2026-05-10,5,2026-05-06,,Self-Paced eLearning,False,False
U05270,Technology,Developer,Canada - East,Individual Contributor,2020-04-04,2026-01-19,1,2026-01-18,2026-02-03,Self-Paced eLearning,True,True
U05271,Corporate Functions,Director,Canada - West,Senior Leader,2019-05-14,2026-01-28,1,2026-01-24,,Self-Paced eLearning,False,True
U05272,Risk and Compliance,Director,US - Northeast,Senior Leader,2016-12-19,2026-06-20,6,2026-06-18,,Manager-Led Briefing,False,True
U05273,Wealth Management,Relationship Manager,US - Midwest,Individual Contributor,2023-10-10,2026-03-16,3,2026-03-14,,Self-Paced eLearning,False,True
U05274,Wealth Management,Relationship Manager,US - Northeast,Individual Contributor,2023-08-31,2026-03-19,3,2026-03-17,2026-04-06,Live Virtual,False,True
U05275,Operations,Operations Specialist,Canada - East,Individual Contributor,2016-09-23,2026-03-12,3,2026-03-08,,Live Virtual,False,True
U05276,Capital Markets,Associate,Canada - West,Individual Contributor,2025-02-24,2026-01-05,1,2025-12-31,2026-01-14,Self-Paced eLearning,False,True
U05277,Technology,Director,US - Northeast,Senior Leader,2016-08-09,2026-03-11,3,2026-03-11,2026-03-26,Self-Paced eLearning,False,True
U05278,Capital Markets,Analyst,Canada - East,Individual Contributor,2021-10-12,2026-01-05,1,2026-01-04,2026-01-15,Self-Paced eLearning,True,True
U05279,Retail Banking,Relationship Manager,US - Midwest,Individual Contributor,2020-04-19,2026-04-22,4,2026-04-17,2026-04-25,Live Virtual,False,True
U05280,Capital Markets,Associate,Canada - East,Individual Contributor,2018-06-29,2026-01-31,1,2026-01-24,2026-02-02,Live Virtual,False,True
U05281,Corporate Functions,Associate,US - Northeast,Individual Contributor,2025-04-06,2026-06-13,6,2026-06-06,2026-06-27,Self-Paced eLearning,False,True
U05282,Operations,Associate,US - Northeast,Individual Contributor,2021-04-21,2026-04-30,5,2026-04-29,2026-05-02,Live Virtual,False,True
U05283,Corporate Functions,Analyst,Canada - East,Individual Contributor,2018-04-06,2026-03-12,3,2026-03-05,2026-03-23,In-Person Workshop,False,True
U05284,Operations,Associate,Canada - West,Individual Contributor,2018-05-23,2026-04-10,4,2026-04-04,2026-04-14,Self-Paced eLearning,False,True
U05285,Retail Banking,Relationship Manager,US - Northeast,Individual Contributor,2018-05-29,2026-05-09,5,2026-05-05,2026-05-08,Manager-Led Briefing,False,True
U05286,Retail Banking,Relationship Manager,Europe,Individual Contributor,2023-05-27,2026-04-06,4,2026-04-01,2026-04-12,Self-Paced eLearning,False,True
U05287,Wealth Management,Relationship Manager,Canada - East,Individual Contributor,2018-03-21,2026-04-16,4,2026-04-10,2026-04-30,Self-Paced eLearning,False,True
U05288,Technology,Associate,Canada - East,Individual Contributor,2020-10-09,2026-02-23,2,2026-02-18,2026-02-28,Manager-Led Briefing,False,True
U05289,Operations,Manager,US - Midwest,People Manager,2019-07-20,2026-02-28,2,2026-02-22,,Self-Paced eLearning,False,True
U05290,Commercial Banking,Relationship Manager,Canada - West,Individual Contributor,2017-07-28,2026-03-08,3,2026-03-06,,Live Virtual,False,True
U05291,Operations,Manager,APAC,People Manager,2019-09-04,2026-05-04,5,2026-04-27,2026-04-30,In-Person Workshop,False,True
U05292,Operations,Manager,Canada - East,People Manager,2017-07-17,2026-01-05,1,2025-12-30,2026-01-11,Live Virtual,False,True
U05293,Risk and Compliance,Risk Analyst,Canada - East,Individual Contributor,2020-10-30,2026-05-14,5,2026-05-08,2026-05-15,Self-Paced eLearning,True,True
U05294,Commercial Banking,Relationship Manager,US - Midwest,Individual Contributor,2016-07-31,2026-01-14,1,2026-01-08,2026-01-22,Self-Paced eLearning,False,True
U05295,Capital Markets,Developer,Canada - West,Individual Contributor,2025-03-27,2026-01-30,1,2026-01-25,,Self-Paced eLearning,False,True
U05296,Commercial Banking,Associate,Canada - West,Individual Contributor,2016-05-18,2026-03-03,3,2026-02-28,2026-03-19,In-Person Workshop,False,True
U05297,Corporate Functions,Associate,Canada - West,Individual Contributor,2017-11-07,2026-05-22,5,2026-05-17,2026-06-05,Self-Paced eLearning,False,True
U05298,Retail Banking,Relationship Manager,US - Midwest,Individual Contributor,2019-09-21,2026-01-15,1,2026-01-11,,Live Virtual,False,True
U05299,Retail Banking,Relationship Manager,Canada - West,Individual Contributor,2017-12-06,2026-05-21,5,2026-05-20,2026-06-01,Live Virtual,False,True
U05300,Retail Banking,Analyst,Canada - East,Individual Contributor,2020-03-10,2026-03-26,3,2026-03-21,2026-04-09,In-Person Workshop,,True
U05301,Technology,Associate,Canada - West,Individual Contributor,2016-04-08,2026-02-19,2,2026-02-17,,In-Person Workshop,True,True
U05302,Commercial Banking,Relationship Manager,US - Midwest,Individual Contributor,2018-01-09,,3,2026-03-20,2026-03-28,Self-Paced eLearning,False,False
U05303,Capital Markets,Analyst,Europe,Individual Contributor,2025-06-18,2026-02-14,2,2026-02-12,2026-02-19,Self-Paced eLearning,False,False
U05304,Operations,Manager,US - Northeast,People Manager,2022-05-04,2026-06-04,6,2026-05-28,,Live Virtual,True,True
U05305,Retail Banking,Relationship Manager,Canada - East,Individual Contributor,2023-02-24,2026-03-03,3,2026-03-02,,Manager-Led Briefing,True,True
U05306,Commercial Banking,Relationship Manager,US - Northeast,Individual Contributor,2023-01-05,2026-03-09,3,2026-03-03,2026-03-09,Self-Paced eLearning,False,True
U05307,Corporate Functions,Associate,US - Northeast,Individual Contributor,2023-07-30,2026-04-18,4,2026-04-18,,Self-Paced eLearning,False,True
U05308,Operations,Operations Specialist,US - Northeast,Individual Contributor,2025-10-23,2026-06-18,6,2026-06-13,2026-07-04,Live Virtual,True,True
U05309,Retail Banking,Relationship Manager,Canada - West,Individual Contributor,2021-01-19,2026-06-16,6,2026-06-13,,Manager-Led Briefing,True,True
U05310,Operations,Operations Specialist,Canada - East,Individual Contributor,2020-07-27,2026-04-09,4,2026-04-07,2026-04-18,Live Virtual,False,True
U05311,Operations,Associate,Europe,Individual Contributor,2016-09-14,2026-05-11,5,2026-05-06,2026-05-15,Manager-Led Briefing,True,True
U05312,Retail Banking,Associate,Canada - West,Individual Contributor,2022-11-07,2026-05-16,5,2026-05-16,,In-Person Workshop,False,True
U05313,Operations,Manager,Europe,People Manager,2018-12-27,,4,2026-04-20,2026-04-30,Live Virtual,False,False
U05314,Commercial Banking,Associate,US - Northeast,Individual Contributor,2020-05-25,2026-03-07,3,2026-03-04,2026-03-18,Live Virtual,False,True
U05315,Operations,Operations Specialist,Canada - East,Individual Contributor,2017-07-14,2026-05-01,5,2026-05-01,,In-Person Workshop,True,True
U05316,Operations,Manager,US - Northeast,People Manager,2023-09-17,2026-03-12,3,2026-03-10,,Live Virtual,False,True
U05317,Retail Banking,Director,Canada - East,Senior Leader,2017-12-04,2026-02-17,2,2026-02-13,,Live Virtual,False,True
U05318,Risk and Compliance,Analyst,Canada - East,Individual Contributor,2018-11-08,2026-04-10,4,2026-04-09,2026-04-17,Self-Paced eLearning,False,True
U05319,Operations,Operations Specialist,Canada - West,Individual Contributor,2023-02-14,2026-06-14,6,2026-06-07,,In-Person Workshop,True,True
U05320,Operations,Operations Specialist,Canada - East,Individual Contributor,2017-01-04,2026-04-17,4,2026-04-12,,Self-Paced eLearning,,True
U05321,Retail Banking,Analyst,Europe,Individual Contributor,2025-02-07,2026-03-28,3,2026-03-26,2026-04-09,Live Virtual,False,True
U05322,Commercial Banking,Analyst,Canada - West,Individual Contributor,2021-03-25,2026-05-19,5,2026-05-17,2026-06-04,Self-Paced eLearning,True,True
U05323,Risk and Compliance,Manager,APAC,People Manager,2019-08-27,2026-05-06,5,2026-05-03,2026-05-18,Live Virtual,False,True
U05324,Retail Banking,Analyst,US - Northeast,Individual Contributor,2016-12-17,2026-06-16,6,2026-06-11,,In-Person Workshop,False,True
U05325,Retail Banking,Relationship Manager,Europe,Individual Contributor,2018-06-09,2026-05-06,5,2026-05-01,2026-05-08,In-Person Workshop,False,True
U05326,Retail Banking,Relationship Manager,Canada - East,Individual Contributor,2016-03-23,,2,2026-02-11,,Live Virtual,False,False
U05327,Commercial Banking,Manager,APAC,People Manager,2017-08-26,2026-01-05,1,2026-01-02,,Self-Paced eLearning,False,True
U05328,Risk and Compliance,Analyst,Canada - East,Individual Contributor,2019-11-28,2026-05-01,5,2026-04-30,2026-05-08,Self-Paced eLearning,False,True
U05329,Operations,Operations Specialist,APAC,Individual Contributor,2025-01-26,2026-05-24,5,2026-05-23,,Self-Paced eLearning,False,True
U05330,Operations,Analyst,Canada - East,Individual Contributor,2017-03-26,2026-03-03,3,2026-03-02,2026-03-22,Self-Paced eLearning,True,True
U05331,Capital Markets,Analyst,Europe,Individual Contributor,2017-01-20,2026-02-28,2,2026-02-24,2026-02-27,Self-Paced eLearning,False,True
U05332,Capital Markets,Analyst,Europe,Individual Contributor,2021-09-02,2026-02-18,2,2026-02-12,2026-03-03,Self-Paced eLearning,False,True
U05333,Retail Banking,Relationship Manager,APAC,Individual Contributor,2016-07-12,2026-05-04,5,2026-04-29,,In-Person Workshop,False,True
U05334,Retail Banking,Manager,Canada - East,People Manager,2023-03-18,2026-05-12,5,2026-05-09,,Live Virtual,False,True
U05335,Operations,Operations Specialist,Canada - East,Individual Contributor,2022-01-14,2026-05-04,5,2026-05-01,2026-05-09,Live Virtual,False,True
U05336,Capital Markets,Associate,Canada - East,Individual Contributor,2022-12-09,2026-02-09,2,2026-02-04,,Manager-Led Briefing,False,True
U05337,Commercial Banking,Director,Europe,Senior Leader,2022-09-30,2026-05-18,5,2026-05-17,,Live Virtual,False,True
U05338,Commercial Banking,Relationship Manager,US - Northeast,Individual Contributor,2017-11-20,2026-03-19,3,2026-03-12,,Live Virtual,False,True
U05339,Wealth Management,Associate,Canada - West,Individual Contributor,2017-06-06,2026-03-09,3,2026-03-06,2026-03-24,Manager-Led Briefing,False,True
U05340,Retail Banking,Associate,Europe,Individual Contributor,2022-05-18,2026-03-24,3,2026-03-24,,Self-Paced eLearning,False,True
U05341,Operations,Operations Specialist,Canada - West,Individual Contributor,2022-11-18,2026-03-11,3,2026-03-05,2026-03-18,Live Virtual,False,True
U05342,Retail Banking,Associate,Canada - East,Individual Contributor,2024-06-04,2026-05-31,6,2026-05-29,,Self-Paced eLearning,False,True
U05343,Risk and Compliance,Manager,Canada - East,People Manager,2019-09-24,2026-02-28,2,2026-02-25,2026-03-02,Live Virtual,False,True
U05344,Commercial Banking,Relationship Manager,Canada - East,Individual Contributor,2017-06-23,2026-06-14,6,2026-06-13,2026-06-19,Live Virtual,False,False
U05345,Operations,Associate,Canada - East,Individual Contributor,2020-10-30,2026-02-26,2,2026-02-19,,In-Person Workshop,False,True
U05346,Retail Banking,Associate,US - Northeast,Individual Contributor,2018-07-05,2026-04-20,4,2026-04-18,,Self-Paced eLearning,False,True
U05347,Capital Markets,Associate,Canada - West,Individual Contributor,2023-02-16,2026-02-13,2,2026-02-07,,In-Person Workshop,True,True
U05348,Capital Markets,Analyst,Canada - East,Individual Contributor,2019-12-27,2026-01-22,1,2026-01-21,,Live Virtual,False,True
U05349,Commercial Banking,Director,Canada - East,Senior Leader,2019-06-02,2026-05-08,5,2026-05-07,2026-05-26,Live Virtual,False,True
U05350,Retail Banking,Associate,US - Midwest,Individual Contributor,2018-12-15,2026-01-31,1,2026-01-27,,Self-Paced eLearning,False,True
U05351,Risk and Compliance,Analyst,Canada - West,Individual Contributor,2024-04-02,2026-04-20,4,2026-04-17,2026-04-28,Self-Paced eLearning,False,True
U05352,Capital Markets,Analyst,US - Northeast,Individual Contributor,2022-10-30,2026-02-10,2,2026-02-08,2026-02-25,Self-Paced eLearning,False,True
U05353,Commercial Banking,Manager,Europe,People Manager,2022-05-25,2026-03-26,3,2026-03-21,2026-03-31,In-Person Workshop,True,True
U05354,Commercial Banking,Manager,Europe,People Manager,2019-11-02,2026-04-18,4,2026-04-16,,Self-Paced eLearning,False,False
U05355,Risk and Compliance,Risk Analyst,US - Northeast,Individual Contributor,2024-07-18,2026-05-27,6,2026-05-26,2026-05-29,Live Virtual,False,True
U05356,Risk and Compliance,Risk Analyst,US - Northeast,Individual Contributor,2016-04-07,2026-02-12,2,2026-02-12,,Self-Paced eLearning,True,True
U05357,Commercial Banking,Relationship Manager,Canada - West,Individual Contributor,2016-06-22,2026-02-04,2,2026-02-04,,Self-Paced eLearning,False,True
U05358,Operations,Director,Europe,Senior Leader,2017-03-15,2026-04-21,4,2026-04-15,2026-04-27,In-Person Workshop,False,True
U05359,Operations,Director,Canada - West,Senior Leader,2022-04-26,2026-01-27,1,2026-01-21,2026-02-01,Live Virtual,False,False
U05360,Wealth Management,Director,Canada - East,Senior Leader,2022-11-12,2026-04-29,5,2026-04-23,2026-05-02,In-Person Workshop,False,True
U05361,Commercial Banking,Associate,US - Midwest,Individual Contributor,2020-10-04,2026-03-24,3,2026-03-17,2026-04-01,Self-Paced eLearning,False,True
U05362,Retail Banking,Relationship Manager,Europe,Individual Contributor,2017-05-18,2026-01-11,1,2026-01-05,2026-01-23,Live Virtual,False,True
U05363,Retail Banking,Associate,Canada - East,Individual Contributor,2022-06-03,2026-06-11,6,2026-06-11,2026-06-27,Live Virtual,False,True
U05364,Risk and Compliance,Analyst,Canada - East,Individual Contributor,2022-12-27,2026-02-09,2,2026-02-07,2026-02-10,Live Virtual,False,True
U05365,Risk and Compliance,Risk Analyst,US - Midwest,Individual Contributor,2019-11-02,,2,2026-02-01,2026-02-08,In-Person Workshop,True,False
U05366,Corporate Functions,Associate,US - Northeast,Individual Contributor,2021-07-11,2026-03-13,3,2026-03-08,2026-03-15,Self-Paced eLearning,False,True
U05367,Operations,Associate,APAC,Individual Contributor,2016-03-05,2026-02-21,2,2026-02-14,2026-02-22,Self-Paced eLearning,False,True
U05368,Wealth Management,Associate,US - Northeast,Individual Contributor,2024-01-26,2026-06-09,6,2026-06-02,,Manager-Led Briefing,False,True
U05369,Wealth Management,Manager,Europe,People Manager,2023-10-26,2026-03-09,3,2026-03-09,2026-03-16,In-Person Workshop,False,True
U05370,Operations,Associate,Canada - West,Individual Contributor,2023-10-17,2026-04-24,4,2026-04-17,,Live Virtual,False,True
U05371,Retail Banking,Relationship Manager,Canada - East,Individual Contributor,2025-08-10,2026-06-04,6,2026-06-03,,In-Person Workshop,False,True
U05372,Corporate Functions,Director,APAC,Senior Leader,2019-05-25,2026-03-12,3,2026-03-08,2026-03-27,Live Virtual,False,True
U05373,Retail Banking,Manager,Canada - East,People Manager,2018-05-05,2026-04-18,4,2026-04-17,2026-05-07,Self-Paced eLearning,False,True
U05374,Commercial Banking,Relationship Manager,US - Northeast,Individual Contributor,2025-08-30,2026-02-18,2,2026-02-15,,Self-Paced eLearning,False,True
U05375,Commercial Banking,Relationship Manager,US - Northeast,Individual Contributor,2022-12-06,2026-04-28,5,2026-04-24,,In-Person Workshop,False,True
U05376,Commercial Banking,Associate,Canada - East,Individual Contributor,2016-11-11,2026-05-18,5,2026-05-18,,Manager-Led Briefing,False,True
U05377,Retail Banking,Relationship Manager,Canada - East,Individual Contributor,2022-04-02,2026-04-30,5,2026-04-28,2026-05-17,Manager-Led Briefing,False,True
U05378,Capital Markets,Director,Canada - East,Senior Leader,2021-10-25,2026-05-23,5,2026-05-16,2026-05-19,Self-Paced eLearning,False,True
U05379,Retail Banking,Associate,Canada - West,Individual Contributor,2021-07-20,2026-04-01,4,2026-03-25,,Manager-Led Briefing,False,True
U05380,Wealth Management,Associate,US - Midwest,Individual Contributor,2022-02-24,2026-05-27,6,2026-05-25,2026-06-12,Self-Paced eLearning,False,True
U05381,Retail Banking,Director,Canada - West,Senior Leader,2023-11-20,2026-05-31,6,2026-05-26,,Self-Paced eLearning,False,True
U05382,Commercial Banking,Relationship Manager,US - Northeast,Individual Contributor,2024-11-11,2026-04-02,4,2026-03-29,2026-04-07,Live Virtual,False,True
U05383,Wealth Management,Associate,Canada - East,Individual Contributor,2016-05-16,2026-05-24,5,2026-05-17,2026-05-30,Self-Paced eLearning,False,True
U05384,Retail Banking,Manager,US - Northeast,People Manager,2016-11-05,2026-05-18,5,2026-05-13,,Live Virtual,False,True
U05385,Retail Banking,Analyst,US - Northeast,Individual Contributor,2018-09-26,2026-03-31,4,2026-03-24,,Live Virtual,False,True
U05386,Capital Markets,Manager,US - Northeast,People Manager,2016-02-10,2026-02-26,2,2026-02-21,,Live Virtual,False,True
U05387,Retail Banking,Relationship Manager,Canada - East,Individual Contributor,2018-01-17,2026-02-01,1,2026-01-26,2026-02-16,Self-Paced eLearning,,True
U05388,Retail Banking,Relationship Manager,US - Northeast,Individual Contributor,2024-07-25,2026-05-26,6,2026-05-23,2026-06-06,Manager-Led Briefing,False,True
U05389,Operations,Operations Specialist,Canada - East,Individual Contributor,2018-03-22,2026-06-16,6,2026-06-14,,Self-Paced eLearning,False,True
U05390,Risk and Compliance,Analyst,Canada - East,Individual Contributor,2019-02-14,2026-04-13,4,2026-04-11,2026-04-19,Self-Paced eLearning,False,True
U05391,Technology,Developer,US - Midwest,Individual Contributor,2023-03-21,2026-01-20,1,2026-01-18,2026-01-30,Manager-Led Briefing,False,True
U05392,Operations,Operations Specialist,Canada - East,Individual Contributor,2023-08-08,2026-05-06,5,2026-05-02,2026-05-23,Live Virtual,False,True
U05393,Corporate Functions,Analyst,US - Midwest,Individual Contributor,2023-11-08,2026-04-25,4,2026-04-20,2026-05-02,Live Virtual,False,True
U05394,Technology,Developer,Europe,Individual Contributor,2022-07-03,,3,2026-03-05,2026-03-19,Live Virtual,False,False
U05395,Operations,Associate,Europe,Individual Contributor,2018-06-19,2026-04-07,4,2026-04-07,2026-04-23,Self-Paced eLearning,False,True
U05396,Operations,Associate,Europe,Individual Contributor,2021-12-03,2026-05-04,5,2026-04-27,2026-05-05,Live Virtual,False,True
U05397,Operations,Operations Specialist,US - Northeast,Individual Contributor,2024-09-12,2026-05-28,6,2026-05-21,2026-05-29,Live Virtual,False,True
U05398,Operations,Operations Specialist,Canada - East,Individual Contributor,2020-12-13,2026-05-17,5,2026-05-17,,Self-Paced eLearning,True,True
U05399,Commercial Banking,Relationship Manager,Canada - East,Individual Contributor,2025-05-02,2026-01-17,1,2026-01-11,,Self-Paced eLearning,False,True
U05400,Retail Banking,Relationship Manager,Canada - East,Individual Contributor,2017-10-08,2026-03-29,3,2026-03-22,2026-03-29,Live Virtual,False,True
U05401,Commercial Banking,Analyst,US - Midwest,Individual Contributor,2018-07-23,2026-03-10,3,2026-03-03,2026-03-14,Self-Paced eLearning,False,True
U05402,Retail Banking,Manager,Canada - East,People Manager,2019-01-09,2026-04-22,4,2026-04-22,,In-Person Workshop,False,True
U05403,Operations,Manager,US - Northeast,People Manager,2022-09-10,2026-02-13,2,2026-02-08,,Live Virtual,False,True
U05404,Retail Banking,Relationship Manager,APAC,Individual Contributor,2021-06-11,2026-02-24,2,2026-02-22,2026-03-06,Self-Paced eLearning,True,True
U05405,Technology,Developer,Canada - West,Individual Contributor,2017-01-06,2026-01-13,1,2026-01-12,,Self-Paced eLearning,False,True
U05406,Capital Markets,Director,Canada - East,Senior Leader,2024-11-13,2026-02-22,2,2026-02-17,2026-02-22,Self-Paced eLearning,False,True
U05407,Operations,Operations Specialist,Canada - West,Individual Contributor,2021-06-02,2026-03-04,3,2026-02-26,,Self-Paced eLearning,False,True
U05408,Retail Banking,Relationship Manager,Europe,Individual Contributor,2017-05-29,2026-06-06,6,2026-05-30,2026-06-20,Self-Paced eLearning,False,True
U05409,Retail Banking,Relationship Manager,US - Northeast,Individual Contributor,2021-12-26,2026-04-05,4,2026-03-29,2026-04-17,In-Person Workshop,True,True
U05410,Wealth Management,Associate,Canada - West,Individual Contributor,2021-02-25,2026-02-14,2,2026-02-08,,Self-Paced eLearning,False,True
U05411,Retail Banking,Associate,US - Midwest,Individual Contributor,2017-02-24,2026-05-06,5,2026-05-01,,Live Virtual,False,True
U05412,Capital Markets,Analyst,Canada - East,Individual Contributor,2023-05-17,2026-01-10,1,2026-01-05,2026-01-19,Self-Paced eLearning,True,True
U05413,Operations,Associate,US - Midwest,Individual Contributor,2023-05-13,2026-04-27,5,2026-04-22,2026-04-25,Self-Paced eLearning,False,True
U05414,Retail Banking,Analyst,US - Northeast,Individual Contributor,2025-01-12,2026-01-05,1,2026-01-02,2026-01-12,Self-Paced eLearning,False,True
U05415,Capital Markets,Developer,APAC,Individual Contributor,2022-04-08,2026-02-03,2,2026-01-27,2026-02-05,Self-Paced eLearning,False,True
U05416,Technology,Manager,US - Midwest,People Manager,2018-09-16,2026-02-03,2,2026-01-27,2026-02-10,Live Virtual,False,True
U05417,Retail Banking,Relationship Manager,Canada - West,Individual Contributor,2023-06-19,2026-05-27,6,2026-05-20,2026-05-30,Manager-Led Briefing,True,True
U05418,Corporate Functions,Associate,Canada - West,Individual Contributor,2020-06-26,2026-05-12,5,2026-05-10,2026-05-13,In-Person Workshop,False,True
U05419,Retail Banking,Relationship Manager,US - Midwest,Individual Contributor,2019-05-15,2026-06-04,6,2026-06-04,2026-06-11,Live Virtual,False,True
U05420,Operations,Operations Specialist,Canada - East,Individual Contributor,2016-08-29,2026-05-23,5,2026-05-19,2026-06-06,Live Virtual,False,True
U05421,Operations,Operations Specialist,US - Northeast,Individual Contributor,2017-04-19,2026-05-03,5,2026-04-27,2026-05-09,Self-Paced eLearning,False,True
U05422,Technology,Developer,Canada - East,Individual Contributor,2018-12-03,2026-02-18,2,2026-02-16,2026-03-02,Live Virtual,False,True
U05423,Wealth Management,Relationship Manager,Canada - East,Individual Contributor,2019-08-18,2026-04-29,5,2026-04-22,2026-04-27,Manager-Led Briefing,True,True
U05424,Retail Banking,Director,Europe,Senior Leader,2019-01-22,2026-02-09,2,2026-02-02,2026-02-16,Live Virtual,False,True
U05425,Risk and Compliance,Risk Analyst,Canada - East,Individual Contributor,2019-01-16,,5,2026-05-15,2026-06-05,In-Person Workshop,True,False
U05426,Commercial Banking,Analyst,Canada - East,Individual Contributor,2018-05-02,2026-03-15,3,2026-03-13,,Self-Paced eLearning,False,True
U05427,Corporate Functions,Manager,Canada - East,People Manager,2017-10-15,2026-03-07,3,2026-03-06,2026-03-27,Manager-Led Briefing,True,True
U05428,Wealth Management,Relationship Manager,US - Northeast,Individual Contributor,2020-01-28,2026-03-23,3,2026-03-16,2026-04-05,Live Virtual,,True
U05429,Risk and Compliance,Analyst,Canada - East,Individual Contributor,2023-11-25,2026-03-15,3,2026-03-09,2026-03-17,In-Person Workshop,False,True
U05430,Commercial Banking,Relationship Manager,US - Midwest,Individual Contributor,2024-12-04,2026-01-10,1,2026-01-04,2026-01-10,In-Person Workshop,False,True
U05431,Operations,Operations Specialist,US - Northeast,Individual Contributor,2016-11-23,2026-05-20,5,2026-05-15,2026-05-19,In-Person Workshop,False,True
U05432,Operations,Analyst,US - Midwest,Individual Contributor,2025-02-15,2026-04-12,4,2026-04-07,,Self-Paced eLearning,False,False
U05433,Commercial Banking,Relationship Manager,Canada - East,Individual Contributor,2024-10-21,2026-06-11,6,2026-06-09,2026-06-25,Self-Paced eLearning,True,True
U05434,Operations,Associate,US - Northeast,Individual Contributor,2022-03-30,2026-01-13,1,2026-01-11,2026-01-27,Self-Paced eLearning,False,True
U05435,Capital Markets,Analyst,Europe,Individual Contributor,2024-01-09,2026-04-24,4,2026-04-18,2026-04-26,Self-Paced eLearning,True,True
U05436,Retail Banking,Associate,Europe,Individual Contributor,2022-01-23,2026-06-12,6,2026-06-07,,Self-Paced eLearning,False,True
U05437,Wealth Management,Relationship Manager,US - Northeast,Individual Contributor,2018-09-21,2026-03-17,3,2026-03-10,2026-03-14,Live Virtual,False,True
U05438,Retail Banking,Analyst,Canada - East,Individual Contributor,2022-03-07,2026-03-31,4,2026-03-27,,Live Virtual,False,True
U05439,Corporate Functions,Analyst,Canada - West,Individual Contributor,2022-03-04,2026-01-20,1,2026-01-16,2026-02-03,Manager-Led Briefing,True,True
U05440,Retail Banking,Analyst,US - Northeast,Individual Contributor,2025-01-29,2026-05-06,5,2026-05-06,,Self-Paced eLearning,False,True
U05441,Retail Banking,Analyst,Canada - East,Individual Contributor,2023-02-26,2026-01-18,1,2026-01-15,2026-01-28,Self-Paced eLearning,False,True
U05442,Wealth Management,Relationship Manager,Europe,Individual Contributor,2018-12-27,2026-05-15,5,2026-05-13,2026-05-22,Self-Paced eLearning,False,True
U05443,Wealth Management,Manager,Canada - West,People Manager,2022-01-08,2026-04-23,4,2026-04-21,,Self-Paced eLearning,False,True
U05444,Capital Markets,Associate,Canada - East,Individual Contributor,2022-09-06,2026-01-30,1,2026-01-23,2026-02-07,In-Person Workshop,False,True
U05445,Corporate Functions,Analyst,Canada - West,Individual Contributor,2019-07-15,2026-04-06,4,2026-03-30,,Live Virtual,False,True
U05446,Retail Banking,Relationship Manager,Canada - East,Individual Contributor,2018-02-21,2026-03-27,3,2026-03-27,2026-04-08,Self-Paced eLearning,False,True
U05447,Wealth Management,Associate,Canada - West,Individual Contributor,2018-03-25,,1,2026-01-08,2026-01-12,Self-Paced eLearning,False,False
U05448,Operations,Analyst,Canada - West,Individual Contributor,2023-05-30,2026-05-17,5,2026-05-14,2026-06-02,Self-Paced eLearning,False,True
U05449,Technology,Developer,APAC,Individual Contributor,2018-09-28,2026-04-02,4,2026-03-31,2026-04-18,Self-Paced eLearning,False,True
U05450,Operations,Manager,US - Northeast,People Manager,2024-06-19,2026-04-27,5,2026-04-20,,Manager-Led Briefing,False,True
U05451,Retail Banking,Relationship Manager,Canada - East,Individual Contributor,2019-04-05,2026-03-13,3,2026-03-10,,Live Virtual,False,True
U05452,Technology,Developer,Canada - East,Individual Contributor,2020-12-21,2026-03-28,3,2026-03-22,2026-04-02,Self-Paced eLearning,False,True
U05453,Capital Markets,Analyst,Canada - West,Individual Contributor,2021-01-31,2026-01-30,1,2026-01-27,2026-02-15,Self-Paced eLearning,False,True
U05454,Retail Banking,Relationship Manager,Canada - East,Individual Contributor,2016-11-08,2026-05-23,5,2026-05-18,2026-05-26,Self-Paced eLearning,False,True
U05455,Risk and Compliance,Risk Analyst,Canada - East,Individual Contributor,2023-01-25,2026-05-22,5,2026-05-21,2026-06-02,Self-Paced eLearning,False,True
U05456,Technology,Manager,US - Midwest,People Manager,2023-10-18,2026-02-23,2,2026-02-18,2026-02-21,Live Virtual,False,True
U05457,Retail Banking,Relationship Manager,Canada - West,Individual Contributor,2023-03-27,2026-03-12,3,2026-03-08,2026-03-29,Self-Paced eLearning,False,True
U05458,Commercial Banking,Relationship Manager,US - Northeast,Individual Contributor,2022-02-24,2026-03-01,2,2026-02-22,2026-03-11,Self-Paced eLearning,True,True
U05459,Retail Banking,Analyst,Canada - East,Individual Contributor,2023-01-15,2026-05-23,5,2026-05-22,,Self-Paced eLearning,False,True
U05460,Retail Banking,Manager,Canada - East,People Manager,2021-09-16,2026-04-11,4,2026-04-07,,Live Virtual,True,False
U05461,Commercial Banking,Analyst,Canada - West,Individual Contributor,2022-06-21,,6,2026-05-19,2026-05-22,In-Person Workshop,False,False
U05462,Retail Banking,Associate,Canada - West,Individual Contributor,2022-07-28,2026-02-07,2,2026-02-06,2026-02-09,Live Virtual,False,True
U05463,Retail Banking,Relationship Manager,Canada - East,Individual Contributor,2019-12-20,2026-04-14,4,2026-04-08,,Self-Paced eLearning,False,True
U05464,Capital Markets,Manager,Canada - East,People Manager,2020-08-28,2026-02-15,2,2026-02-13,2026-03-04,Self-Paced eLearning,False,True
U05465,Retail Banking,Relationship Manager,Europe,Individual Contributor,2024-04-20,2026-05-03,5,2026-04-26,2026-05-03,Self-Paced eLearning,False,True
U05466,Wealth Management,Analyst,Canada - East,Individual Contributor,2018-02-22,2026-04-11,4,2026-04-10,2026-04-29,Self-Paced eLearning,False,True
U05467,Wealth Management,Associate,Canada - West,Individual Contributor,2019-05-30,2026-04-03,4,2026-04-03,2026-04-11,In-Person Workshop,False,True
U05468,Retail Banking,Relationship Manager,US - Midwest,Individual Contributor,2024-04-22,2026-03-29,3,2026-03-22,2026-04-10,Self-Paced eLearning,False,True
U05469,Technology,Developer,US - Northeast,Individual Contributor,2022-12-08,2026-01-07,1,2026-01-05,2026-01-19,In-Person Workshop,True,True
U05470,Retail Banking,Manager,Canada - East,People Manager,2021-03-13,2026-05-04,5,2026-04-27,,Live Virtual,False,True
U05471,Commercial Banking,Relationship Manager,Canada - West,Individual Contributor,2025-09-29,2026-02-15,2,2026-02-10,,Manager-Led Briefing,False,True
U05472,Retail Banking,Relationship Manager,Canada - West,Individual Contributor,2017-08-20,2026-06-21,6,2026-06-19,2026-07-10,Self-Paced eLearning,False,True
U05473,Corporate Functions,Analyst,Europe,Individual Contributor,2017-05-21,2026-03-04,3,2026-03-01,2026-03-19,In-Person Workshop,False,True
U05474,Retail Banking,Manager,Canada - West,People Manager,2018-09-27,2026-03-18,3,2026-03-18,,Self-Paced eLearning,False,True
U05475,Commercial Banking,Relationship Manager,Canada - West,Individual Contributor,2023-03-25,2026-03-27,3,2026-03-26,2026-04-05,Self-Paced eLearning,True,True
U05476,Retail Banking,Director,Canada - West,Senior Leader,2020-11-19,2026-01-29,1,2026-01-22,2026-02-06,Live Virtual,False,True
U05477,Retail Banking,Manager,Canada - East,People Manager,2023-03-18,2026-04-28,5,2026-04-26,,Manager-Led Briefing,False,True
U05478,Operations,Operations Specialist,Canada - East,Individual Contributor,2022-04-26,2026-05-20,5,2026-05-18,2026-05-22,In-Person Workshop,False,True
U05479,Technology,Director,Canada - East,Senior Leader,2021-11-11,2026-01-15,1,2026-01-13,,In-Person Workshop,True,True
U05480,Corporate Functions,Operations Specialist,US - Midwest,Individual Contributor,2016-01-24,2026-05-18,5,2026-05-13,,Live Virtual,False,True
U05481,Retail Banking,Associate,Europe,Individual Contributor,2024-03-10,2026-01-30,1,2026-01-23,,Manager-Led Briefing,False,True
U05482,Retail Banking,Relationship Manager,Canada - East,Individual Contributor,2022-05-04,2026-04-11,4,2026-04-08,,Self-Paced eLearning,False,True
U05483,Operations,Operations Specialist,US - Northeast,Individual Contributor,2016-02-01,2026-03-18,3,2026-03-13,2026-03-17,Self-Paced eLearning,True,True
U05484,Operations,Director,Canada - West,Senior Leader,2022-08-06,2026-05-14,5,2026-05-13,,Self-Paced eLearning,False,True
U05485,Risk and Compliance,Analyst,US - Midwest,Individual Contributor,2025-01-14,2026-05-08,5,2026-05-01,2026-05-17,Self-Paced eLearning,False,True
U05486,Risk and Compliance,Analyst,Canada - West,Individual Contributor,2023-10-07,2026-05-08,5,2026-05-08,,Live Virtual,False,True
U05487,Risk and Compliance,Risk Analyst,Canada - West,Individual Contributor,2019-03-10,2026-06-17,6,2026-06-11,,Live Virtual,True,True
U05488,Retail Banking,Analyst,Europe,Individual Contributor,2017-05-30,2026-02-06,2,2026-02-06,2026-02-27,Live Virtual,False,True
U05489,Operations,Associate,US - Midwest,Individual Contributor,2024-10-09,2026-06-10,6,2026-06-03,,Live Virtual,False,False
U05490,Capital Markets,Director,US - Northeast,Senior Leader,2023-01-15,2026-01-20,1,2026-01-19,2026-01-23,Manager-Led Briefing,False,True
U05491,Operations,Associate,Canada - East,Individual Contributor,2020-08-18,2026-06-21,6,2026-06-18,2026-07-06,Live Virtual,False,True
U05492,Commercial Banking,Analyst,Canada - East,Individual Contributor,2017-03-29,2026-03-07,3,2026-02-28,2026-03-08,In-Person Workshop,False,True
U05493,Retail Banking,Analyst,Canada - West,Individual Contributor,2021-12-14,2026-02-15,2,2026-02-09,,Live Virtual,False,True
U05494,Operations,Associate,Canada - East,Individual Contributor,2020-07-18,2026-01-09,1,2026-01-04,,In-Person Workshop,True,True
U05495,Risk and Compliance,Risk Analyst,US - Midwest,Individual Contributor,2016-05-17,2026-02-07,2,2026-02-02,2026-02-10,Live Virtual,False,True
U05496,Retail Banking,Manager,Canada - East,People Manager,2024-03-25,2026-02-26,2,2026-02-24,,Manager-Led Briefing,False,True
U05497,Corporate Functions,Analyst,Canada - East,Individual Contributor,2021-12-20,2026-05-16,5,2026-05-10,2026-05-22,Self-Paced eLearning,False,True
U05498,Operations,Operations Specialist,Canada - West,Individual Contributor,2020-06-27,2026-01-07,1,2026-01-06,,In-Person Workshop,False,True
U05499,Retail Banking,Manager,Canada - West,People Manager,2020-10-01,2026-05-27,6,2026-05-25,,Self-Paced eLearning,False,True
U05500,Retail Banking,Relationship Manager,Europe,Individual Contributor,2022-01-24,2026-04-22,4,2026-04-15,2026-04-22,Self-Paced eLearning,False,True
U05501,Retail Banking,Relationship Manager,US - Northeast,Individual Contributor,2018-05-04,2026-06-03,6,2026-05-30,,In-Person Workshop,False,True
U05502,Technology,Developer,US - Northeast,Individual Contributor,2023-11-23,2026-02-07,2,2026-02-06,2026-02-27,Self-Paced eLearning,False,True
U05503,Retail Banking,Analyst,Europe,Individual Contributor,2022-12-07,2026-03-15,3,2026-03-14,,Self-Paced eLearning,False,True
U05504,Commercial Banking,Associate,Canada - West,Individual Contributor,2020-07-12,2026-04-27,5,2026-04-20,2026-04-30,Self-Paced eLearning,False,True
U05505,Risk and Compliance,Director,US - Midwest,Senior Leader,2025-11-25,2026-04-27,5,2026-04-22,2026-04-27,Live Virtual,False,True
U05506,Operations,Operations Specialist,Canada - West,Individual Contributor,2022-03-07,2026-05-30,6,2026-05-24,2026-05-27,Self-Paced eLearning,False,True
U05507,Retail Banking,Associate,Canada - West,Individual Contributor,2021-04-20,2026-02-12,2,2026-02-06,2026-02-13,Live Virtual,False,True
U05508,Operations,Operations Specialist,Canada - East,Individual Contributor,2016-04-04,2026-05-17,5,2026-05-11,2026-05-21,Self-Paced eLearning,False,True
U05509,Wealth Management,Manager,Canada - East,People Manager,2025-11-24,2026-04-19,4,2026-04-17,2026-05-08,Self-Paced eLearning,False,True
U05510,Commercial Banking,Relationship Manager,Europe,Individual Contributor,2018-11-23,2026-03-18,3,2026-03-12,,Self-Paced eLearning,False,True
U05511,Retail Banking,Relationship Manager,US - Northeast,Individual Contributor,2021-07-19,2026-04-20,4,2026-04-13,,Live Virtual,False,True
U05512,Technology,Director,Europe,Senior Leader,2017-11-19,2026-01-26,1,2026-01-22,2026-02-01,Live Virtual,False,False
U05513,Technology,Developer,Canada - East,Individual Contributor,2019-09-16,2026-01-26,1,2026-01-21,2026-02-08,Live Virtual,False,True
U05514,Operations,Operations Specialist,Europe,Individual Contributor,2025-04-14,2026-06-12,6,2026-06-11,2026-07-02,Self-Paced eLearning,False,True
U05515,Retail Banking,Associate,Canada - East,Individual Contributor,2022-05-30,2026-05-26,6,2026-05-19,2026-06-07,Live Virtual,False,True
U05516,Corporate Functions,Director,Canada - East,Senior Leader,2017-04-27,2026-03-10,3,2026-03-08,2026-03-23,In-Person Workshop,True,True
U05517,Retail Banking,Analyst,Canada - East,Individual Contributor,2024-05-13,2026-04-15,4,2026-04-08,2026-04-25,Self-Paced eLearning,False,True
U05518,Retail Banking,Associate,APAC,Individual Contributor,2024-12-29,2026-01-28,1,2026-01-26,,Live Virtual,False,True
U05519,Retail Banking,Manager,Canada - West,People Manager,2019-12-17,2026-01-26,1,2026-01-23,2026-02-08,Self-Paced eLearning,False,True
U05520,Technology,Developer,Canada - East,Individual Contributor,2023-10-13,2026-01-09,1,2026-01-05,2026-01-19,Self-Paced eLearning,False,True
U05521,Operations,Associate,US - Northeast,Individual Contributor,2017-05-03,2026-01-29,1,2026-01-24,,Self-Paced eLearning,False,True
U05522,Retail Banking,Associate,US - Midwest,Individual Contributor,2023-02-02,2026-04-22,4,2026-04-17,,Live Virtual,True,True
U05523,Operations,Associate,Canada - East,Individual Contributor,2025-10-23,2026-05-24,5,2026-05-20,2026-05-29,Live Virtual,False,True
U05524,Commercial Banking,Manager,Europe,People Manager,2024-11-28,2026-05-03,5,2026-05-03,2026-05-19,Self-Paced eLearning,False,True
U05525,Operations,Operations Specialist,Europe,Individual Contributor,2018-10-26,2026-04-10,4,2026-04-07,,Live Virtual,False,True
U05526,Risk and Compliance,Risk Analyst,Canada - East,Individual Contributor,2025-03-20,2026-05-21,5,2026-05-17,,Manager-Led Briefing,False,True
U05527,Operations,Operations Specialist,Europe,Individual Contributor,2025-03-27,2026-05-03,5,2026-05-01,,Self-Paced eLearning,False,True
U05528,Retail Banking,Relationship Manager,Canada - West,Individual Contributor,2021-10-08,2026-01-23,1,2026-01-18,,Live Virtual,False,True
U05529,Corporate Functions,Manager,Europe,People Manager,2018-11-22,2026-03-03,3,2026-03-01,,Self-Paced eLearning,False,True
U05530,Wealth Management,Associate,APAC,Individual Contributor,2024-04-14,2026-01-18,1,2026-01-16,2026-01-30,Self-Paced eLearning,False,True
U05531,Operations,Associate,Canada - East,Individual Contributor,2019-07-14,2026-05-18,5,2026-05-13,,Live Virtual,False,True
U05532,Wealth Management,Relationship Manager,Europe,Individual Contributor,2018-04-12,2026-02-10,2,2026-02-05,2026-02-10,Live Virtual,True,True
U05533,Technology,Analyst,Europe,Individual Contributor,2018-04-12,2026-04-18,4,2026-04-14,2026-04-25,In-Person Workshop,True,True
U05534,Operations,Operations Specialist,Canada - West,Individual Contributor,2016-02-11,2026-02-24,2,2026-02-24,,Live Virtual,False,True
U05535,Wealth Management,Associate,Canada - West,Individual Contributor,2020-12-18,2026-01-07,1,2026-01-07,,In-Person Workshop,False,True
U05536,Capital Markets,Analyst,Canada - West,Individual Contributor,2020-04-07,2026-03-08,3,2026-03-01,2026-03-22,Live Virtual,False,True
U05537,Operations,Operations Specialist,US - Midwest,Individual Contributor,2022-01-15,2026-02-27,2,2026-02-21,,Self-Paced eLearning,False,True
U05538,Commercial Banking,Associate,Canada - East,Individual Contributor,2017-09-03,2026-06-14,6,2026-06-14,2026-06-17,In-Person Workshop,False,True
U05539,Operations,Operations Specialist,Canada - West,Individual Contributor,2024-08-23,2026-06-12,6,2026-06-09,2026-06-22,Live Virtual,True,True
U05540,Retail Banking,Relationship Manager,Canada - West,Individual Contributor,2016-11-24,2026-05-26,6,2026-05-19,2026-06-07,Live Virtual,True,True
U05541,Corporate Functions,Director,US - Northeast,Senior Leader,2024-02-19,2026-02-07,2,2026-02-07,2026-02-26,Self-Paced eLearning,False,True
U05542,Technology,Manager,Canada - West,People Manager,2016-08-29,,1,2026-01-21,2026-02-11,Self-Paced eLearning,False,False
U05543,Commercial Banking,Manager,Canada - West,People Manager,2023-04-06,2026-04-19,4,2026-04-17,2026-05-03,Live Virtual,False,True
U05544,Commercial Banking,Analyst,Canada - West,Individual Contributor,2016-06-12,2026-03-25,3,2026-03-22,2026-03-31,Live Virtual,False,True
U05545,Technology,Developer,Canada - East,Individual Contributor,2025-06-05,2026-01-21,1,2026-01-14,2026-01-31,Manager-Led Briefing,False,True
U05546,Operations,Operations Specialist,US - Midwest,Individual Contributor,2023-06-22,2026-05-07,5,2026-05-04,,Self-Paced eLearning,False,True
U05547,Corporate Functions,Associate,US - Northeast,Individual Contributor,2024-07-22,2026-04-22,4,2026-04-16,2026-05-01,Live Virtual,True,True
U05548,Commercial Banking,Manager,US - Midwest,People Manager,2017-05-09,2026-04-24,4,2026-04-22,2026-05-08,Live Virtual,False,True
U05549,Commercial Banking,Relationship Manager,Canada - East,Individual Contributor,2023-03-21,2026-03-23,3,2026-03-16,2026-04-03,Live Virtual,True,True
U05550,Operations,Operations Specialist,Canada - West,Individual Contributor,2019-06-29,2026-04-09,4,2026-04-05,,Live Virtual,False,True
U05551,Operations,Operations Specialist,US - Northeast,Individual Contributor,2024-12-01,2026-03-13,3,2026-03-08,2026-03-23,In-Person Workshop,False,True
U05552,Retail Banking,Associate,Canada - West,Individual Contributor,2019-09-06,2026-04-18,4,2026-04-14,,Live Virtual,False,True
U05553,Operations,Operations Specialist,APAC,Individual Contributor,2024-07-23,,6,2026-06-17,2026-06-21,Self-Paced eLearning,False,False
U05554,Retail Banking,Relationship Manager,Canada - East,Individual Contributor,2025-06-19,2026-06-09,6,2026-06-02,2026-06-22,Live Virtual,True,True
U05555,Commercial Banking,Analyst,Canada - East,Individual Contributor,2016-08-22,2026-05-08,5,2026-05-05,2026-05-24,Self-Paced eLearning,False,True
U05556,Risk and Compliance,Risk Analyst,Canada - East,Individual Contributor,2021-07-05,2026-05-31,6,2026-05-26,2026-06-16,Live Virtual,False,True
U05557,Operations,Associate,US - Northeast,Individual Contributor,2016-06-18,2026-03-30,4,2026-03-24,2026-03-27,Self-Paced eLearning,False,True
U05558,Operations,Operations Specialist,Canada - East,Individual Contributor,2017-04-16,2026-05-13,5,2026-05-09,2026-05-27,Self-Paced eLearning,False,True
U05559,Commercial Banking,Analyst,Canada - East,Individual Contributor,2021-08-06,2026-01-21,1,2026-01-15,2026-01-19,Live Virtual,False,True
U05560,Retail Banking,Associate,Canada - East,Individual Contributor,2023-08-09,2026-03-23,3,2026-03-17,2026-03-20,Self-Paced eLearning,False,True
U05561,Risk and Compliance,Manager,Europe,People Manager,2019-06-04,2026-04-17,4,2026-04-17,,Self-Paced eLearning,False,True
U05562,Operations,Operations Specialist,Canada - West,Individual Contributor,2018-09-22,2026-04-01,4,2026-03-27,2026-04-08,Self-Paced eLearning,False,True
U05563,Retail Banking,Analyst,Canada - East,Individual Contributor,2020-06-14,2026-03-06,3,2026-03-05,,Manager-Led Briefing,False,True
U05564,Retail Banking,Relationship Manager,Canada - East,Individual Contributor,2020-10-03,2026-05-11,5,2026-05-06,,Live Virtual,True,True
U05565,Risk and Compliance,Associate,Canada - West,Individual Contributor,2021-06-15,2026-03-28,3,2026-03-28,2026-04-09,Live Virtual,False,True
U05566,Retail Banking,Analyst,Canada - East,Individual Contributor,2021-09-06,2026-01-24,1,2026-01-19,,Self-Paced eLearning,False,True
U05567,Commercial Banking,Relationship Manager,Europe,Individual Contributor,2022-12-09,2026-03-20,3,2026-03-16,2026-03-30,Live Virtual,False,True
U05568,Retail Banking,Associate,Europe,Individual Contributor,2016-11-19,2026-01-26,1,2026-01-26,,Self-Paced eLearning,False,True
U05569,Retail Banking,Associate,Europe,Individual Contributor,2017-04-15,2026-01-29,1,2026-01-23,2026-02-02,In-Person Workshop,False,True
U05570,Risk and Compliance,Risk Analyst,Canada - East,Individual Contributor,2017-03-16,2026-06-11,6,2026-06-07,2026-06-28,Live Virtual,False,True
U05571,Retail Banking,Associate,US - Northeast,Individual Contributor,2018-06-30,2026-04-19,4,2026-04-18,2026-04-25,In-Person Workshop,False,True
U05572,Retail Banking,Associate,US - Northeast,Individual Contributor,2022-07-20,2026-05-27,6,2026-05-20,,In-Person Workshop,False,True
U05573,Technology,Developer,Europe,Individual Contributor,2022-01-23,2026-02-14,2,2026-02-08,2026-03-01,Self-Paced eLearning,True,True
U05574,Risk and Compliance,Risk Analyst,Canada - West,Individual Contributor,2021-10-14,2026-05-01,5,2026-04-30,,Self-Paced eLearning,False,True
U05575,Operations,Associate,Canada - East,Individual Contributor,2022-03-06,2026-04-04,4,2026-04-02,2026-04-12,Live Virtual,False,True
U05576,Retail Banking,Associate,US - Northeast,Individual Contributor,2023-04-13,2026-05-15,5,2026-05-13,2026-05-31,Self-Paced eLearning,True,True
U05577,Corporate Functions,Associate,Canada - East,Individual Contributor,2023-08-12,2026-02-28,2,2026-02-27,2026-03-03,Self-Paced eLearning,True,True
U05578,Commercial Banking,Relationship Manager,Canada - East,Individual Contributor,2020-05-07,2026-02-19,2,2026-02-13,2026-02-23,Live Virtual,False,True
U05579,Wealth Management,Associate,US - Northeast,Individual Contributor,2019-02-09,2026-05-07,5,2026-05-07,2026-05-14,In-Person Workshop,False,True
U05580,Capital Markets,Analyst,Canada - East,Individual Contributor,2021-03-31,2026-01-30,1,2026-01-29,2026-02-01,Self-Paced eLearning,False,True
U05581,Commercial Banking,Associate,Europe,Individual Contributor,2022-08-27,2026-02-24,2,2026-02-19,2026-02-28,Self-Paced eLearning,False,True
U05582,Operations,Associate,Europe,Individual Contributor,2016-11-20,2026-05-08,5,2026-05-02,,Self-Paced eLearning,False,True
U05583,Operations,Associate,APAC,Individual Contributor,2020-06-23,2026-05-19,5,2026-05-13,,Self-Paced eLearning,False,True
U05584,Capital Markets,Analyst,Canada - East,Individual Contributor,2025-05-21,2026-03-08,3,2026-03-01,2026-03-18,Live Virtual,False,True
U05585,Capital Markets,Associate,Europe,Individual Contributor,2016-02-22,2026-04-11,4,2026-04-05,2026-04-09,Live Virtual,False,True
U05586,Corporate Functions,Analyst,US - Midwest,Individual Contributor,2018-05-06,2026-06-13,6,2026-06-09,2026-06-26,In-Person Workshop,False,True
U05587,Technology,Developer,Europe,Individual Contributor,2025-08-08,2026-01-22,1,2026-01-18,2026-02-02,Live Virtual,False,True
U05588,Operations,Operations Specialist,APAC,Individual Contributor,2020-03-07,2026-04-01,4,2026-03-27,,In-Person Workshop,False,True
U05589,Technology,Developer,APAC,Individual Contributor,2021-09-06,2026-01-12,1,2026-01-07,2026-01-10,Self-Paced eLearning,False,True
U05590,Commercial Banking,Analyst,US - Northeast,Individual Contributor,2025-03-02,2026-02-10,2,2026-02-04,2026-02-19,In-Person Workshop,,True
U05591,Operations,Operations Specialist,Canada - West,Individual Contributor,2020-03-10,2026-06-13,6,2026-06-08,,Self-Paced eLearning,True,True
U05592,Wealth Management,Analyst,US - Northeast,Individual Contributor,2018-11-10,2026-03-12,3,2026-03-05,,Self-Paced eLearning,False,True
U05593,Commercial Banking,Relationship Manager,US - Northeast,Individual Contributor,2021-05-12,2026-03-12,3,2026-03-05,,Self-Paced eLearning,False,True
U05594,Retail Banking,Relationship Manager,Canada - West,Individual Contributor,2021-08-11,2026-03-18,3,2026-03-18,,Live Virtual,False,True
U05595,Technology,Analyst,Europe,Individual Contributor,2024-01-08,2026-01-20,1,2026-01-15,2026-01-27,In-Person Workshop,True,True
U05596,Commercial Banking,Analyst,Europe,Individual Contributor,2025-05-15,2026-04-07,4,2026-04-01,2026-04-12,Manager-Led Briefing,False,True
U05597,Risk and Compliance,Manager,Canada - West,People Manager,2017-01-16,2026-06-07,6,2026-06-01,2026-06-22,Live Virtual,False,False
U05598,Operations,Operations Specialist,Europe,Individual Contributor,2017-07-24,2026-01-14,1,2026-01-08,2026-01-29,Manager-Led Briefing,False,True
U05599,Technology,Analyst,Canada - West,Individual Contributor,2022-07-11,2026-04-13,4,2026-04-08,2026-04-29,Self-Paced eLearning,False,True
U05600,Technology,Developer,APAC,Individual Contributor,2019-08-25,2026-02-02,2,2026-01-27,2026-02-01,Self-Paced eLearning,False,True
U05601,Technology,Developer,Canada - East,Individual Contributor,2023-07-19,2026-05-02,5,2026-04-30,,Live Virtual,False,True
U05602,Retail Banking,Analyst,Canada - East,Individual Contributor,2017-02-07,2026-02-07,2,2026-02-04,2026-02-23,Live Virtual,False,True
U05603,Risk and Compliance,Risk Analyst,Europe,Individual Contributor,2022-08-25,2026-04-18,4,2026-04-12,2026-04-24,Live Virtual,False,True
U05604,Risk and Compliance,Director,Canada - West,Senior Leader,2017-02-14,2026-04-28,5,2026-04-28,2026-05-11,Self-Paced eLearning,False,True
U05605,Technology,Associate,US - Northeast,Individual Contributor,2017-01-27,2026-01-18,1,2026-01-11,2026-01-22,Live Virtual,False,True
U05606,Technology,Developer,Canada - East,Individual Contributor,2022-02-26,2026-04-11,4,2026-04-11,2026-04-15,Self-Paced eLearning,True,True
U05607,Retail Banking,Associate,Europe,Individual Contributor,2016-08-20,2026-03-25,3,2026-03-24,,Live Virtual,False,True
U05608,Commercial Banking,Relationship Manager,US - Midwest,Individual Contributor,2019-05-30,2026-01-05,1,2026-01-05,2026-01-18,Live Virtual,False,True
U05609,Operations,Analyst,APAC,Individual Contributor,2017-05-20,2026-04-07,4,2026-04-01,2026-04-12,Self-Paced eLearning,False,True
U05610,Capital Markets,Analyst,Canada - West,Individual Contributor,2024-11-26,2026-01-26,1,2026-01-26,2026-02-10,Self-Paced eLearning,False,True
U05611,Retail Banking,Relationship Manager,US - Northeast,Individual Contributor,2022-08-15,2026-03-30,4,2026-03-30,2026-04-09,Live Virtual,True,True
U05612,Capital Markets,Associate,Canada - West,Individual Contributor,2018-11-22,2026-04-04,4,2026-03-30,2026-04-16,Self-Paced eLearning,False,True
U05613,Operations,Associate,Europe,Individual Contributor,2020-04-28,2026-01-07,1,2026-01-01,,In-Person Workshop,False,True
U05614,Commercial Banking,Analyst,US - Northeast,Individual Contributor,2019-11-06,2026-02-16,2,2026-02-09,,In-Person Workshop,False,True
U05615,Commercial Banking,Relationship Manager,Canada - East,Individual Contributor,2020-12-05,2026-04-07,4,2026-03-31,2026-04-06,Live Virtual,False,True
U05616,Retail Banking,Relationship Manager,Canada - East,Individual Contributor,2018-10-04,2026-05-08,5,2026-05-08,,Live Virtual,False,True
U05617,Operations,Operations Specialist,Europe,Individual Contributor,2022-10-14,2026-06-06,6,2026-06-04,,Live Virtual,False,True
U05618,Wealth Management,Manager,US - Midwest,People Manager,2025-05-24,2026-04-25,4,2026-04-18,,Self-Paced eLearning,False,True
U05619,Commercial Banking,Relationship Manager,Canada - East,Individual Contributor,2023-04-23,2026-06-20,6,2026-06-18,2026-06-25,Manager-Led Briefing,False,True
U05620,Retail Banking,Associate,US - Northeast,Individual Contributor,2022-01-01,2026-04-17,4,2026-04-16,,Live Virtual,False,True
U05621,Operations,Manager,US - Northeast,People Manager,2018-07-13,2026-03-16,3,2026-03-13,2026-04-02,Live Virtual,False,True
U05622,Operations,Associate,Canada - West,Individual Contributor,2018-01-27,2026-03-19,3,2026-03-19,,Live Virtual,False,True
U05623,Commercial Banking,Relationship Manager,Canada - West,Individual Contributor,2023-07-05,2026-02-03,2,2026-02-02,2026-02-13,Live Virtual,False,True
U05624,Commercial Banking,Relationship Manager,APAC,Individual Contributor,2017-06-30,2026-03-09,3,2026-03-02,2026-03-17,In-Person Workshop,False,True
U05625,Retail Banking,Associate,Canada - West,Individual Contributor,2020-12-26,2026-03-01,2,2026-02-25,,Self-Paced eLearning,False,True
U05626,Commercial Banking,Relationship Manager,APAC,Individual Contributor,2024-01-14,2026-02-21,2,2026-02-14,2026-02-20,Self-Paced eLearning,False,True
U05627,Capital Markets,Analyst,US - Midwest,Individual Contributor,2025-05-31,2026-01-09,1,2026-01-06,2026-01-20,Self-Paced eLearning,False,True
U05628,Capital Markets,Associate,US - Northeast,Individual Contributor,2022-11-24,2026-02-07,2,2026-02-07,,Live Virtual,False,True
U05629,Retail Banking,Associate,US - Northeast,Individual Contributor,2020-04-28,2026-03-14,3,2026-03-07,2026-03-23,Self-Paced eLearning,False,True
U05630,Operations,Director,APAC,Senior Leader,2025-11-21,2026-05-01,5,2026-04-25,2026-05-11,Live Virtual,False,True
U05631,Operations,Operations Specialist,Canada - East,Individual Contributor,2022-06-16,2026-04-07,4,2026-04-03,,Self-Paced eLearning,False,True
U05632,Retail Banking,Relationship Manager,Canada - East,Individual Contributor,2020-03-19,2026-05-23,5,2026-05-21,,Live Virtual,False,True
U05633,Operations,Operations Specialist,Canada - West,Individual Contributor,2017-05-24,2026-05-31,6,2026-05-24,2026-05-28,Live Virtual,False,True
U05634,Retail Banking,Relationship Manager,Europe,Individual Contributor,2022-01-13,2026-04-19,4,2026-04-14,2026-05-02,Manager-Led Briefing,False,True
U05635,Retail Banking,Associate,US - Midwest,Individual Contributor,2017-11-03,2026-03-15,3,2026-03-13,,Live Virtual,,True
U05636,Commercial Banking,Associate,Europe,Individual Contributor,2022-09-01,2026-04-20,4,2026-04-16,,Manager-Led Briefing,False,True
U05637,Retail Banking,Analyst,Europe,Individual Contributor,2016-01-13,2026-03-26,3,2026-03-19,2026-03-30,Self-Paced eLearning,True,True
U05638,Capital Markets,Associate,Canada - East,Individual Contributor,2020-01-11,2026-03-06,3,2026-02-27,2026-03-16,Manager-Led Briefing,True,True
U05639,Retail Banking,Manager,Canada - West,People Manager,2021-10-28,2026-01-09,1,2026-01-07,2026-01-21,In-Person Workshop,False,True
U05640,Technology,Developer,Canada - East,Individual Contributor,2022-10-25,2026-01-07,1,2026-01-05,2026-01-23,Live Virtual,False,True
U05641,Operations,Operations Specialist,Europe,Individual Contributor,2017-12-26,2026-03-16,3,2026-03-11,,Live Virtual,True,True
U05642,Wealth Management,Relationship Manager,Europe,Individual Contributor,2024-03-14,2026-04-25,4,2026-04-20,,In-Person Workshop,False,True
U05643,Wealth Management,Relationship Manager,APAC,Individual Contributor,2023-11-05,2026-02-13,2,2026-02-07,2026-02-13,Live Virtual,False,True
U05644,Operations,Manager,Canada - East,People Manager,2020-06-10,2026-04-04,4,2026-03-28,2026-04-08,Self-Paced eLearning,False,True
U05645,Commercial Banking,Associate,APAC,Individual Contributor,2017-01-22,2026-02-23,2,2026-02-22,,In-Person Workshop,False,True
U05646,Retail Banking,Analyst,Europe,Individual Contributor,2019-10-09,2026-01-09,1,2026-01-04,2026-01-08,Live Virtual,False,True
U05647,Commercial Banking,Manager,US - Northeast,People Manager,2019-11-24,2026-03-06,3,2026-03-05,,In-Person Workshop,False,False
U05648,Retail Banking,Associate,US - Northeast,Individual Contributor,2024-02-16,2026-05-31,6,2026-05-27,,Manager-Led Briefing,False,True
U05649,Operations,Associate,Canada - West,Individual Contributor,2018-12-18,2026-03-22,3,2026-03-21,2026-03-30,Self-Paced eLearning,False,True
U05650,Retail Banking,Relationship Manager,Canada - East,Individual Contributor,2021-12-25,2026-03-27,3,2026-03-25,2026-04-13,Self-Paced eLearning,False,True
U05651,Risk and Compliance,Analyst,Canada - East,Individual Contributor,2017-08-05,2026-02-02,2,2026-02-01,2026-02-20,Self-Paced eLearning,False,True
U05652,Operations,Analyst,Canada - East,Individual Contributor,2018-12-16,2026-02-17,2,2026-02-15,2026-02-27,Self-Paced eLearning,False,True
U05653,Commercial Banking,Relationship Manager,Canada - East,Individual Contributor,2023-10-21,2026-04-03,4,2026-04-03,2026-04-24,In-Person Workshop,False,True
U05654,Operations,Operations Specialist,Canada - West,Individual Contributor,2025-11-07,2026-03-05,3,2026-02-27,2026-03-03,Live Virtual,False,True
U05655,Operations,Associate,US - Northeast,Individual Contributor,2022-03-14,2026-03-20,3,2026-03-13,2026-04-03,Live Virtual,False,True
U05656,Retail Banking,Associate,US - Northeast,Individual Contributor,2017-03-24,2026-03-17,3,2026-03-12,,Self-Paced eLearning,False,True
U05657,Risk and Compliance,Manager,Canada - West,People Manager,2016-07-25,2026-02-06,2,2026-02-06,2026-02-09,In-Person Workshop,False,True
U05658,Wealth Management,Analyst,APAC,Individual Contributor,2022-08-23,2026-01-11,1,2026-01-10,,Self-Paced eLearning,False,True
U05659,Retail Banking,Analyst,Canada - East,Individual Contributor,2017-12-04,2026-03-02,3,2026-02-28,,Live Virtual,False,True
U05660,Capital Markets,Associate,US - Northeast,Individual Contributor,2017-03-06,2026-02-06,2,2026-02-06,2026-02-19,Self-Paced eLearning,False,True
U05661,Operations,Director,US - Northeast,Senior Leader,2021-01-13,2026-01-10,1,2026-01-09,,Live Virtual,False,True
U05662,Retail Banking,Analyst,Canada - East,Individual Contributor,2024-09-11,2026-05-05,5,2026-05-01,,In-Person Workshop,False,True
U05663,Technology,Developer,Canada - West,Individual Contributor,2021-10-19,2026-01-27,1,2026-01-27,2026-02-16,Live Virtual,True,True
U05664,Retail Banking,Associate,Canada - West,Individual Contributor,2022-05-06,2026-02-16,2,2026-02-09,2026-02-19,Live Virtual,True,True
U05665,Retail Banking,Analyst,Canada - West,Individual Contributor,2019-04-15,2026-01-31,1,2026-01-28,2026-02-04,Self-Paced eLearning,False,True
U05666,Commercial Banking,Associate,APAC,Individual Contributor,2017-01-28,2026-01-11,1,2026-01-11,2026-01-19,Self-Paced eLearning,False,True
U05667,Retail Banking,Relationship Manager,US - Midwest,Individual Contributor,2022-02-28,2026-06-09,6,2026-06-06,2026-06-21,Self-Paced eLearning,False,True
U05668,Risk and Compliance,Risk Analyst,US - Northeast,Individual Contributor,2020-01-01,2026-05-16,5,2026-05-09,2026-05-18,Live Virtual,True,True
U05669,Commercial Banking,Relationship Manager,APAC,Individual Contributor,2020-01-29,2026-06-03,6,2026-05-28,2026-06-10,Self-Paced eLearning,False,True
U05670,Wealth Management,Manager,US - Midwest,People Manager,2021-05-26,2026-05-09,5,2026-05-02,2026-05-14,Self-Paced eLearning,False,True
U05671,Commercial Banking,Analyst,Canada - East,Individual Contributor,2018-10-10,2026-06-08,6,2026-06-08,2026-06-29,Self-Paced eLearning,False,True
U05672,Risk and Compliance,Director,Canada - West,Senior Leader,2022-12-10,2026-03-07,3,2026-03-02,2026-03-13,Live Virtual,False,True
U05673,Operations,Operations Specialist,Canada - West,Individual Contributor,2022-04-26,2026-03-16,3,2026-03-14,,In-Person Workshop,False,True
U05674,Technology,Manager,US - Midwest,People Manager,2018-11-22,2026-01-21,1,2026-01-20,2026-01-30,Live Virtual,True,True
U05675,Technology,Associate,US - Northeast,Individual Contributor,2018-07-10,2026-04-17,4,2026-04-13,2026-04-19,Live Virtual,False,True
U05676,Risk and Compliance,Risk Analyst,Canada - East,Individual Contributor,2024-10-18,2026-04-29,5,2026-04-24,,In-Person Workshop,False,True
U05677,Retail Banking,Associate,Europe,Individual Contributor,2025-01-24,2026-03-27,3,2026-03-23,2026-04-04,Self-Paced eLearning,False,True
U05678,Technology,Director,US - Midwest,Senior Leader,2016-12-21,,2,2026-02-10,2026-03-02,Self-Paced eLearning,False,False
U05679,Capital Markets,Manager,Canada - East,People Manager,2021-05-24,2026-01-29,1,2026-01-23,,Self-Paced eLearning,False,True
U05680,Operations,Operations Specialist,Canada - West,Individual Contributor,2023-02-28,2026-04-17,4,2026-04-15,,Self-Paced eLearning,False,True
U05681,Risk and Compliance,Analyst,US - Northeast,Individual Contributor,2021-07-17,2026-02-26,2,2026-02-19,2026-02-23,Self-Paced eLearning,True,True
U05682,Operations,Manager,US - Midwest,People Manager,2017-12-30,2026-01-21,1,2026-01-20,2026-01-28,Live Virtual,False,False
U05683,Retail Banking,Relationship Manager,Canada - East,Individual Contributor,2016-10-12,2026-01-05,1,2026-01-04,,Self-Paced eLearning,False,True
U05684,Commercial Banking,Associate,Canada - East,Individual Contributor,2019-03-28,2026-06-01,6,2026-05-25,2026-06-14,Self-Paced eLearning,False,True
U05685,Operations,Director,Europe,Senior Leader,2023-08-21,2026-06-10,6,2026-06-07,2026-06-24,Self-Paced eLearning,False,True
U05686,Retail Banking,Analyst,Canada - East,Individual Contributor,2023-02-03,2026-01-30,1,2026-01-25,2026-02-09,Live Virtual,False,False
U05687,Retail Banking,Associate,US - Midwest,Individual Contributor,2018-02-05,2026-02-22,2,2026-02-21,2026-03-13,Live Virtual,False,True
U05688,Retail Banking,Relationship Manager,Canada - West,Individual Contributor,2019-03-22,2026-02-16,2,2026-02-14,,Manager-Led Briefing,False,True
U05689,Capital Markets,Associate,US - Northeast,Individual Contributor,2021-11-26,2026-04-07,4,2026-04-01,2026-04-17,Live Virtual,False,True
U05690,Risk and Compliance,Risk Analyst,US - Midwest,Individual Contributor,2018-10-31,2026-02-22,2,2026-02-21,,In-Person Workshop,False,True
U05691,Technology,Manager,US - Northeast,People Manager,2021-11-04,2026-02-03,2,2026-01-30,2026-02-14,Self-Paced eLearning,True,True
U05692,Retail Banking,Relationship Manager,US - Midwest,Individual Contributor,2018-10-26,2026-06-12,6,2026-06-05,2026-06-24,Self-Paced eLearning,False,False
U05693,Technology,Associate,Canada - East,Individual Contributor,2016-07-31,2026-01-21,1,2026-01-17,2026-01-29,Self-Paced eLearning,False,True
U05694,Wealth Management,Relationship Manager,US - Northeast,Individual Contributor,2021-02-15,2026-04-12,4,2026-04-11,2026-05-01,Live Virtual,False,True
U05695,Capital Markets,Manager,Canada - East,People Manager,2018-06-30,2026-02-18,2,2026-02-14,2026-02-20,Live Virtual,False,True
U05696,Operations,Associate,US - Midwest,Individual Contributor,2016-10-19,2026-06-14,6,2026-06-13,2026-06-30,Self-Paced eLearning,False,True
U05697,Retail Banking,Analyst,APAC,Individual Contributor,2024-05-19,2026-03-12,3,2026-03-06,2026-03-12,Self-Paced eLearning,False,True
U05698,Risk and Compliance,Risk Analyst,Europe,Individual Contributor,2024-01-28,,3,2026-03-17,,In-Person Workshop,False,False
U05699,Wealth Management,Manager,Canada - East,People Manager,2020-10-14,2026-04-07,4,2026-04-03,,Manager-Led Briefing,False,True
U05700,Retail Banking,Associate,Canada - East,Individual Contributor,2016-02-08,2026-01-30,1,2026-01-24,,In-Person Workshop,False,True
U05701,Wealth Management,Relationship Manager,US - Midwest,Individual Contributor,2025-11-16,2026-04-01,4,2026-03-28,,Self-Paced eLearning,,True
U05702,Retail Banking,Associate,US - Northeast,Individual Contributor,2022-08-10,2026-02-22,2,2026-02-21,,Self-Paced eLearning,False,True
U05703,Retail Banking,Relationship Manager,US - Northeast,Individual Contributor,2016-06-26,2026-04-18,4,2026-04-18,2026-05-01,Self-Paced eLearning,False,True
U05704,Capital Markets,Associate,US - Northeast,Individual Contributor,2017-12-16,2026-04-29,5,2026-04-26,2026-04-29,Manager-Led Briefing,False,True
U05705,Technology,Analyst,Canada - East,Individual Contributor,2016-10-06,2026-01-09,1,2026-01-09,2026-01-15,Live Virtual,True,True
U05706,Operations,Associate,US - Northeast,Individual Contributor,2022-08-18,2026-03-17,3,2026-03-11,,Live Virtual,False,True
U05707,Risk and Compliance,Director,Canada - East,Senior Leader,2024-06-03,2026-04-27,5,2026-04-24,2026-05-09,Live Virtual,False,True
U05708,Wealth Management,Relationship Manager,Canada - West,Individual Contributor,2017-03-13,2026-05-10,5,2026-05-07,,Live Virtual,True,True
U05709,Retail Banking,Relationship Manager,Canada - East,Individual Contributor,2018-06-04,2026-02-04,2,2026-02-01,,Live Virtual,False,True
U05710,Commercial Banking,Relationship Manager,Canada - East,Individual Contributor,2023-02-06,2026-04-13,4,2026-04-09,,Live Virtual,False,True
U05711,Capital Markets,Analyst,Canada - West,Individual Contributor,2023-01-28,2026-04-21,4,2026-04-14,2026-04-21,Live Virtual,False,True
U05712,Technology,Associate,US - Midwest,Individual Contributor,2023-07-05,2026-01-09,1,2026-01-04,2026-01-20,Self-Paced eLearning,True,True
U05713,Corporate Functions,Manager,US - Midwest,People Manager,2017-01-14,2026-01-12,1,2026-01-11,2026-01-23,Self-Paced eLearning,False,True
U05714,Commercial Banking,Associate,Canada - East,Individual Contributor,2018-09-03,2026-04-09,4,2026-04-03,,Self-Paced eLearning,True,True
U05715,Retail Banking,Relationship Manager,US - Northeast,Individual Contributor,2018-02-26,2026-06-06,6,2026-06-02,2026-06-17,Self-Paced eLearning,False,True
U05716,Retail Banking,Analyst,Canada - East,Individual Contributor,2021-09-28,2026-02-05,2,2026-02-05,2026-02-23,Self-Paced eLearning,False,True
U05717,Wealth Management,Director,Canada - East,Senior Leader,2016-02-18,2026-06-01,6,2026-05-25,2026-06-06,Live Virtual,False,True
U05718,Corporate Functions,Manager,Canada - West,People Manager,2019-08-30,2026-05-16,5,2026-05-12,,Live Virtual,False,True
U05719,Retail Banking,Manager,Canada - West,People Manager,2016-09-10,2026-04-22,4,2026-04-18,2026-04-25,Self-Paced eLearning,False,True
U05720,Retail Banking,Relationship Manager,Canada - East,Individual Contributor,2018-08-10,2026-02-09,2,2026-02-07,2026-02-24,In-Person Workshop,False,True
U05721,Capital Markets,Analyst,US - Midwest,Individual Contributor,2020-05-18,2026-01-25,1,2026-01-22,2026-02-04,Self-Paced eLearning,False,True
U05722,Retail Banking,Relationship Manager,Europe,Individual Contributor,2024-02-19,2026-04-21,4,2026-04-17,,Self-Paced eLearning,False,True
U05723,Retail Banking,Analyst,Canada - East,Individual Contributor,2023-10-06,2026-02-12,2,2026-02-10,2026-02-16,In-Person Workshop,True,True
U05724,Risk and Compliance,Analyst,US - Northeast,Individual Contributor,2020-06-04,2026-04-13,4,2026-04-13,,Self-Paced eLearning,False,True
U05725,Wealth Management,Manager,Canada - East,People Manager,2023-06-30,2026-05-19,5,2026-05-14,,Live Virtual,False,True
U05726,Risk and Compliance,Risk Analyst,Canada - West,Individual Contributor,2016-03-12,2026-05-25,6,2026-05-25,2026-06-04,Live Virtual,False,True
U05727,Commercial Banking,Associate,Canada - East,Individual Contributor,2024-01-10,2026-03-25,3,2026-03-20,2026-03-28,Self-Paced eLearning,False,True
U05728,Operations,Operations Specialist,US - Northeast,Individual Contributor,2017-10-09,2026-03-15,3,2026-03-12,,Self-Paced eLearning,False,True
U05729,Risk and Compliance,Risk Analyst,Canada - West,Individual Contributor,2022-12-31,2026-01-10,1,2026-01-05,2026-01-13,Live Virtual,False,True
U05730,Operations,Analyst,Canada - West,Individual Contributor,2018-04-21,,1,2026-01-10,,Live Virtual,False,False
U05731,Retail Banking,Relationship Manager,Canada - West,Individual Contributor,2017-02-22,2026-03-30,4,2026-03-27,2026-04-09,Self-Paced eLearning,False,True
U05732,Risk and Compliance,Risk Analyst,Canada - West,Individual Contributor,2025-11-16,2026-04-11,4,2026-04-10,,Self-Paced eLearning,False,True
U05733,Commercial Banking,Manager,Canada - West,People Manager,2025-10-26,2026-03-04,3,2026-02-25,2026-03-04,Live Virtual,True,True
U05734,Risk and Compliance,Manager,US - Northeast,People Manager,2016-03-04,2026-06-20,6,2026-06-14,2026-06-21,Live Virtual,False,False
U05735,Retail Banking,Associate,Canada - East,Individual Contributor,2025-01-24,2026-04-19,4,2026-04-16,2026-05-07,Live Virtual,False,True
U05736,Corporate Functions,Manager,Canada - East,People Manager,2024-09-18,2026-02-09,2,2026-02-08,,Self-Paced eLearning,False,True
U05737,Commercial Banking,Relationship Manager,Europe,Individual Contributor,2022-01-28,2026-03-31,4,2026-03-25,2026-04-12,Self-Paced eLearning,False,True
U05738,Commercial Banking,Manager,US - Midwest,People Manager,2023-06-30,2026-06-08,6,2026-06-01,2026-06-12,Live Virtual,True,True
U05739,Risk and Compliance,Analyst,Canada - West,Individual Contributor,2023-11-04,2026-05-26,6,2026-05-19,,Self-Paced eLearning,False,True
U05740,Operations,Operations Specialist,US - Northeast,Individual Contributor,2021-10-16,2026-01-22,1,2026-01-22,,In-Person Workshop,True,True
U05741,Capital Markets,Analyst,Canada - East,Individual Contributor,2025-12-06,2026-05-26,6,2026-05-22,2026-06-03,Self-Paced eLearning,False,True
U05742,Commercial Banking,Manager,Canada - West,People Manager,2019-08-18,2026-04-01,4,2026-03-29,,Self-Paced eLearning,False,True
U05743,Wealth Management,Manager,US - Midwest,People Manager,2023-09-16,2026-04-14,4,2026-04-07,2026-04-16,Self-Paced eLearning,False,True
U05744,Risk and Compliance,Risk Analyst,Canada - West,Individual Contributor,2025-05-26,2026-03-25,3,2026-03-19,2026-04-05,Self-Paced eLearning,True,False
U05745,Commercial Banking,Manager,US - Midwest,People Manager,2021-02-14,2026-04-29,5,2026-04-22,2026-05-13,Self-Paced eLearning,False,True
U05746,Retail Banking,Relationship Manager,Canada - West,Individual Contributor,2019-05-24,2026-04-26,4,2026-04-22,,Live Virtual,False,True
U05747,Retail Banking,Relationship Manager,APAC,Individual Contributor,2024-02-03,2026-06-04,6,2026-06-03,,Live Virtual,False,True
U05748,Corporate Functions,Director,Canada - East,Senior Leader,2022-07-29,,3,2026-03-04,2026-03-08,Self-Paced eLearning,True,False
U05749,Corporate Functions,Associate,APAC,Individual Contributor,2019-03-20,2026-03-29,3,2026-03-29,2026-04-16,Self-Paced eLearning,False,True
U05750,Corporate Functions,Operations Specialist,Canada - West,Individual Contributor,2025-05-28,2026-02-16,2,2026-02-11,2026-02-17,In-Person Workshop,True,True
U05751,Retail Banking,Associate,Europe,Individual Contributor,2024-11-05,2026-05-03,5,2026-04-29,2026-05-07,Live Virtual,False,True
U05752,Operations,Operations Specialist,Canada - West,Individual Contributor,2016-12-23,2026-01-14,1,2026-01-10,,Live Virtual,False,True
U05753,Capital Markets,Analyst,APAC,Individual Contributor,2021-02-13,2026-02-22,2,2026-02-19,2026-03-11,Self-Paced eLearning,False,True
U05754,Capital Markets,Analyst,Europe,Individual Contributor,2022-11-15,2026-01-20,1,2026-01-14,2026-01-26,In-Person Workshop,False,True
U05755,Retail Banking,Relationship Manager,US - Northeast,Individual Contributor,2019-01-08,2026-05-24,5,2026-05-21,2026-05-30,Live Virtual,False,True
U05756,Commercial Banking,Manager,US - Northeast,People Manager,2016-03-09,2026-04-08,4,2026-04-01,,In-Person Workshop,False,True
U05757,Retail Banking,Relationship Manager,Canada - West,Individual Contributor,2023-09-13,2026-04-22,4,2026-04-22,2026-05-11,In-Person Workshop,False,True
U05758,Technology,Developer,Canada - East,Individual Contributor,2018-05-02,2026-02-12,2,2026-02-07,2026-02-22,Live Virtual,False,True
U05759,Retail Banking,Associate,US - Northeast,Individual Contributor,2021-05-17,2026-04-02,4,2026-04-01,2026-04-10,Live Virtual,False,True
U05760,Retail Banking,Associate,APAC,Individual Contributor,2016-11-01,2026-06-09,6,2026-06-07,2026-06-11,Live Virtual,False,True
U05761,Retail Banking,Relationship Manager,Canada - East,Individual Contributor,2018-08-03,2026-05-08,5,2026-05-06,2026-05-09,In-Person Workshop,False,True
U05762,Risk and Compliance,Risk Analyst,Canada - West,Individual Contributor,2024-10-02,2026-05-07,5,2026-05-02,2026-05-17,In-Person Workshop,True,True
U05763,Capital Markets,Manager,Canada - East,People Manager,2022-04-08,2026-02-10,2,2026-02-08,2026-03-01,Live Virtual,True,True
U05764,Risk and Compliance,Risk Analyst,US - Midwest,Individual Contributor,2020-03-04,2026-05-13,5,2026-05-06,2026-05-16,Self-Paced eLearning,False,True
U05765,Technology,Director,Canada - East,Senior Leader,2021-05-28,2026-02-22,2,2026-02-15,2026-02-20,Live Virtual,False,True
U05766,Operations,Operations Specialist,Canada - West,Individual Contributor,2022-06-03,2026-05-22,5,2026-05-15,2026-05-23,Self-Paced eLearning,False,True
U05767,Operations,Operations Specialist,Canada - West,Individual Contributor,2018-10-20,2026-02-09,2,2026-02-05,,Self-Paced eLearning,False,True
U05768,Commercial Banking,Relationship Manager,US - Midwest,Individual Contributor,2016-05-02,2026-01-20,1,2026-01-14,,Live Virtual,False,False
U05769,Operations,Operations Specialist,Canada - West,Individual Contributor,2017-04-03,2026-04-12,4,2026-04-09,,Manager-Led Briefing,False,True
U05770,Capital Markets,Analyst,Canada - West,Individual Contributor,2018-11-27,2026-02-15,2,2026-02-11,,In-Person Workshop,False,True
U05771,Wealth Management,Relationship Manager,Canada - East,Individual Contributor,2020-07-02,2026-01-25,1,2026-01-21,2026-02-04,Manager-Led Briefing,False,True
U05772,Risk and Compliance,Risk Analyst,Canada - East,Individual Contributor,2016-02-14,2026-04-02,4,2026-03-29,2026-04-07,Self-Paced eLearning,False,True
U05773,Retail Banking,Associate,US - Northeast,Individual Contributor,2021-08-15,2026-02-23,2,2026-02-21,2026-03-06,Live Virtual,False,True
U05774,Technology,Analyst,APAC,Individual Contributor,2018-08-07,2026-01-23,1,2026-01-17,2026-01-22,Live Virtual,False,True
U05775,Retail Banking,Manager,Canada - West,People Manager,2023-12-21,2026-03-06,3,2026-03-06,2026-03-16,In-Person Workshop,False,True
U05776,Retail Banking,Relationship Manager,US - Midwest,Individual Contributor,2022-05-11,2026-03-16,3,2026-03-10,2026-03-24,In-Person Workshop,False,True
U05777,Capital Markets,Analyst,Canada - West,Individual Contributor,2024-12-07,2026-03-16,3,2026-03-15,2026-03-23,In-Person Workshop,False,True
U05778,Technology,Developer,Canada - West,Individual Contributor,2019-03-05,2026-03-16,3,2026-03-13,2026-03-23,Live Virtual,True,True
U05779,Capital Markets,Director,Canada - West,Senior Leader,2024-01-08,2026-01-05,1,2026-01-03,2026-01-07,Live Virtual,False,True
U05780,Retail Banking,Associate,Canada - East,Individual Contributor,2022-04-05,2026-05-08,5,2026-05-02,,In-Person Workshop,False,True
U05781,Corporate Functions,Analyst,Canada - East,Individual Contributor,2021-04-15,2026-04-15,4,2026-04-11,,Self-Paced eLearning,False,True
U05782,Corporate Functions,Director,Canada - East,Senior Leader,2018-06-27,2026-04-20,4,2026-04-15,2026-04-20,In-Person Workshop,False,True
U05783,Technology,Analyst,Europe,Individual Contributor,2016-10-21,2026-02-01,1,2026-01-29,,Self-Paced eLearning,False,True
U05784,Risk and Compliance,Analyst,APAC,Individual Contributor,2025-07-21,2026-03-30,4,2026-03-24,2026-04-13,Self-Paced eLearning,False,True
U05785,Retail Banking,Analyst,Canada - East,Individual Contributor,2024-10-30,2026-02-11,2,2026-02-09,2026-02-15,In-Person Workshop,False,True
U05786,Capital Markets,Manager,US - Northeast,People Manager,2025-10-18,2026-04-11,4,2026-04-04,2026-04-14,Self-Paced eLearning,True,True
U05787,Risk and Compliance,Risk Analyst,Canada - West,Individual Contributor,2016-10-21,2026-06-06,6,2026-06-04,,Self-Paced eLearning,True,True
U05788,Wealth Management,Relationship Manager,Europe,Individual Contributor,2024-09-01,2026-06-17,6,2026-06-12,2026-06-23,Manager-Led Briefing,False,True
U05789,Wealth Management,Relationship Manager,US - Midwest,Individual Contributor,2018-04-07,2026-04-25,4,2026-04-19,2026-05-07,Self-Paced eLearning,False,True
U05790,Technology,Manager,Canada - East,People Manager,2024-01-23,2026-02-10,2,2026-02-07,2026-02-25,In-Person Workshop,False,True
U05791,Wealth Management,Relationship Manager,Canada - East,Individual Contributor,2024-02-10,2026-03-11,3,2026-03-11,2026-03-19,Self-Paced eLearning,False,True
U05792,Commercial Banking,Relationship Manager,US - Midwest,Individual Contributor,2024-05-22,2026-04-28,5,2026-04-27,2026-05-09,Live Virtual,False,True
U05793,Retail Banking,Analyst,Canada - West,Individual Contributor,2018-12-06,2026-06-21,6,2026-06-21,2026-07-02,Self-Paced eLearning,False,True
U05794,Retail Banking,Relationship Manager,Europe,Individual Contributor,2020-12-28,2026-03-01,2,2026-03-01,,Self-Paced eLearning,False,True
U05795,Capital Markets,Analyst,Canada - East,Individual Contributor,2021-11-12,2026-04-21,4,2026-04-17,2026-04-29,Live Virtual,True,True
U05796,Commercial Banking,Manager,APAC,People Manager,2019-05-12,2026-05-25,6,2026-05-24,2026-05-28,Live Virtual,False,True
U05797,Technology,Developer,US - Northeast,Individual Contributor,2016-05-30,2026-01-09,1,2026-01-05,2026-01-20,Self-Paced eLearning,False,True
U05798,Risk and Compliance,Analyst,US - Northeast,Individual Contributor,2018-03-08,2026-04-19,4,2026-04-13,,Live Virtual,False,True
U05799,Commercial Banking,Relationship Manager,US - Midwest,Individual Contributor,2018-10-02,2026-01-26,1,2026-01-26,2026-02-03,Live Virtual,True,True
U05800,Operations,Associate,Canada - East,Individual Contributor,2019-01-03,2026-05-07,5,2026-05-04,,Live Virtual,False,True
U05801,Operations,Operations Specialist,Canada - East,Individual Contributor,2021-05-17,2026-01-06,1,2025-12-30,,Self-Paced eLearning,False,True
U05802,Commercial Banking,Analyst,Canada - West,Individual Contributor,2019-05-06,2026-02-16,2,2026-02-09,2026-02-17,In-Person Workshop,,True
U05803,Capital Markets,Associate,Canada - West,Individual Contributor,2020-12-21,2026-03-20,3,2026-03-20,2026-03-24,Self-Paced eLearning,False,True
U05804,Technology,Analyst,Canada - West,Individual Contributor,2024-12-05,2026-01-12,1,2026-01-09,2026-01-29,Self-Paced eLearning,True,True
U05805,Technology,Manager,US - Northeast,People Manager,2018-09-15,2026-01-30,1,2026-01-23,2026-01-30,Self-Paced eLearning,False,True
U05806,Capital Markets,Analyst,Canada - East,Individual Contributor,2019-07-26,2026-03-17,3,2026-03-10,2026-03-26,Live Virtual,False,True
U05807,Capital Markets,Associate,Canada - East,Individual Contributor,2017-05-06,2026-03-17,3,2026-03-10,2026-03-30,In-Person Workshop,True,True
U05808,Wealth Management,Relationship Manager,Canada - East,Individual Contributor,2022-09-01,2026-03-15,3,2026-03-12,2026-03-31,Self-Paced eLearning,False,True
U05809,Retail Banking,Associate,US - Midwest,Individual Contributor,2025-05-04,2026-01-28,1,2026-01-23,,In-Person Workshop,False,True
U05810,Capital Markets,Analyst,US - Northeast,Individual Contributor,2020-07-28,2026-02-21,2,2026-02-21,2026-03-05,Self-Paced eLearning,True,True
U05811,Technology,Developer,Europe,Individual Contributor,2020-06-15,2026-02-15,2,2026-02-08,2026-02-25,Live Virtual,False,True
U05812,Retail Banking,Manager,US - Northeast,People Manager,2019-08-21,2026-04-22,4,2026-04-17,2026-04-28,In-Person Workshop,False,True
U05813,Commercial Banking,Relationship Manager,Canada - West,Individual Contributor,2016-04-07,2026-03-06,3,2026-02-27,2026-03-12,Self-Paced eLearning,True,True
U05814,Capital Markets,Associate,Europe,Individual Contributor,2024-01-03,2026-02-01,1,2026-01-28,2026-02-02,Live Virtual,False,True
U05815,Technology,Analyst,Europe,Individual Contributor,2018-11-29,2026-01-28,1,2026-01-22,2026-02-09,Live Virtual,False,True
U05816,Wealth Management,Analyst,Europe,Individual Contributor,2018-02-17,2026-04-28,5,2026-04-21,2026-05-12,Self-Paced eLearning,False,True
U05817,Operations,Operations Specialist,Europe,Individual Contributor,2024-01-22,2026-06-21,6,2026-06-15,,In-Person Workshop,False,True
U05818,Retail Banking,Analyst,US - Northeast,Individual Contributor,2022-09-14,2026-03-10,3,2026-03-05,2026-03-25,Self-Paced eLearning,False,True
U05819,Operations,Associate,Europe,Individual Contributor,2025-04-07,2026-01-19,1,2026-01-17,,Live Virtual,False,True
U05820,Operations,Associate,Canada - West,Individual Contributor,2024-12-20,2026-03-28,3,2026-03-26,,In-Person Workshop,False,True
U05821,Commercial Banking,Analyst,Canada - East,Individual Contributor,2025-07-27,2026-03-10,3,2026-03-05,2026-03-10,Live Virtual,True,True
U05822,Wealth Management,Associate,Canada - East,Individual Contributor,2025-01-14,2026-04-28,5,2026-04-25,2026-05-04,Live Virtual,False,True
U05823,Capital Markets,Associate,Canada - West,Individual Contributor,2022-10-02,2026-04-07,4,2026-04-01,2026-04-06,Self-Paced eLearning,False,True
U05824,Retail Banking,Analyst,APAC,Individual Contributor,2016-05-23,2026-06-12,6,2026-06-05,2026-06-11,Self-Paced eLearning,False,True
U05825,Operations,Operations Specialist,Canada - West,Individual Contributor,2021-12-15,2026-05-12,5,2026-05-07,2026-05-12,Self-Paced eLearning,False,True
U05826,Retail Banking,Associate,US - Northeast,Individual Contributor,2024-04-04,2026-05-29,6,2026-05-24,2026-06-12,Live Virtual,True,True
U05827,Commercial Banking,Relationship Manager,US - Midwest,Individual Contributor,2025-06-18,2026-04-25,4,2026-04-22,2026-04-29,Live Virtual,True,False
U05828,Retail Banking,Relationship Manager,Europe,Individual Contributor,2019-10-17,2026-06-08,6,2026-06-02,2026-06-13,Self-Paced eLearning,False,True
U05829,Technology,Developer,US - Midwest,Individual Contributor,2022-02-20,2026-01-14,1,2026-01-11,2026-01-15,Live Virtual,False,True
U05830,Wealth Management,Associate,Canada - East,Individual Contributor,2023-08-05,2026-05-06,5,2026-04-30,2026-05-16,Live Virtual,False,True
U05831,Commercial Banking,Manager,Canada - West,People Manager,2022-11-30,2026-03-10,3,2026-03-10,2026-03-17,Live Virtual,False,True
U05832,Operations,Operations Specialist,US - Northeast,Individual Contributor,2016-08-14,2026-03-09,3,2026-03-09,2026-03-24,Self-Paced eLearning,False,True
U05833,Operations,Associate,Canada - East,Individual Contributor,2024-02-11,2026-05-20,5,2026-05-18,2026-05-27,Self-Paced eLearning,False,True
U05834,Commercial Banking,Manager,Europe,People Manager,2024-08-29,2026-02-08,2,2026-02-08,2026-02-28,Self-Paced eLearning,False,True
U05835,Technology,Developer,Canada - East,Individual Contributor,2023-03-10,2026-01-25,1,2026-01-25,2026-02-14,Self-Paced eLearning,True,True
U05836,Retail Banking,Manager,Canada - East,People Manager,2019-07-15,2026-04-26,4,2026-04-24,,Live Virtual,,True
U05837,Risk and Compliance,Risk Analyst,US - Northeast,Individual Contributor,2019-08-29,2026-06-17,6,2026-06-13,2026-06-17,Self-Paced eLearning,False,True
U05838,Technology,Director,Canada - West,Senior Leader,2023-03-07,2026-03-02,3,2026-03-01,2026-03-16,Live Virtual,True,True
U05839,Technology,Manager,Canada - West,People Manager,2023-11-30,2026-01-09,1,2026-01-06,,Self-Paced eLearning,True,True
U05840,Retail Banking,Analyst,US - Midwest,Individual Contributor,2018-10-01,2026-03-30,4,2026-03-29,,In-Person Workshop,True,True
U05841,Operations,Associate,Canada - East,Individual Contributor,2025-03-18,2026-04-07,4,2026-04-07,,Self-Paced eLearning,False,True
U05842,Operations,Associate,Europe,Individual Contributor,2018-07-25,2026-04-09,4,2026-04-07,,Live Virtual,False,True
U05843,Retail Banking,Analyst,US - Northeast,Individual Contributor,2024-07-17,2026-01-19,1,2026-01-16,2026-01-29,Live Virtual,False,True
U05844,Technology,Analyst,US - Northeast,Individual Contributor,2025-11-26,2026-01-18,1,2026-01-18,2026-01-28,Self-Paced eLearning,False,True
U05845,Technology,Developer,Canada - East,Individual Contributor,2023-04-27,2026-02-01,1,2026-01-30,2026-02-11,In-Person Workshop,True,True
U05846,Risk and Compliance,Analyst,Canada - East,Individual Contributor,2018-12-16,2026-04-04,4,2026-04-02,2026-04-09,Live Virtual,False,True
U05847,Corporate Functions,Manager,Canada - East,People Manager,2022-11-16,2026-03-15,3,2026-03-10,2026-03-31,Self-Paced eLearning,False,True
U05848,Retail Banking,Relationship Manager,APAC,Individual Contributor,2020-10-24,2026-06-16,6,2026-06-16,,Self-Paced eLearning,False,True
U05849,Retail Banking,Associate,APAC,Individual Contributor,2021-11-16,2026-02-27,2,2026-02-23,2026-03-14,Self-Paced eLearning,False,True
U05850,Wealth Management,Associate,Canada - East,Individual Contributor,2017-04-13,2026-04-23,4,2026-04-20,2026-04-24,In-Person Workshop,False,True
U05851,Corporate Functions,Director,US - Northeast,Senior Leader,2020-12-07,2026-05-24,5,2026-05-20,2026-05-24,Live Virtual,False,True
U05852,Risk and Compliance,Manager,Europe,People Manager,2020-05-24,2026-06-15,6,2026-06-10,2026-06-22,Self-Paced eLearning,False,True
U05853,Retail Banking,Associate,Canada - East,Individual Contributor,2020-08-09,2026-03-02,3,2026-02-27,2026-03-08,Self-Paced eLearning,False,True
U05854,Retail Banking,Manager,APAC,People Manager,2019-07-06,2026-05-10,5,2026-05-04,2026-05-22,Live Virtual,False,True
U05855,Retail Banking,Associate,Canada - West,Individual Contributor,2017-01-05,2026-04-12,4,2026-04-10,,Self-Paced eLearning,False,True
U05856,Wealth Management,Analyst,Europe,Individual Contributor,2017-03-09,2026-02-10,2,2026-02-09,2026-02-15,In-Person Workshop,False,True
U05857,Commercial Banking,Associate,Canada - East,Individual Contributor,2017-02-26,2026-01-16,1,2026-01-11,2026-01-15,Live Virtual,,True
U05858,Technology,Developer,Europe,Individual Contributor,2019-02-04,2026-01-10,1,2026-01-10,2026-01-13,Self-Paced eLearning,False,True
U05859,Technology,Manager,Canada - West,People Manager,2020-03-09,2026-04-04,4,2026-04-04,2026-04-22,Manager-Led Briefing,True,True
U05860,Retail Banking,Analyst,Canada - West,Individual Contributor,2018-01-24,2026-02-19,2,2026-02-17,,In-Person Workshop,False,True
U05861,Commercial Banking,Relationship Manager,Canada - West,Individual Contributor,2018-11-08,2026-05-17,5,2026-05-10,,Self-Paced eLearning,False,True
U05862,Retail Banking,Analyst,Canada - West,Individual Contributor,2016-04-30,2026-06-09,6,2026-06-02,2026-06-09,In-Person Workshop,False,True
U05863,Commercial Banking,Associate,Canada - West,Individual Contributor,2016-09-09,2026-01-26,1,2026-01-23,2026-02-02,Self-Paced eLearning,False,True
U05864,Capital Markets,Associate,Europe,Individual Contributor,2024-03-26,2026-05-26,6,2026-05-25,,Live Virtual,False,True
U05865,Commercial Banking,Relationship Manager,Canada - East,Individual Contributor,2020-09-25,2026-01-07,1,2026-01-07,2026-01-26,Self-Paced eLearning,False,True
U05866,Operations,Operations Specialist,US - Northeast,Individual Contributor,2023-02-01,2026-06-14,6,2026-06-07,2026-06-11,Live Virtual,False,True
U05867,Wealth Management,Relationship Manager,Canada - East,Individual Contributor,2025-12-02,2026-05-24,5,2026-05-20,2026-06-08,Live Virtual,False,True
U05868,Capital Markets,Manager,US - Northeast,People Manager,2024-12-11,2026-05-10,5,2026-05-07,2026-05-27,Live Virtual,False,True
U05869,Retail Banking,Associate,Canada - East,Individual Contributor,2020-12-11,2026-03-07,3,2026-03-04,2026-03-23,Manager-Led Briefing,,True
U05870,Retail Banking,Relationship Manager,APAC,Individual Contributor,2019-07-27,2026-04-15,4,2026-04-10,2026-04-28,In-Person Workshop,False,False
U05871,Commercial Banking,Associate,Canada - West,Individual Contributor,2016-07-02,2026-05-20,5,2026-05-17,,Manager-Led Briefing,False,True
U05872,Operations,Operations Specialist,US - Midwest,Individual Contributor,2025-03-08,2026-03-20,3,2026-03-19,2026-03-28,Live Virtual,False,True
U05873,Retail Banking,Relationship Manager,US - Northeast,Individual Contributor,2022-12-24,2026-03-27,3,2026-03-25,2026-04-01,In-Person Workshop,False,False
U05874,Retail Banking,Relationship Manager,Canada - West,Individual Contributor,2019-09-12,2026-06-12,6,2026-06-08,2026-06-21,Self-Paced eLearning,False,True
U05875,Retail Banking,Relationship Manager,APAC,Individual Contributor,2023-01-02,2026-04-22,4,2026-04-20,2026-04-29,Live Virtual,False,True
U05876,Technology,Developer,US - Northeast,Individual Contributor,2018-01-27,2026-01-10,1,2026-01-08,2026-01-13,Live Virtual,True,True
U05877,Commercial Banking,Associate,Canada - East,Individual Contributor,2024-07-07,2026-04-11,4,2026-04-10,2026-04-23,Manager-Led Briefing,False,True
U05878,Retail Banking,Director,Canada - West,Senior Leader,2019-07-07,2026-02-25,2,2026-02-21,2026-03-10,In-Person Workshop,False,True
U05879,Capital Markets,Associate,APAC,Individual Contributor,2025-10-28,2026-03-12,3,2026-03-12,,In-Person Workshop,False,True
U05880,Operations,Analyst,US - Midwest,Individual Contributor,2024-10-01,2026-03-15,3,2026-03-09,,Live Virtual,True,True
U05881,Operations,Operations Specialist,Canada - East,Individual Contributor,2022-12-08,2026-05-07,5,2026-05-03,2026-05-09,Manager-Led Briefing,False,True
U05882,Retail Banking,Associate,Canada - West,Individual Contributor,2020-01-07,2026-05-20,5,2026-05-13,,Self-Paced eLearning,False,True
U05883,Wealth Management,Analyst,Canada - East,Individual Contributor,2019-01-16,2026-02-09,2,2026-02-04,2026-02-16,Self-Paced eLearning,False,True
U05884,Corporate Functions,Director,Canada - East,Senior Leader,2024-06-10,2026-03-04,3,2026-03-01,2026-03-14,Manager-Led Briefing,False,True
U05885,Technology,Analyst,Canada - East,Individual Contributor,2024-07-05,2026-01-28,1,2026-01-25,2026-01-30,In-Person Workshop,False,True
U05886,Retail Banking,Manager,US - Midwest,People Manager,2025-08-10,2026-05-18,5,2026-05-13,2026-05-22,Live Virtual,False,True
U05887,Retail Banking,Associate,Canada - West,Individual Contributor,2016-01-18,2026-01-05,1,2026-01-04,,Self-Paced eLearning,False,True
U05888,Retail Banking,Associate,US - Northeast,Individual Contributor,2016-03-24,2026-02-02,2,2026-01-31,2026-02-12,Self-Paced eLearning,False,True
U05889,Wealth Management,Associate,Canada - West,Individual Contributor,2018-06-18,2026-03-16,3,2026-03-12,2026-04-02,Live Virtual,False,True
U05890,Retail Banking,Manager,Canada - West,People Manager,2019-01-17,2026-05-02,5,2026-04-26,2026-05-10,Self-Paced eLearning,False,True
U05891,Corporate Functions,Associate,US - Northeast,Individual Contributor,2017-10-08,2026-06-15,6,2026-06-13,2026-06-18,Live Virtual,False,True
U05892,Commercial Banking,Relationship Manager,US - Northeast,Individual Contributor,2024-07-07,2026-02-25,2,2026-02-19,2026-02-28,Live Virtual,True,True
U05893,Technology,Analyst,US - Northeast,Individual Contributor,2019-11-07,2026-02-11,2,2026-02-04,2026-02-08,Self-Paced eLearning,False,True
U05894,Wealth Management,Associate,US - Northeast,Individual Contributor,2016-10-08,2026-04-08,4,2026-04-04,2026-04-17,Self-Paced eLearning,False,True
U05895,Retail Banking,Associate,US - Northeast,Individual Contributor,2024-07-27,2026-04-16,4,2026-04-15,2026-05-05,Self-Paced eLearning,False,True
U05896,Capital Markets,Analyst,Canada - East,Individual Contributor,2016-09-09,2026-01-31,1,2026-01-29,2026-02-03,Manager-Led Briefing,True,True
U05897,Retail Banking,Analyst,Canada - East,Individual Contributor,2025-06-11,2026-03-01,2,2026-02-24,2026-03-06,Live Virtual,False,True
U05898,Wealth Management,Associate,Canada - West,Individual Contributor,2022-12-08,2026-03-15,3,2026-03-09,2026-03-12,Self-Paced eLearning,False,True
U05899,Technology,Developer,US - Northeast,Individual Contributor,2018-12-09,2026-02-08,2,2026-02-04,2026-02-18,Live Virtual,True,True
U05900,Retail Banking,Analyst,US - Northeast,Individual Contributor,2025-05-31,2026-03-14,3,2026-03-12,,Self-Paced eLearning,True,True
U05901,Wealth Management,Director,Canada - West,Senior Leader,2023-04-23,2026-05-21,5,2026-05-15,2026-06-05,Live Virtual,False,True
U05902,Retail Banking,Analyst,Canada - West,Individual Contributor,2018-09-23,2026-04-08,4,2026-04-03,2026-04-09,Self-Paced eLearning,True,True
U05903,Retail Banking,Relationship Manager,Canada - West,Individual Contributor,2019-03-08,2026-02-27,2,2026-02-21,,Live Virtual,False,True
U05904,Wealth Management,Analyst,Canada - East,Individual Contributor,2022-06-05,2026-02-25,2,2026-02-20,2026-03-05,Self-Paced eLearning,False,True
U05905,Technology,Director,Canada - East,Senior Leader,2017-04-13,2026-02-06,2,2026-01-31,2026-02-10,In-Person Workshop,False,True
U05906,Risk and Compliance,Director,US - Midwest,Senior Leader,2017-05-28,2026-03-11,3,2026-03-09,2026-03-28,Live Virtual,True,True
U05907,Commercial Banking,Manager,US - Midwest,People Manager,2023-12-27,2026-03-25,3,2026-03-18,2026-03-26,Live Virtual,False,True
U05908,Commercial Banking,Relationship Manager,Canada - East,Individual Contributor,2018-02-14,2026-02-26,2,2026-02-24,,Live Virtual,True,True
U05909,Operations,Associate,Canada - East,Individual Contributor,2021-09-02,2026-02-20,2,2026-02-18,,Self-Paced eLearning,False,True
U05910,Retail Banking,Relationship Manager,US - Northeast,Individual Contributor,2025-09-12,2026-05-30,6,2026-05-29,,Live Virtual,False,True
U05911,Corporate Functions,Associate,Canada - West,Individual Contributor,2019-08-28,2026-03-18,3,2026-03-14,,Self-Paced eLearning,False,True
U05912,Retail Banking,Analyst,Canada - West,Individual Contributor,2024-04-19,2026-02-20,2,2026-02-14,,Self-Paced eLearning,False,True
U05913,Technology,Manager,Canada - West,People Manager,2018-06-26,2026-02-24,2,2026-02-23,2026-03-13,Self-Paced eLearning,False,True
U05914,Retail Banking,Relationship Manager,US - Midwest,Individual Contributor,2024-11-17,2026-02-05,2,2026-02-01,,Self-Paced eLearning,False,True
U05915,Retail Banking,Analyst,Canada - East,Individual Contributor,2018-05-22,2026-01-29,1,2026-01-22,,Self-Paced eLearning,False,True
U05916,Commercial Banking,Manager,Canada - East,People Manager,2020-08-15,2026-03-25,3,2026-03-25,2026-03-28,Live Virtual,False,True
U05917,Wealth Management,Relationship Manager,Canada - East,Individual Contributor,2016-12-23,2026-05-24,5,2026-05-23,,Live Virtual,False,True
U05918,Capital Markets,Associate,US - Midwest,Individual Contributor,2017-07-25,2026-04-19,4,2026-04-15,2026-04-25,Live Virtual,False,True
U05919,Risk and Compliance,Risk Analyst,Europe,Individual Contributor,2024-12-29,2026-02-11,2,2026-02-09,2026-02-19,Manager-Led Briefing,True,True
U05920,Operations,Operations Specialist,Europe,Individual Contributor,2024-08-05,2026-01-13,1,2026-01-10,2026-01-28,Self-Paced eLearning,False,True
U05921,Technology,Analyst,Europe,Individual Contributor,2025-06-11,2026-01-15,1,2026-01-13,2026-02-03,Self-Paced eLearning,False,True
U05922,Retail Banking,Associate,Canada - West,Individual Contributor,2020-01-30,2026-06-16,6,2026-06-10,,Manager-Led Briefing,False,True
U05923,Capital Markets,Analyst,US - Northeast,Individual Contributor,2016-10-31,2026-01-10,1,2026-01-05,2026-01-26,Manager-Led Briefing,False,True
U05924,Operations,Analyst,Europe,Individual Contributor,2025-06-17,2026-02-16,2,2026-02-12,,In-Person Workshop,False,True
U05925,Technology,Manager,Canada - East,People Manager,2025-03-23,2026-01-30,1,2026-01-23,2026-01-26,Live Virtual,False,True
U05926,Retail Banking,Relationship Manager,Canada - West,Individual Contributor,2018-02-08,2026-05-13,5,2026-05-12,,In-Person Workshop,False,True
U05927,Wealth Management,Relationship Manager,Canada - West,Individual Contributor,2021-05-15,2026-04-30,5,2026-04-26,2026-05-04,Self-Paced eLearning,False,True
U05928,Wealth Management,Analyst,Canada - West,Individual Contributor,2019-04-21,2026-03-21,3,2026-03-16,,Live Virtual,False,True
U05929,Risk and Compliance,Director,Canada - East,Senior Leader,2025-01-24,2026-05-24,5,2026-05-17,2026-06-02,In-Person Workshop,False,True
U05930,Retail Banking,Analyst,US - Northeast,Individual Contributor,2018-07-12,2026-06-08,6,2026-06-07,,Self-Paced eLearning,False,True
U05931,Corporate Functions,Associate,Canada - West,Individual Contributor,2024-11-25,2026-05-26,6,2026-05-25,,In-Person Workshop,False,True
U05932,Retail Banking,Analyst,US - Northeast,Individual Contributor,2016-11-23,2026-02-25,2,2026-02-20,,Live Virtual,False,True
U05933,Operations,Operations Specialist,Canada - West,Individual Contributor,2016-11-24,2026-01-14,1,2026-01-14,2026-01-24,Manager-Led Briefing,False,True
U05934,Retail Banking,Analyst,Canada - East,Individual Contributor,2020-07-29,2026-04-14,4,2026-04-08,2026-04-22,Self-Paced eLearning,False,True
U05935,Retail Banking,Associate,Canada - East,Individual Contributor,2024-01-12,2026-06-19,6,2026-06-13,,Live Virtual,True,True
U05936,Technology,Manager,APAC,People Manager,2023-03-25,2026-01-20,1,2026-01-17,2026-02-01,Self-Paced eLearning,False,True
U05937,Retail Banking,Analyst,Canada - East,Individual Contributor,2018-07-21,2026-05-02,5,2026-04-29,,In-Person Workshop,False,True
U05938,Operations,Director,Canada - East,Senior Leader,2016-08-11,2026-03-20,3,2026-03-19,2026-03-28,Self-Paced eLearning,False,True
U05939,Commercial Banking,Analyst,Canada - West,Individual Contributor,2017-04-23,2026-01-09,1,2026-01-09,2026-01-30,Self-Paced eLearning,False,True
U05940,Wealth Management,Manager,Canada - East,People Manager,2025-03-22,2026-03-14,3,2026-03-07,2026-03-20,Self-Paced eLearning,False,True
U05941,Commercial Banking,Relationship Manager,APAC,Individual Contributor,2016-11-04,2026-04-18,4,2026-04-17,2026-05-05,Self-Paced eLearning,False,True
U05942,Commercial Banking,Analyst,Canada - East,Individual Contributor,2022-03-23,2026-02-26,2,2026-02-23,2026-03-15,In-Person Workshop,False,True
U05943,Retail Banking,Associate,US - Northeast,Individual Contributor,2016-01-31,2026-03-07,3,2026-03-04,2026-03-12,Live Virtual,False,True
U05944,Wealth Management,Manager,US - Midwest,People Manager,2020-07-01,2026-04-14,4,2026-04-13,,Self-Paced eLearning,False,True
U05945,Retail Banking,Relationship Manager,Canada - East,Individual Contributor,2018-08-13,2026-01-20,1,2026-01-13,,Self-Paced eLearning,True,True
U05946,Retail Banking,Analyst,Canada - East,Individual Contributor,2017-07-14,2026-03-04,3,2026-03-03,2026-03-23,In-Person Workshop,False,True
U05947,Retail Banking,Associate,Canada - West,Individual Contributor,2021-05-07,2026-05-04,5,2026-05-02,2026-05-12,Self-Paced eLearning,False,True
U05948,Commercial Banking,Analyst,Canada - East,Individual Contributor,2021-09-09,2026-03-07,3,2026-03-02,2026-03-16,In-Person Workshop,False,True
U05949,Operations,Analyst,Canada - West,Individual Contributor,2020-10-17,2026-02-06,2,2026-02-01,2026-02-10,Live Virtual,True,True
U05950,Commercial Banking,Manager,Canada - East,People Manager,2016-11-17,2026-05-31,6,2026-05-30,2026-06-19,In-Person Workshop,False,True
U05951,Operations,Operations Specialist,Canada - East,Individual Contributor,2017-10-05,2026-01-26,1,2026-01-22,,Live Virtual,False,True
U05952,Operations,Analyst,Canada - East,Individual Contributor,2019-06-06,2026-03-17,3,2026-03-17,2026-03-30,Live Virtual,False,True
U05953,Operations,Analyst,APAC,Individual Contributor,2020-05-24,2026-03-13,3,2026-03-11,2026-04-01,Self-Paced eLearning,False,True
U05954,Retail Banking,Relationship Manager,US - Northeast,Individual Contributor,2022-06-16,2026-05-27,6,2026-05-24,,Self-Paced eLearning,False,True
U05955,Operations,Operations Specialist,APAC,Individual Contributor,2022-05-09,2026-03-15,3,2026-03-08,,In-Person Workshop,False,True
U05956,Commercial Banking,Associate,APAC,Individual Contributor,2019-03-12,2026-03-06,3,2026-03-02,,Self-Paced eLearning,False,True
U05957,Technology,Analyst,Canada - West,Individual Contributor,2019-05-26,2026-02-24,2,2026-02-20,2026-03-13,Self-Paced eLearning,False,True
U05958,Retail Banking,Relationship Manager,Canada - East,Individual Contributor,2022-10-11,2026-03-26,3,2026-03-24,,Self-Paced eLearning,False,True
U05959,Commercial Banking,Analyst,US - Midwest,Individual Contributor,2022-09-25,2026-02-14,2,2026-02-07,,In-Person Workshop,False,True
U05960,Operations,Analyst,US - Midwest,Individual Contributor,2016-11-11,2026-04-01,4,2026-03-29,,Self-Paced eLearning,False,False
U05961,Retail Banking,Analyst,US - Northeast,Individual Contributor,2019-03-18,2026-04-26,4,2026-04-24,2026-04-27,Self-Paced eLearning,False,True
U05962,Retail Banking,Relationship Manager,Canada - East,Individual Contributor,2021-02-04,2026-02-05,2,2026-01-29,2026-02-11,Self-Paced eLearning,False,True
U05963,Technology,Developer,US - Northeast,Individual Contributor,2020-07-01,2026-01-14,1,2026-01-10,2026-01-30,Live Virtual,False,False
U05964,Operations,Associate,US - Midwest,Individual Contributor,2021-03-03,2026-05-24,5,2026-05-18,,Self-Paced eLearning,True,True
U05965,Commercial Banking,Director,US - Midwest,Senior Leader,2020-05-23,2026-04-10,4,2026-04-09,2026-04-28,Live Virtual,False,True
U05966,Retail Banking,Associate,US - Northeast,Individual Contributor,2024-02-13,2026-06-02,6,2026-05-30,2026-06-04,In-Person Workshop,False,True
U05967,Capital Markets,Analyst,US - Northeast,Individual Contributor,2016-04-18,2026-04-22,4,2026-04-21,,Live Virtual,True,True
U05968,Operations,Manager,Europe,People Manager,2025-07-07,2026-06-18,6,2026-06-18,,Manager-Led Briefing,False,True
U05969,Commercial Banking,Relationship Manager,Europe,Individual Contributor,2024-12-08,2026-03-25,3,2026-03-25,2026-04-13,Self-Paced eLearning,False,True
U05970,Wealth Management,Analyst,Canada - East,Individual Contributor,2023-03-25,2026-02-26,2,2026-02-19,2026-03-07,Live Virtual,True,True
U05971,Operations,Operations Specialist,Canada - East,Individual Contributor,2017-02-22,2026-03-23,3,2026-03-17,,Manager-Led Briefing,False,False
U05972,Retail Banking,Relationship Manager,Canada - East,Individual Contributor,2018-10-06,2026-02-07,2,2026-02-03,2026-02-15,Live Virtual,False,True
U05973,Technology,Developer,APAC,Individual Contributor,2016-04-13,2026-01-05,1,2026-01-03,2026-01-20,Live Virtual,False,True
U05974,Corporate Functions,Manager,US - Northeast,People Manager,2016-02-15,2026-02-28,2,2026-02-24,2026-03-11,Manager-Led Briefing,False,True
U05975,Corporate Functions,Manager,Canada - West,People Manager,2024-11-03,2026-04-09,4,2026-04-08,2026-04-15,Live Virtual,True,True
U05976,Retail Banking,Analyst,US - Midwest,Individual Contributor,2016-05-24,,2,2026-02-01,,Live Virtual,True,False
U05977,Capital Markets,Analyst,Canada - East,Individual Contributor,2022-11-27,2026-04-21,4,2026-04-14,,Live Virtual,False,True
U05978,Operations,Analyst,Canada - East,Individual Contributor,2020-05-03,2026-02-20,2,2026-02-16,2026-02-25,Manager-Led Briefing,True,True
U05979,Retail Banking,Analyst,Canada - West,Individual Contributor,2024-03-01,2026-05-05,5,2026-05-05,2026-05-09,Self-Paced eLearning,False,True
U05980,Commercial Banking,Relationship Manager,US - Northeast,Individual Contributor,2019-09-07,2026-04-09,4,2026-04-02,2026-04-18,In-Person Workshop,True,True
U05981,Technology,Manager,US - Northeast,People Manager,2021-05-04,2026-04-21,4,2026-04-16,2026-04-30,Live Virtual,False,True
U05982,Technology,Developer,US - Northeast,Individual Contributor,2024-05-25,2026-01-10,1,2026-01-06,2026-01-19,Self-Paced eLearning,False,True
U05983,Wealth Management,Director,US - Midwest,Senior Leader,2020-06-24,2026-02-22,2,2026-02-16,,Live Virtual,False,True
U05984,Operations,Associate,US - Midwest,Individual Contributor,2018-11-11,2026-06-17,6,2026-06-14,2026-06-23,Live Virtual,False,True
U05985,Commercial Banking,Analyst,US - Midwest,Individual Contributor,2018-08-18,2026-03-29,3,2026-03-28,2026-04-05,Manager-Led Briefing,False,True
U05986,Operations,Manager,US - Northeast,People Manager,2023-06-14,2026-06-08,6,2026-06-06,2026-06-23,Self-Paced eLearning,False,True
U05987,Retail Banking,Director,US - Northeast,Senior Leader,2016-07-14,2026-01-21,1,2026-01-17,,Manager-Led Briefing,False,True
U05988,Operations,Operations Specialist,US - Northeast,Individual Contributor,2022-03-07,2026-03-13,3,2026-03-11,2026-03-19,Live Virtual,False,True
U05989,Corporate Functions,Director,Canada - East,Senior Leader,2021-10-03,2026-04-06,4,2026-04-03,,In-Person Workshop,True,True
U05990,Technology,Developer,US - Northeast,Individual Contributor,2024-08-02,2026-01-29,1,2026-01-23,2026-02-11,Live Virtual,True,False
U05991,Retail Banking,Relationship Manager,Canada - West,Individual Contributor,2016-06-25,2026-01-24,1,2026-01-17,,Self-Paced eLearning,False,True
U05992,Commercial Banking,Relationship Manager,Europe,Individual Contributor,2021-01-26,2026-04-25,4,2026-04-21,2026-04-29,Manager-Led Briefing,False,True
U05993,Corporate Functions,Manager,Canada - East,People Manager,2020-03-10,2026-06-01,6,2026-05-31,2026-06-17,In-Person Workshop,False,True
U05994,Risk and Compliance,Risk Analyst,US - Northeast,Individual Contributor,2021-02-18,2026-06-14,6,2026-06-12,,In-Person Workshop,False,True
U05995,Technology,Developer,APAC,Individual Contributor,2017-12-20,2026-01-21,1,2026-01-15,2026-01-27,In-Person Workshop,True,True
U05996,Operations,Operations Specialist,Canada - West,Individual Contributor,2022-05-22,2026-05-19,5,2026-05-17,2026-05-30,Self-Paced eLearning,False,True
U05997,Commercial Banking,Analyst,US - Northeast,Individual Contributor,2025-05-16,2026-02-20,2,2026-02-19,2026-02-22,Manager-Led Briefing,False,True
U05998,Wealth Management,Analyst,Canada - West,Individual Contributor,2020-06-09,2026-01-16,1,2026-01-15,,Manager-Led Briefing,True,True
U05999,Risk and Compliance,Risk Analyst,Canada - West,Individual Contributor,2023-05-30,2026-05-02,5,2026-05-01,2026-05-18,In-Person Workshop,True,True
U06000,Wealth Management,Manager,Canada - West,People Manager,2020-01-22,2026-03-31,4,2026-03-27,2026-04-15,Live Virtual,False,True
